time,Ts,fs,ps0,ps1,ps2,ps3,ps4,ps5,ps6,ps7,front_raw,front_max,front_filtered,front_distance_measurement,left_encoder,right_encoder,delta_left_theta,delta_right_theta,delta_left_s,delta_right_s,delta_s,x_pred,P_pred,K,kalman_estimate,P,obstacle_enter,obstacle_still_near,turning,turn_direction,left_speed,right_speed,decision
0.032,0.032,31.25,63.661986392768526,69.72902373751984,63.764686564764126,68.31835944115898,61.33395877391072,66.76852741590989,71.48557095442982,69.98390175304829,68.7151207094416,71.48557095442982,68.7151207094416,0.10758825278608132,2413.12768,2443.96876,0.0,0.0,0.0,0.0,0.0,0.10758825278608132,0.01,0.0,0.10758825278608132,0.01,False,False,False,turn_left,3.0,3.0,forward
0.064,0.032,31.25,67.79212422639874,68.71471178911493,71.72911516248047,70.27284207699638,65.12323371561816,70.23625733432512,69.9682797330093,67.0684301241127,68.38588646815892,69.9682797330093,68.64927386118507,0.10763591092238683,2413.22188,2444.06924,0.09420000000000073,0.10047999999960666,0.001931100000000015,0.002059839999991937,0.001995469999995976,0.10559278278608535,0.0105,0.8076923076923077,0.10724300166540578,0.0020192307692307693,False,False,False,turn_left,3.0,3.0,forward
0.096,0.032,31.25,69.65102445933502,66.59716278911816,62.72145560694713,66.81719804950698,67.91515692747836,69.74630043932844,65.80231044871363,65.04791981242943,66.77460437739906,69.65102445933502,68.27433996442787,0.10790808445910817,2413.31608,2444.16344,0.09420000000000073,0.09420000000000073,0.001931100000000015,0.001931100000000015,0.001931100000000015,0.10531190166540576,0.0025192307692307693,0.5019157088122606,0.1066149665925131,0.0012547892720306513,False,False,False,turn_left,3.0,3.0,forward
0.128,0.032,31.25,62.822918280007435,67.04181261225409,64.97159379863234,67.4289619275618,64.47864997406009,63.38677652571192,68.08024756492544,70.8050159716955,67.18749860722062,70.8050159716955,68.05697169298642,0.10806650856791726,2413.41656,2444.25764,0.10048000000006141,0.09420000000000073,0.002059840000001259,0.001931100000000015,0.0019954700000006367,0.10461949659251246,0.0017547892720306513,0.4124268347591175,0.10604113683090544,0.0010310670868977937,False,False,False,turn_left,3.0,3.0,forward
0.16,0.032,31.25,72.76020843703861,68.85290062479334,63.73115423201242,66.48059923421282,66.5327113795977,64.20646442918029,74.82776379635463,64.9405119371097,70.34534619882407,74.82776379635463,68.51464659415396,0.10773348196237648,2413.51076,2444.35812,0.09420000000000073,0.10048000000006141,0.001931100000000015,0.002059840000001259,0.0019954700000006367,0.1040456668309048,0.0015310670868977938,0.379816821177259,0.10544636105122977,0.0009495420529431475,False,False,False,turn_left,3.0,3.0,forward
0.192,0.032,31.25,66.83767316804558,60.77796243616181,57.39907490458216,68.63013710310624,58.89512668185592,69.27001688675018,71.09819316326478,59.88680879021298,64.65015938942129,71.09819316326478,67.74174915320742,0.1082970798146439,2413.60496,2444.45232,0.09420000000000073,0.09420000000000073,0.001931100000000015,0.001931100000000015,0.001931100000000015,0.10351526105122975,0.0014495420529431475,0.3670152218946416,0.10527026132574416,0.0009175380547366039,False,False,False,turn_left,3.0,3.0,forward
0.224,0.032,31.25,67.05578931199047,72.75844863056024,71.89432167303846,65.89048608150355,61.55329742905028,67.64144326000265,67.55304238632345,64.9923054327153,68.08989644039737,72.75844863056024,67.81137861064542,0.10824606434492504,2413.69916,2444.54652,0.09420000000000073,0.09420000000000073,0.001931100000000015,0.001931100000000015,0.001931100000000015,0.10333916132574414,0.001417538054736604,0.36184410589775684,0.10511469526144665,0.000904610264744392,False,False,False,turn_left,3.0,3.0,forward
0.256,0.032,31.25,71.16212433205023,66.8273302930709,67.12673896939106,66.32599338023135,65.57367933306284,54.66788724248961,64.85075973104982,72.53495022642717,68.84379114564953,72.53495022642717,68.01786111764625,0.10809506284706427,2413.79964,2444.64072,0.10048000000006141,0.09420000000000073,0.002059840000001259,0.001931100000000015,0.0019954700000006367,0.10311922526144601,0.001404610264744392,0.3597312329547805,0.10490918945110321,0.0008993280823869511,False,True,False,turn_left,3.0,3.0,forward
0.28800000000000003,0.032,31.25,70.14256897284444,69.06712798467719,61.35353119302679,69.8331272980764,65.33383297651572,64.64161959475977,71.60147956838499,68.78820378143172,69.89984507683458,71.60147956838499,68.39425790948391,0.10782088353957418,2413.89384,2444.7412,0.09420000000000073,0.10048000000006141,0.001931100000000015,0.002059840000001259,0.0019954700000006367,0.10291371945110257,0.001399328082386951,0.3588638998363945,0.1046747234930286,0.0008971597495909863,False,True,False,turn_left,3.0,3.0,forward
0.32,0.032,31.25,63.284387955928416,63.42266960946911,74.12034531958615,68.4568694730388,66.61464121437402,70.78224464206129,68.14640803173114,63.746205481911275,64.64991776975998,68.14640803173114,67.64538988153913,0.10836775880938335,2413.98804,2444.8354,0.09420000000000073,0.09420000000000073,0.001931100000000015,0.001931100000000015,0.001931100000000015,0.10274362349302858,0.0013971597495909863,0.35850717942409743,0.10475991638199439,0.0008962679485602434,False,True,False,turn_left,3.0,3.0,forward
0.352,0.032,31.25,68.09786643640629,69.4194044118152,69.67955265263906,65.876334691924,73.48717565907434,65.62216648323336,66.45167333172259,66.56417159222529,67.63327894304234,69.4194044118152,67.64296769383978,0.10836953665939879,2414.08852,2444.9296,0.10047999999960666,0.09420000000000073,0.002059839999991937,0.001931100000000015,0.001995469999995976,0.10276444638199841,0.0013962679485602435,0.3583603507238754,0.1047730884996466,0.0008959008768096886,False,True,False,turn_left,3.0,3.0,forward
0.384,0.032,31.25,68.15500764082111,66.60973873555463,60.3387528670366,64.81628776062458,67.73475469462775,66.99590158750681,67.1129761903214,73.45421843247843,68.8329852497939,73.45421843247843,67.8809712050306,0.10819512388660668,2414.18272,2445.03008,0.09420000000000073,0.10048000000006141,0.001931100000000015,0.002059840000001259,0.0019954700000006367,0.10277761849964596,0.0013959008768096885,0.35829989544107105,0.10471871011334542,0.0008957497386026778,False,True,False,turn_left,3.0,3.0,forward
0.41600000000000004,0.032,31.25,66.61884897556057,68.6791909262602,62.182255119418606,61.45962502793987,67.8788553899973,72.35805931929366,67.5776076592859,68.48916154555997,67.84120227666666,68.6791909262602,67.87301741935782,0.10820094347993921,2414.27692,2445.12428,0.09420000000000073,0.09420000000000073,0.001931100000000015,0.001931100000000015,0.001931100000000015,0.1027876101133454,0.0013957497386026777,0.35827500025792297,0.10472707212665802,0.0008956875006448074,False,True,False,turn_left,3.0,3.0,forward
0.448,0.032,31.25,69.8089163927495,65.16600472560347,66.02356361090541,71.23676795223558,65.37089541997756,70.9666572520742,70.7336362441394,69.76329198996213,68.86796233811363,70.7336362441394,68.07200640310899,0.10805553587517307,2414.37112,2445.21848,0.09420000000000073,0.09420000000000073,0.001931100000000015,0.001931100000000015,0.001931100000000015,0.102795972126658,0.0013956875006448074,0.3582647479844817,0.10468028840752806,0.0008956618699612043,False,True,False,turn_left,3.0,3.0,forward
0.48,0.032,31.25,67.51036077066911,67.67297929552656,69.29532875800695,62.06946648486711,66.30708791724884,68.28440776068838,71.3196517196158,65.36160816712817,67.96614998823492,71.3196517196158,68.05083512013418,0.10807098782669466,2414.4716,2445.31268,0.10048000000006141,0.09420000000000073,0.002059840000001259,0.001931100000000015,0.0019954700000006367,0.10268481840752743,0.0013956618699612043,0.3582605258230749,0.10461447029581045,0.0008956513145576873,False,True,False,turn_left,3.0,3.0,forward
0.512,0.032,31.25,72.05570758177198,73.65669671443409,67.12451686069434,63.063389288891486,63.23479131612567,62.727858419068184,67.62864513043988,63.58387453688988,69.23123099088396,73.65669671443409,68.28691429428414,0.10789893414497152,2414.5658,2445.41316,0.09420000000000073,0.10048000000006141,0.001931100000000015,0.002059840000001259,0.0019954700000006367,0.10261900029580981,0.0013956513145576873,0.3582587870075199,0.10451058299209043,0.0008956469675187997,False,True,False,turn_left,3.0,3.0,forward
0.544,0.032,31.25,61.20973534693474,66.10801796624938,69.33403643362249,67.37587211248999,65.98725132236257,69.81161686957132,70.83771848343014,67.34719874909506,66.37566763642732,70.83771848343014,67.90466496271279,0.10817779144446626,2414.66,2445.50736,0.09420000000000073,0.09420000000000073,0.001931100000000015,0.001931100000000015,0.001931100000000015,0.10257948299209041,0.0013956469675187998,0.35825807090720796,0.1045851221785821,0.0008956451772680199,False,True,False,turn_left,3.0,3.0,forward
0.5760000000000001,0.032,31.25,62.09980496563806,67.02902438839966,63.97857443854257,62.7770968956903,67.2133859354629,69.30811227741329,67.90401761869366,67.00608341256661,66.0097325963245,67.90401761869366,67.52567848943514,0.10845569506156055,2414.7542,2445.60156,0.09420000000000073,0.09420000000000073,0.001931100000000015,0.001931100000000015,0.001931100000000015,0.10265402217858208,0.0013956451772680198,0.3582577759935449,0.10473251660268,0.0008956444399838623,False,True,False,turn_left,3.0,3.0,forward
0.608,0.032,31.25,67.68560293462238,68.84568910579472,67.93551449444392,68.93266534337046,60.30423657014282,66.03006092252974,66.10870635596162,64.65618201947163,66.82404510396259,68.84568910579472,67.38535181234063,0.10855895652623679,2414.85468,2445.69576,0.10048000000006141,0.09420000000000073,0.002059840000001259,0.001931100000000015,0.0019954700000006367,0.10273704660267936,0.0013956444399838624,0.35825765453831915,0.10482279039682642,0.000895644136345798,False,True,False,turn_left,3.0,3.0,forward
0.64,0.032,31.25,63.67526268489749,67.28680962369769,65.77056237111917,69.24433567175825,65.75628917288054,69.95946624903753,66.85984260952141,70.41759489663002,67.05987745368665,70.41759489663002,67.32025694060984,0.10860692434476397,2414.94888,2445.79624,0.09420000000000073,0.10048000000006141,0.001931100000000015,0.002059840000001259,0.0019954700000006367,0.10282732039682578,0.001395644136345798,0.3582576045190164,0.10489790746228277,0.0008956440112975408,False,True,False,turn_left,3.0,3.0,forward
0.672,0.032,31.25,67.98643925551187,103.86449858014392,62.879301611515196,62.22424815227174,69.92697390725652,57.99336251098871,64.40344410122741,65.15718145869552,75.35289084889467,103.86449858014392,68.9267837222668,0.10743534238836691,2415.04308,2445.89044,0.09420000000000073,0.09420000000000073,0.001931100000000015,0.001931100000000015,0.001931100000000015,0.10296680746228275,0.0013956440112975407,0.35825758391940105,0.10456769398856113,0.0008956439597985025,False,True,False,turn_left,3.0,3.0,forward
0.704,0.032,31.25,67.5216815757565,111.17194398482451,68.00210673660054,67.16666388645595,66.7193409479038,66.48074128735796,65.89950953293825,68.8061899604429,78.34983126349054,111.17194398482451,70.81139323051156,0.10609278024203642,2415.14356,2445.98464,0.10048000000006141,0.09420000000000073,0.002059840000001259,0.001931100000000015,0.0019954700000006367,0.10257222398856049,0.0013956439597985026,0.3582575754357928,0.10383348993611609,0.000895643938589482,False,True,False,turn_left,3.0,3.0,forward
0.736,0.032,31.25,63.59491020911424,111.924585798621,62.48480808713583,67.76150680946114,65.90611952637524,70.07303290827403,66.8569798510185,71.37169846118785,78.4370435799854,111.924585798621,72.33652330040633,0.10503062334203425,2415.23776,2446.08512,0.09420000000000073,0.10048000000006141,0.001931100000000015,0.002059840000001259,0.0019954700000006367,0.10183801993611545,0.001395643938589482,0.35825757194196006,0.10298179428049355,0.0008956439298549001,False,True,False,turn_left,3.0,3.0,forward
0.768,0.032,31.25,70.30293326684695,114.94258702654291,72.24533433367228,68.83517578254886,67.59186521978165,63.78834611737698,63.18959349112682,59.7798550276289,77.05374220303639,114.94258702654291,73.27996708093235,0.10438415602967833,2415.33196,2446.17932,0.09420000000000073,0.09420000000000073,0.001931100000000015,0.001931100000000015,0.001931100000000015,0.10105069428049353,0.0013956439298549001,0.3582575705030832,0.10224493218812143,0.000895643926257708,False,True,False,turn_left,3.0,3.0,forward
0.8,0.032,31.25,61.13992342024029,124.25707776710802,66.4682076704985,73.18001375996928,66.32879368162986,64.54200724186639,71.64057179342885,67.00692401750649,81.01112424957091,124.25707776710802,74.82619851466006,0.10334168347151534,2415.42616,2446.27352,0.09420000000000073,0.09420000000000073,0.001931100000000015,0.001931100000000015,0.001931100000000015,0.10031383218812141,0.001395643926257708,0.3582575699105057,0.10139858283096052,0.0008956439247762645,True,True,True,turn_left,-2.5,2.5,start_turn_left
0.8320000000000001,0.032,31.25,61.60455394270448,104.58733864466556,70.11542486395969,64.93063205367022,64.93473809872776,69.84891334879892,67.2797762737595,71.0005288591915,76.11804943008026,104.58733864466556,75.0845686977441,0.10316951669887671,2415.3508,2446.35516,-0.07535999999981868,0.08163999999987936,-0.0015448799999962831,0.001673619999997527,6.437000000062191e-05,0.1013342128309599,0.0013956439247762645,0.3582575696664626,0.10199172433427924,0.0008956439241661566,False,True,True,turn_left,-2.5,2.5,turning_left
0.864,0.032,31.25,71.00232970353942,93.70547747805945,69.04923747046836,66.13298915438094,65.1814748731116,68.78600714611939,64.51813511627343,64.19443077571722,73.35509326839738,93.70547747805945,74.73867361187476,0.10340013667256967,2415.26916,2446.4368,-0.08164000000033411,0.08163999999987936,-0.0016736200000068494,0.001673619999997527,-4.661201979949681e-15,0.1019917243342839,0.0013956439241661566,0.3582575695659575,0.10249629871554486,0.0008956439239148937,False,True,True,turn_left,-2.5,2.5,turning_left
0.896,0.032,31.25,66.0489140725588,69.5200391717406,64.08473507772814,67.37941858184395,66.58705531443566,64.00172385323336,68.43477205938383,61.02928552364988,66.25825270683328,69.5200391717406,73.04258943086647,0.10454606171720349,2415.18752,2446.51216,-0.08163999999987936,0.07536000000027343,-0.001673619999997527,0.0015448800000056053,-6.436999999596081e-05,0.10256066871554081,0.0013956439239148936,0.3582575695245661,0.10327195078686757,0.0008956439238114154,False,True,True,turn_left,-2.5,2.5,turning_left
0.928,0.032,31.25,68.19446888992493,62.73852068767644,64.70579087942907,64.82585171743116,66.5962860543612,69.33000903218414,72.36520865691129,77.66088018593223,70.23976960511122,77.66088018593223,72.48202546571542,0.10493040049233537,2415.10588,2446.5938,-0.08163999999987936,0.08163999999987936,-0.001673619999997527,0.001673619999997527,0.0,0.10327195078686757,0.0013956439238114154,0.35825756950751986,0.10386610294749893,0.0008956439237687995,False,True,True,turn_left,-2.5,2.5,turning_left
0.96,0.032,31.25,67.38995048102235,69.1459437570925,68.03143010633288,73.28201161373205,66.29680865927644,75.05963398062659,72.14225835230866,71.82952717308947,70.12691994087825,72.14225835230866,72.01100436074799,0.10525553769797663,2415.03052,2446.67544,-0.07536000000027343,0.08163999999987936,-0.0015448800000056053,0.001673619999997527,6.436999999596081e-05,0.10380173294750297,0.0013956439237687995,0.3582575695004996,0.10432256950393595,0.0008956439237512489,False,True,True,turn_left,-2.5,2.5,turning_left
0.992,0.032,31.25,70.05887111468668,68.45938644181113,68.10623313004513,69.47435152469842,64.81653064506779,65.84942502023796,67.63386395514527,67.68694847738888,68.45976749725799,70.05887111468668,71.30075698805,0.10574963614533475,2414.94888,2446.7508,-0.08163999999987936,0.07535999999981868,-0.001673619999997527,0.0015448799999962831,-6.437000000062191e-05,0.10438693950393657,0.001395643923751249,0.3582575694976084,0.10487513589064644,0.000895643923744021,False,True,True,turn_left,-2.5,2.5,turning_left
1.024,0.032,31.25,68.26566612316678,63.977090639753634,64.97994650145726,69.80364990706575,68.53292398688916,60.44383629667953,65.40960487042054,71.61977178193285,67.31803335381845,71.61977178193285,70.50421226120369,0.10630931692617092,2414.86724,2446.83244,-0.08163999999987936,0.08164000000033411,-0.001673619999997527,0.0016736200000068494,4.661201979949681e-15,0.10487513589064178,0.001395643923744021,0.3582575694964177,0.1053889421026483,0.0008956439237410444,False,False,False,turn_left,3.0,3.0,resume_forward
1.056,0.032,31.25,61.08304121625122,64.81566347712115,68.83450051222306,67.6713748985976,70.51400804883738,70.53305660734921,71.2331535049418,62.70426522033861,64.95903085466318,71.2331535049418,69.3951759798956,0.10709850498889704,2414.96772,2446.92664,0.10048000000006141,0.09420000000000073,0.002059840000001259,0.001931100000000015,0.0019954700000006367,0.10339347210264767,0.0013956439237410444,0.35825756949592735,0.10472082817937785,0.0008956439237398185,False,True,False,turn_left,3.0,3.0,forward
1.088,0.032,31.25,67.84275555263676,64.9620656935114,66.53523061676134,65.63433757572432,66.25912301548948,65.14656801546887,67.48781510112907,70.89638077656744,67.79725428096117,70.89638077656744,69.07559164010871,0.10732809995231445,2415.06192,2447.02712,0.09420000000000073,0.10048000000006141,0.001931100000000015,0.002059840000001259,0.0019954700000006367,0.10272535817937721,0.0013956439237398184,0.3582575694957254,0.10437432525996615,0.0008956439237393136,False,True,False,turn_left,3.0,3.0,forward
1.12,0.032,31.25,66.70523222625043,69.57860819154764,68.45714000787711,69.18179880543511,72.07228297753755,63.88653603785097,70.21240850830432,68.10650436049521,68.6506883216494,70.21240850830432,68.99061097641686,0.1073893173210262,2415.15612,2447.12132,0.09420000000000073,0.09420000000000073,0.001931100000000015,0.001931100000000015,0.001931100000000015,0.10244322525996613,0.0013956439237393136,0.35825756949564225,0.1042152001802632,0.0008956439237391056,False,True,False,turn_left,3.0,3.0,forward
1.1520000000000001,0.032,31.25,63.93030761970016,67.5460744203481,65.58889202253395,70.75142888342315,65.11530560947352,57.55679739069326,71.66891987614186,72.79515824438434,68.98511504014363,72.79515824438434,68.98951178916222,0.1073901095980628,2415.25032,2447.21552,0.09420000000000073,0.09420000000000073,0.001931100000000015,0.001931100000000015,0.001931100000000015,0.10228410018026318,0.0013956439237391056,0.35825756949560794,0.10411336670410576,0.0008956439237390201,False,True,False,turn_left,3.0,3.0,forward
1.184,0.032,31.25,68.88363469423108,67.96822811360045,59.91759350751059,70.44373551592953,67.7424801385245,61.935876407789614,71.86714751410004,62.97697019426108,67.92399512904817,71.86714751410004,68.77640845713941,0.10754393230704583,2415.3508,2447.316,0.10048000000006141,0.10047999999960666,0.002059840000001259,0.002059839999991937,0.0020598399999965976,0.10205352670410917,0.00139564392373902,0.3582575694955939,0.10402050607096225,0.0008956439237389847,False,True,False,turn_left,3.0,3.0,forward
1.216,0.032,31.25,64.86489478572544,64.37886847464853,95.17243229769423,66.57741822584765,71.62880599330025,62.83843825505532,69.73095253623872,68.41774510566636,66.84811522556976,69.73095253623872,68.39074981082548,0.1078234325279537,2415.445,2447.4102,0.09420000000000073,0.09420000000000073,0.001931100000000015,0.001931100000000015,0.001931100000000015,0.10208940607096223,0.0013956439237389848,0.35825756949558807,0.1041436644528674,0.0008956439237389703,False,True,False,turn_left,3.0,3.0,forward
1.248,0.032,31.25,69.4342126191179,64.21991962298705,114.28368942943357,65.25175123494662,67.80903489616884,75.58882724563257,68.68228232622985,67.71404436049659,67.51261473220785,69.4342126191179,68.21512279510196,0.10795119754492927,2415.5392,2447.5044,0.09420000000000073,0.09420000000000073,0.001931100000000015,0.001931100000000015,0.001931100000000015,0.10221256445286737,0.0013956439237389703,0.3582575694955857,0.1042684731966564,0.0008956439237389643,False,True,False,turn_left,3.0,3.0,forward
1.28,0.032,31.25,67.1313692535349,69.08951836223979,120.90360746843385,62.681070036660934,69.4682444737883,62.994764953048524,75.48248510626301,67.76805542177145,69.8678570359523,75.48248510626301,68.54566964327203,0.10771098234249117,2415.6334,2447.5986,0.09420000000000073,0.09420000000000073,0.001931100000000015,0.001931100000000015,0.001931100000000015,0.10233737319665638,0.0013956439237389645,0.35825756949558474,0.1042625093486624,0.0008956439237389618,False,True,False,turn_left,3.0,3.0,forward
1.312,0.032,31.25,60.621618139376125,66.94680100554386,114.51236961425548,69.19499455455633,62.02708167082245,76.03938583535982,69.9486325112908,61.11794510113439,64.65874918933629,69.9486325112908,67.76828555248488,0.1082776317000515,2415.7338799999998,2447.69908,0.10047999999960666,0.10048000000006141,0.002059839999991937,0.002059840000001259,0.0020598399999965976,0.1022026693486658,0.0013956439237389619,0.3582575694955843,0.10437907059545042,0.0008956439237389608,False,True,False,turn_left,3.0,3.0,forward
1.344,0.032,31.25,64.77210952035684,65.53997936878604,117.5767179728286,72.6940375791872,66.17111906584984,64.48290572699078,69.99155848327658,66.51169494972697,66.7038355805366,69.99155848327658,67.55539555809523,0.10843385251676893,2415.8280799999998,2447.79328,0.09420000000000073,0.09420000000000073,0.001931100000000015,0.001931100000000015,0.001931100000000015,0.1024479705954504,0.0013956439237389608,0.3582575694955841,0.10459245810386954,0.0008956439237389604,False,True,False,turn_left,3.0,3.0,forward
1.3760000000000001,0.032,31.25,70.29119634312704,68.80899272795173,119.48807981785912,67.34808437071285,67.28677266615678,69.73584003581107,67.05759606860664,68.57975809255444,68.68438580805997,70.29119634312704,67.78119360808819,0.10826817411173154,2415.92228,2447.88748,0.09420000000000073,0.09420000000000073,0.001931100000000015,0.001931100000000015,0.001931100000000015,0.10266135810386952,0.0013956439237389606,0.35825756949558407,0.1046700423794551,0.0008956439237389602,False,True,False,turn_left,3.0,3.0,forward
1.408,0.032,31.25,65.15052413343444,66.65324597400127,113.73486834469709,67.94418204503765,62.09191768294429,69.94049752351164,70.270211442569,70.8206671296129,68.2236621699044,70.8206671296129,67.86968732045143,0.10820338021900373,2416.02276,2447.98168,0.10048000000006141,0.09420000000000073,0.002059840000001259,0.001931100000000015,0.0019954700000006367,0.10267457237945446,0.0013956439237389601,0.358257569495584,0.10465530963825952,0.00089564392373896,False,True,False,turn_left,3.0,3.0,forward
1.44,0.032,31.25,68.34520883388896,68.66287926118123,101.78168081489288,63.2628671858288,65.32710422667913,56.08950405865785,70.21637712217183,67.05204824742592,68.56912836616698,70.21637712217183,68.00957552959454,0.10810111401745624,2416.11696,2448.08216,0.09420000000000073,0.10048000000006141,0.001931100000000015,0.002059840000001259,0.0019954700000006367,0.10265983963825888,0.0013956439237389601,0.358257569495584,0.10460921737230872,0.00089564392373896,False,True,False,turn_left,3.0,3.0,forward
1.472,0.032,31.25,68.63351018003742,66.80157636609998,108.98920509543989,67.24734536447393,67.17563779130072,66.70782226324516,71.65718287312501,66.73442120859,68.45667265696311,71.65718287312501,68.09899495506826,0.1080358445704121,2416.21116,2448.17636,0.09420000000000073,0.09420000000000073,0.001931100000000015,0.001931100000000015,0.001931100000000015,0.1026781173723087,0.0013956439237389601,0.358257569495584,0.1045975636963216,0.00089564392373896,False,True,False,turn_left,3.0,3.0,forward
1.504,0.032,31.25,65.1365713039673,68.08960255206075,109.53574530858013,62.233255140879685,69.18939854752217,66.59063429282875,63.703116705044195,64.69402976096212,65.4058300805086,68.08960255206075,67.56036198015633,0.10843020297111805,2416.30536,2448.27056,0.09420000000000073,0.09420000000000073,0.001931100000000015,0.001931100000000015,0.001931100000000015,0.10266646369632158,0.0013956439237389601,0.358257569495584,0.1047313669201164,0.00089564392373896,False,True,False,turn_left,3.0,3.0,forward
1.536,0.032,31.25,62.48991501690449,67.82043577354152,105.97430941359521,69.81582691180765,67.18394327187733,63.899993298387315,70.81674679132945,66.94675070478714,67.01846207164066,70.81674679132945,67.45198199845319,0.10850990121087585,2416.40584,2448.37104,0.10048000000006141,0.10048000000006141,0.002059840000001259,0.002059840000001259,0.002059840000001259,0.10267152692011515,0.0013956439237389601,0.358257569495584,0.10476316870332858,0.00089564392373896,False,True,False,turn_left,3.0,3.0,forward
1.568,0.032,31.25,65.9944812720689,60.02375650040428,97.14417848805414,70.95986332135574,69.3481485108044,68.81013803977399,72.8475265885901,70.22348529640429,67.2723124143669,72.8475265885901,67.41604808163594,0.10853635142314719,2416.50004,2448.46524,0.09420000000000073,0.09420000000000073,0.001931100000000015,0.001931100000000015,0.001931100000000015,0.10283206870332856,0.0013956439237389601,0.358257569495584,0.10487567116624644,0.00089564392373896,False,True,False,turn_left,3.0,3.0,forward
1.6,0.032,31.25,67.60971276276068,68.88603745226729,112.86445905127823,65.343085651339,64.83474407425334,64.03271721709376,67.93802567257471,66.00593063955688,67.60992663178989,68.88603745226729,67.45482379166673,0.10850780997579156,2416.59424,2448.55944,0.09420000000000073,0.09420000000000073,0.001931100000000015,0.001931100000000015,0.001931100000000015,0.10294457116624642,0.0013956439237389601,0.358257569495584,0.10493764358067756,0.00089564392373896,False,True,False,turn_left,3.0,3.0,forward
1.6320000000000001,0.032,31.25,71.37435306265381,70.46145313934758,93.21384488501253,68.31021747182376,72.37499725961365,69.04044910880235,73.19568649565149,65.07857736679142,70.02751751611108,73.19568649565149,67.9693625365556,0.1081304921892005,2416.69472,2448.65364,0.10048000000006141,0.09420000000000073,0.002059840000001259,0.001931100000000015,0.0019954700000006367,0.10294217358067692,0.0013956439237389601,0.358257569495584,0.10480092799513528,0.00089564392373896,False,True,False,turn_left,3.0,3.0,forward
1.6640000000000001,0.032,31.25,61.153708158092876,70.02914755758012,92.59419691774835,70.57090202204975,68.86741852420542,71.6409636971672,71.13809733749356,63.08182565680517,66.35069467749292,71.13809733749356,67.64562896474305,0.10836758332900401,2416.78892,2448.75412,0.09420000000000073,0.10048000000006141,0.001931100000000015,0.002059840000001259,0.0019954700000006367,0.10280545799513464,0.0013956439237389601,0.358257569495584,0.1047981314984765,0.00089564392373896,False,True,False,turn_left,3.0,3.0,forward
1.696,0.032,31.25,70.2062665483798,69.22178520299991,80.27353880625489,56.29603695576607,67.0221934635917,70.65647426571985,75.24642881235398,67.10887273323281,70.44583832424163,75.24642881235398,68.20567083664278,0.10795808223583923,2416.88312,2448.84832,0.09420000000000073,0.09420000000000073,0.001931100000000015,0.001931100000000015,0.001931100000000015,0.10286703149847648,0.0013956439237389601,0.358257569495584,0.10469093896182276,0.00089564392373896,False,True,False,turn_left,3.0,3.0,forward
1.728,0.032,31.25,69.1366384977363,67.9389440568884,74.30440033765144,63.56839898980187,65.9037950116283,68.11827349510001,64.42713139699228,71.51532887478574,68.25451070660068,71.51532887478574,68.21543881063437,0.10795096737825136,2416.97732,2448.94252,0.09420000000000073,0.09420000000000073,0.001931100000000015,0.001931100000000015,0.001931100000000015,0.10275983896182274,0.0013956439237389601,0.358257569495584,0.10461960001123191,0.00089564392373896,False,True,False,turn_left,3.0,3.0,forward
1.76,0.032,31.25,60.904616637598785,62.424796409431096,64.31033178505707,66.07859960281249,69.54090068579498,63.2238058599672,67.87847909753154,67.03607790637399,64.56099251273385,67.87847909753154,67.48454955105427,0.10848594004391851,2417.0778,2449.03672,0.10048000000006141,0.09420000000000073,0.002059840000001259,0.001931100000000015,0.0019954700000006367,0.10262413001123127,0.0013956439237389601,0.358257569495584,0.10472416782638663,0.00089564392373896,False,True,False,turn_left,3.0,3.0,forward
1.792,0.032,31.25,72.45259490509656,63.653753735054835,81.18237357375932,70.08185658575935,70.58127762649228,67.11296046869715,71.312994493237,62.8848646310633,67.57605194111292,72.45259490509656,67.502850029066,0.10847248034086894,2417.172,2449.1372,0.09420000000000073,0.10048000000006141,0.001931100000000015,0.002059840000001259,0.0019954700000006367,0.102728697826386,0.0013956439237389601,0.358257569495584,0.10478645138973589,0.00089564392373896,False,True,False,turn_left,3.0,3.0,forward
1.824,0.032,31.25,68.73590609219423,70.75931004939794,63.95483056952913,80.23126250212363,66.26385052191881,66.32377642536181,67.71128296518671,65.57290647603891,68.19485139570445,70.75931004939794,67.64125030239369,0.10837079723471155,2417.2662,2449.2314,0.09420000000000073,0.09420000000000073,0.001931100000000015,0.001931100000000015,0.001931100000000015,0.10285535138973587,0.0013956439237389601,0.358257569495584,0.10483130161284138,0.00089564392373896,False,True,False,turn_left,3.0,3.0,forward
1.856,0.032,31.25,60.29108144058894,65.24262393575329,66.92486287064956,69.60200805888928,66.79734949288417,66.31780160049924,65.73243171238693,66.63059164575631,64.47418218362137,66.63059164575631,67.00783667863922,0.10883773519486706,2417.3604,2449.3256,0.09420000000000073,0.09420000000000073,0.001931100000000015,0.001931100000000015,0.001931100000000015,0.10290020161284136,0.0013956439237389601,0.358257569495584,0.10502736796273629,0.00089564392373896,False,False,False,turn_left,3.0,3.0,forward
1.8880000000000001,0.032,31.25,75.4279720122619,70.94799503758614,62.2937760112908,69.02948346315296,71.59288471007,72.41873490858967,70.56430725403968,71.96117762388212,72.22536298194245,75.4279720122619,68.05134193929987,0.10807061787092684,2417.46088,2449.42608,0.10048000000006141,0.10048000000006141,0.002059840000001259,0.002059840000001259,0.002059840000001259,0.10296752796273503,0.0013956439237389601,0.358257569495584,0.10479574855016127,0.00089564392373896,False,True,False,turn_left,3.0,3.0,forward
1.92,0.032,31.25,60.268951833539525,64.94076504418291,68.20473492719489,65.52863479497157,64.64478467360772,65.98768439985672,66.01569091757855,71.33692337953762,65.64058279370965,71.33692337953762,67.56919011018184,0.10842371627880913,2417.55508,2449.52028,0.09420000000000073,0.09420000000000073,0.001931100000000015,0.001931100000000015,0.001931100000000015,0.10286464855016125,0.0013956439237389601,0.358257569495584,0.10485622664328798,0.00089564392373896,False,True,False,turn_left,3.0,3.0,forward
1.952,0.032,31.25,61.885831857473555,66.83007372972597,66.73777752416605,64.99979602031999,68.35835465263028,67.77316842902326,66.4244239818531,74.6173265692092,67.43941403456546,74.6173265692092,67.54323489505856,0.10844278974485101,2417.64928,2449.61448,0.09420000000000073,0.09420000000000073,0.001931100000000015,0.001931100000000015,0.001931100000000015,0.10292512664328796,0.0013956439237389601,0.358257569495584,0.1049018712153494,0.00089564392373896,False,True,False,turn_left,3.0,3.0,forward
1.984,0.032,31.25,70.76601770912937,61.350846987048335,66.7528023170123,72.9837479756856,70.87598078705322,72.27052635911721,73.21315056489235,72.23577039255221,69.39144641340556,73.21315056489235,67.91287719872797,0.10817178533078795,2417.74976,2449.70868,0.10048000000006141,0.09420000000000073,0.002059840000001259,0.001931100000000015,0.0019954700000006367,0.10290640121534876,0.0013956439237389601,0.358257569495584,0.10479276493100666,0.00089564392373896,False,True,False,turn_left,3.0,3.0,forward
2.016,0.032,31.25,60.78097719868294,61.83370242741243,73.22750144041524,64.86724428342217,65.07785437665501,62.36613524015855,65.11768848206705,69.71000640987208,64.36059362950863,69.71000640987208,67.2024204848841,0.10869386486510259,2417.84396,2449.80916,0.09420000000000073,0.10047999999960666,0.001931100000000015,0.002059839999991937,0.001995469999995976,0.10279729493101068,0.0013956439237389601,0.358257569495584,0.10490978574395919,0.00089564392373896,False,True,False,turn_left,3.0,3.0,forward
2.048,0.032,31.25,67.37960832659486,65.39611023476327,67.359157308597,66.48914204395744,66.94878966827245,65.39336631259916,60.76912695949774,60.85448232322236,63.599831961019554,67.37960832659486,66.4819027801112,0.10922851011853749,2417.93816,2449.90336,0.09420000000000073,0.09420000000000073,0.001931100000000015,0.001931100000000015,0.001931100000000015,0.10297868574395917,0.0013956439237389601,0.358257569495584,0.10521773263416986,0.00089564392373896,False,False,False,turn_left,3.0,3.0,forward
2.08,0.032,31.25,66.7032468900493,69.02788678797975,70.14534171632859,72.25377097741568,68.89109895805835,68.21566953357159,69.36731434582074,69.96420362073705,68.7656629111467,69.96420362073705,66.93865480631831,0.1088889783365024,2418.03236,2449.99756,0.09420000000000073,0.09420000000000073,0.001931100000000015,0.001931100000000015,0.001931100000000015,0.10328663263416984,0.0013956439237389601,0.358257569495584,0.10529371538896154,0.00089564392373896,False,False,False,turn_left,3.0,3.0,forward
2.112,0.032,31.25,67.83762730613402,71.7715731272238,66.07947359560752,61.67448689537143,69.81159376539952,69.19758469503473,70.93231058498534,68.18043214114003,69.6804857898708,71.7715731272238,67.48702100302881,0.1084841221362212,2418.13284,2450.09176,0.10048000000006141,0.09420000000000073,0.002059840000001259,0.001931100000000015,0.0019954700000006367,0.1032982453889609,0.0013956439237389601,0.358257569495584,0.10515612498813805,0.00089564392373896,False,False,False,turn_left,3.0,3.0,forward
2.144,0.032,31.25,70.5076591173661,68.9705864556402,71.64098208296406,66.69672940328348,68.18057905762288,63.60189397339675,66.52795674371947,75.63123849289813,70.40936020240598,75.63123849289813,68.07148884290426,0.10805591356601489,2418.22704,2450.19224,0.09420000000000073,0.10048000000006141,0.001931100000000015,0.002059840000001259,0.0019954700000006367,0.10316065498813741,0.0013956439237389601,0.358257569495584,0.10491441842830021,0.00089564392373896,False,True,False,turn_left,3.0,3.0,forward
2.176,0.032,31.25,66.08602105610824,65.96222757935644,69.94788411860655,69.44293349127345,64.82910953452918,64.24393581903186,68.07392591944078,66.79946687366517,66.73041035714266,68.07392591944078,67.80327314575194,0.10825200051031388,2418.32124,2450.28644,0.09420000000000073,0.09420000000000073,0.001931100000000015,0.001931100000000015,0.001931100000000015,0.10298331842830019,0.0013956439237389601,0.358257569495584,0.10487086366544734,0.00089564392373896,False,True,False,turn_left,3.0,3.0,forward
2.208,0.032,31.25,66.72391550832374,70.43980736859605,71.9585549522836,68.49675584975803,65.13473390701677,67.9558259813901,70.63140301837716,70.0269417669678,69.45551691556619,70.63140301837716,68.1337218997148,0.10801051775929763,2418.41544,2450.38064,0.09420000000000073,0.09420000000000073,0.001931100000000015,0.001931100000000015,0.001931100000000015,0.10293976366544733,0.0013956439237389601,0.358257569495584,0.10475639970261992,0.00089564392373896,False,True,False,turn_left,3.0,3.0,forward
2.24,0.032,31.25,63.34576561301847,67.99423429438481,62.4239318430636,69.60112812317875,61.295695229697984,65.7888138335684,63.58350940066161,74.71773851384467,67.4103119554774,74.71773851384467,67.98903991086732,0.10811611460981624,2418.51592,2450.48112,0.10047999999960666,0.10048000000006141,0.002059839999991937,0.002059840000001259,0.0020598399999965976,0.10269655970262333,0.0013956439237389601,0.358257569495584,0.10463815627142213,0.00089564392373896,False,True,False,turn_left,3.0,3.0,forward
2.2720000000000002,0.032,31.25,60.36291461183162,68.2777564017274,65.43397256676309,66.0893510129268,68.73313269851249,76.87747149408973,66.46898891764022,69.10410288785047,66.05344070476244,69.10410288785047,67.60192006964634,0.10839967388263216,2418.61012,2450.57532,0.09420000000000073,0.09420000000000073,0.001931100000000015,0.001931100000000015,0.001931100000000015,0.10270705627142211,0.0013956439237389601,0.358257569495584,0.10474647962088199,0.00089564392373896,False,True,False,turn_left,3.0,3.0,forward
2.3040000000000003,0.032,31.25,68.36067932833865,66.30767644654853,72.6210761159648,67.47609299340326,65.69198910533196,70.65604750530879,58.09196201290661,71.53001024521781,66.0725820082529,71.53001024521781,67.29605245736765,0.10862477122142108,2418.70432,2450.66952,0.09420000000000073,0.09420000000000073,0.001931100000000015,0.001931100000000015,0.001931100000000015,0.10281537962088197,0.0013956439237389601,0.358257569495584,0.10489663813593918,0.00089564392373896,False,True,False,turn_left,3.0,3.0,forward
2.336,0.032,31.25,68.7264704705018,73.34689495630114,71.497103600712,67.10641267869171,62.84561323853507,76.48428817344426,61.836619737671,62.58123120969895,66.62280409354322,73.34689495630114,67.16140278460277,0.10872416066472868,2418.8048,2450.76372,0.10048000000006141,0.09420000000000073,0.002059840000001259,0.001931100000000015,0.0019954700000006367,0.10290116813593854,0.0013956439237389601,0.358257569495584,0.10498729928649383,0.00089564392373896,False,True,False,turn_left,3.0,3.0,forward
2.368,0.032,31.25,68.56132646115717,58.56004292442853,65.85947891473536,64.54100808309028,73.11462426392612,83.49421164444641,64.59486369648887,71.31185980027549,65.75702322058751,71.31185980027549,66.88052687179972,0.10893207112448013,2418.899,2450.8642,0.09420000000000073,0.10048000000006141,0.001931100000000015,0.002059840000001259,0.0019954700000006367,0.1029918292864932,0.0013956439237389601,0.358257569495584,0.10511996588958637,0.00089564392373896,False,False,False,turn_left,3.0,3.0,forward
2.4,0.032,31.25,65.26129212817548,65.91026597663539,63.22667930033483,67.35062020592301,71.24667284809901,88.51745458775852,72.63871276746922,68.4387569915544,68.06225696595861,72.63871276746922,67.1168728906315,0.1087570697067127,2418.9932,2450.9584,0.09420000000000073,0.09420000000000073,0.001931100000000015,0.001931100000000015,0.001931100000000015,0.10318886588958635,0.0013956439237389601,0.358257569495584,0.10518371705556608,0.00089564392373896,False,False,False,turn_left,3.0,3.0,forward
2.432,0.032,31.25,64.81013447868897,70.97787578526203,64.49324059321401,68.19948265118204,68.09393280674762,89.9289149015053,61.21593629563273,64.7106811975101,65.42865693927345,70.97787578526203,66.77922970035989,0.10900724872764998,2419.0874,2451.0526,0.09420000000000073,0.09420000000000073,0.001931100000000015,0.001931100000000015,0.001931100000000015,0.10325261705556606,0.0013956439237389601,0.358257569495584,0.10531425741174916,0.00089564392373896,False,False,False,turn_left,3.0,3.0,forward
2.464,0.032,31.25,69.03915285321173,64.4380991452073,63.052290810626296,66.69385660642774,68.32682938404744,92.94075986432563,66.7802261039468,65.30879983693104,66.39156948482422,69.03915285321173,66.70169765725277,0.10906485920416327,2419.18788,2451.15308,0.10048000000006141,0.10048000000006141,0.002059840000001259,0.002059840000001259,0.002059840000001259,0.1032544174117479,0.0013956439237389601,0.358257569495584,0.10533605216599419,0.00089564392373896,False,False,False,turn_left,3.0,3.0,forward
2.496,0.032,31.25,67.77168696535405,64.19135301044773,69.20896988821796,67.15719632653816,65.76196805202525,94.41879405109262,67.62314721203248,66.16316989963474,66.43733927186724,67.77168696535405,66.64882598017566,0.1091041806373746,2419.28208,2451.24728,0.09420000000000073,0.09420000000000073,0.001931100000000015,0.001931100000000015,0.001931100000000015,0.10340495216599417,0.0013956439237389601,0.358257569495584,0.10544674390615096,0.00089564392373896,False,False,False,turn_left,3.0,3.0,forward
2.528,0.032,31.25,65.48249230302575,67.12887860795017,64.42477938161218,64.74247312637199,66.08652614238137,102.08548446642993,66.41659100054699,70.79079678743362,67.45468967473913,70.79079678743362,66.80999871908836,0.10898440255840469,2419.37628,2451.34148,0.09420000000000073,0.09420000000000073,0.001931100000000015,0.001931100000000015,0.001931100000000015,0.10351564390615094,0.0013956439237389601,0.358257569495584,0.10547486808906531,0.00089564392373896,False,False,False,turn_left,3.0,3.0,forward
2.56,0.032,31.25,70.59869007395541,71.69328188041202,66.88877254225334,69.14953110318035,67.10227093121689,104.66217373094763,62.530945685643665,65.60137246063553,67.60607252516166,71.69328188041202,66.96921348030301,0.10886633752139076,2419.47048,2451.43568,0.09420000000000073,0.09420000000000073,0.001931100000000015,0.001931100000000015,0.001931100000000015,0.10354376808906529,0.0013956439237389601,0.358257569495584,0.10545061887736171,0.00089564392373896,False,False,False,turn_left,3.0,3.0,forward
2.592,0.032,31.25,64.23016064158219,60.94483766434069,67.52909671856949,64.87301974221579,64.01674909725796,99.34542015411282,68.95145196183556,71.11838989277229,66.31121004013269,71.11838989277229,66.83761279226894,0.10896390710624797,2419.57096,2451.53616,0.10048000000006141,0.10048000000006141,0.002059840000001259,0.002059840000001259,0.002059840000001259,0.10339077887736045,0.0013956439237389601,0.358257569495584,0.10538739425112892,0.00089564392373896,False,False,False,turn_left,3.0,3.0,forward
2.624,0.032,31.25,59.832674288544,65.21559647380757,68.65989640597608,65.67348588467077,66.47263736958371,104.78543334085013,66.0736485378678,69.13723735200934,65.06478916305717,69.13723735200934,66.48304806642659,0.10922765610901529,2419.66516,2451.63036,0.09420000000000073,0.09420000000000073,0.001931100000000015,0.001931100000000015,0.001931100000000015,0.1034562942511289,0.0013956439237389601,0.358257569495584,0.1055239283230148,0.00089564392373896,False,False,False,turn_left,3.0,3.0,forward
2.656,0.032,31.25,65.77550385139455,67.62566862489057,71.74454809069448,66.50309937159761,68.81334082833966,111.92052968640857,68.68249673997438,71.92590419699032,68.50239335331246,71.92590419699032,66.88691712380377,0.1089273320816883,2419.75936,2451.72456,0.09420000000000073,0.09420000000000073,0.001931100000000015,0.001931100000000015,0.001931100000000015,0.10359282832301478,0.0013956439237389601,0.358257569495584,0.1055039546740622,0.00089564392373896,False,False,False,turn_left,3.0,3.0,forward
2.688,0.032,31.25,69.29070547317664,67.82640189663165,61.10606307275764,70.52757233351589,61.78794035811536,117.1995820072257,66.11525680792732,70.30367564669554,68.38400995610779,70.30367564669554,67.18633569026457,0.10870574313141419,2419.85984,2451.81876,0.10048000000006141,0.09420000000000073,0.002059840000001259,0.001931100000000015,0.0019954700000006367,0.10350848467406157,0.0013956439237389601,0.358257569495584,0.10537044185703309,0.00089564392373896,False,False,False,turn_left,3.0,3.0,forward
2.72,0.032,31.25,67.93520466652288,63.874942387277464,63.89527605199901,60.213860911734294,67.62909426605397,110.26260770379183,66.37628189975928,69.7482531874856,66.9836705352613,69.7482531874856,67.14580265926392,0.10873568739877802,2419.95404,2451.91924,0.09420000000000073,0.10048000000006141,0.001931100000000015,0.002059840000001259,0.0019954700000006367,0.10337497185703245,0.0013956439237389601,0.358257569495584,0.10529548877777542,0.00089564392373896,False,False,False,turn_left,3.0,3.0,forward
2.7520000000000002,0.032,31.25,62.878848063033566,63.762372621254116,64.4500292650124,68.47988494715736,72.43247894195552,113.47083684349114,63.286353989616586,70.9829678040987,65.22763561950075,70.9829678040987,66.76216925131129,0.10901992033520616,2420.04824,2452.01344,0.09420000000000073,0.09420000000000073,0.001931100000000015,0.001931100000000015,0.001931100000000015,0.1033643887777754,0.0013956439237389601,0.358257569495584,0.10539052576774612,0.00089564392373896,False,False,False,turn_left,3.0,3.0,forward
2.7840000000000003,0.032,31.25,63.31035688223175,62.740252396378445,66.38223171279223,64.80726188489373,66.05301770713002,116.70396305163294,66.36927716369051,66.82993731702197,64.81245593983067,66.82993731702197,66.37222658901517,0.10931035465440378,2420.14244,2452.10764,0.09420000000000073,0.09420000000000073,0.001931100000000015,0.001931100000000015,0.001931100000000015,0.1034594257677461,0.0013956439237389601,0.358257569495584,0.10555556532997158,0.00089564392373896,False,False,False,turn_left,3.0,3.0,forward
2.816,0.032,31.25,70.49219948433083,66.67496626675727,68.6726784057722,70.68899513341692,68.3329119109219,113.50674444789809,70.0976197174393,69.84881064336533,69.27839902797318,70.49219948433083,66.95346107680678,0.10887800724637191,2420.24292,2452.20812,0.10048000000006141,0.10047999999960666,0.002059840000001259,0.002059839999991937,0.0020598399999965976,0.10349572532997499,0.0013956439237389601,0.358257569495584,0.10542396856768338,0.00089564392373896,False,False,False,turn_left,3.0,3.0,forward
2.848,0.032,31.25,65.58070426648344,65.83258856588044,67.22930776766849,66.85372686454865,67.55419553052594,110.60824266628076,69.9599184576023,68.93950300486259,67.57817857370719,69.9599184576023,67.07840457618686,0.10878551508703628,2420.33712,2452.30232,0.09420000000000073,0.09420000000000073,0.001931100000000015,0.001931100000000015,0.001931100000000015,0.10349286856768336,0.0013956439237389601,0.358257569495584,0.105388999245906,0.00089564392373896,False,False,False,turn_left,3.0,3.0,forward
2.88,0.032,31.25,61.34995364993642,72.74303620089286,64.65956289011514,67.9389033685268,66.88847867335912,125.63351939100808,59.60214650989582,70.25356921721892,65.987176394486,72.74303620089286,66.86015893984668,0.10894717883666144,2420.43132,2452.39652,0.09420000000000073,0.09420000000000073,0.001931100000000015,0.001931100000000015,0.001931100000000015,0.10345789924590598,0.0013956439237389601,0.358257569495584,0.10542447521037175,0.00089564392373896,False,False,False,turn_left,3.0,3.0,forward
2.912,0.032,31.25,68.00648819466039,68.51087907757179,71.44573621646286,66.48454298724215,61.05451762052415,120.10974830682395,66.10287083663094,75.58912269614915,69.55234020125307,75.58912269614915,67.39859519212797,0.10854920278680176,2420.5318,2452.49072,0.10048000000006141,0.09420000000000073,0.002059840000001259,0.001931100000000015,0.0019954700000006367,0.10342900521037111,0.0013956439237389601,0.358257569495584,0.10526335474944033,0.00089564392373896,False,False,False,turn_left,3.0,3.0,forward
2.944,0.032,31.25,69.59578310628815,65.32277139871869,62.03898654607213,69.96014874814706,69.91814019730457,120.38445658673646,67.46894585399006,68.4556110702302,67.71077785730678,69.59578310628815,67.46103172516374,0.10850324192645434,2420.626,2452.5912,0.09420000000000073,0.10048000000006141,0.001931100000000015,0.002059840000001259,0.0019954700000006367,0.1032678847494397,0.0013956439237389601,0.358257569495584,0.10514349108711822,0.00089564392373896,False,False,False,turn_left,3.0,3.0,forward
2.976,0.032,31.25,64.79178938318461,74.41264655746859,78.149732965701,67.96307797919398,67.94959130453194,132.30259908662157,61.605275333483085,68.13487056538186,67.23614545987954,74.41264655746859,67.41605447210691,0.10853634671810738,2420.7202,2452.6854,0.09420000000000073,0.09420000000000073,0.001931100000000015,0.001931100000000015,0.001931100000000015,0.1032123910871182,0.0013956439237389601,0.358257569495584,0.10511973849157871,0.00089564392373896,False,False,False,turn_left,3.0,3.0,forward
3.008,0.032,31.25,63.60838699323437,65.780101378131,69.43613864861476,63.946906037698284,71.89345474580362,132.30887147856885,58.248559176850485,64.98553436669727,63.155645478728275,65.780101378131,66.56397267343118,0.1091673465732991,2420.8144,2452.7796,0.09420000000000073,0.09420000000000073,0.001931100000000015,0.001931100000000015,0.001931100000000015,0.1031886384915787,0.0013956439237389601,0.358257569495584,0.10533055591765945,0.00089564392373896,False,False,False,turn_left,3.0,3.0,forward
3.04,0.032,31.25,68.32764581326215,62.00227108033511,65.2244668801733,73.33066130052421,65.65782305067998,125.02652247587851,70.20277284831322,66.86874069966451,66.85035761039374,70.20277284831322,66.6212496608237,0.10912470079891225,2420.91488,2452.8738,0.10047999999960666,0.09420000000000073,0.002059839999991937,0.001931100000000015,0.001995469999995976,0.10333508591766348,0.0013956439237389601,0.358257569495584,0.10540925927333512,0.00089564392373896,False,False,False,turn_left,3.0,3.0,forward
3.072,0.032,31.25,69.04186430802119,66.00217620241338,70.23242410496366,67.73817970256371,63.1111224960643,149.0691249811248,63.104598852534465,68.13464477872323,66.57082103542307,69.04186430802119,66.61116393574358,0.10913220774246392,2421.00908,2452.97428,0.09420000000000073,0.10048000000006141,0.001931100000000015,0.002059840000001259,0.0019954700000006367,0.10341378927333449,0.0013956439237389601,0.358257569495584,0.10546245597544346,0.00089564392373896,False,False,False,turn_left,3.0,3.0,forward
3.104,0.032,31.25,67.24590520971445,64.5477293312462,62.555125992489415,66.86326960300892,70.30292868779102,151.65776611432267,71.5671377573753,65.31357526605306,67.16858689109726,71.5671377573753,66.72264852681431,0.10904928557826517,2421.10328,2453.06848,0.09420000000000073,0.09420000000000073,0.001931100000000015,0.001931100000000015,0.001931100000000015,0.10353135597544344,0.0013956439237389601,0.358257569495584,0.10550819602359808,0.00089564392373896,False,False,False,turn_left,3.0,3.0,forward
3.136,0.032,31.25,68.61769208373626,62.29467299180721,68.1357089264743,63.06793836523535,64.62605579784494,140.57331269579853,64.97967507507182,65.43536554679173,65.33185142435175,68.61769208373626,66.44448910632181,0.10925641584493945,2421.19748,2453.16268,0.09420000000000073,0.09420000000000073,0.001931100000000015,0.001931100000000015,0.001931100000000015,0.10357709602359806,0.0013956439237389601,0.358257569495584,0.10561175533917992,0.00089564392373896,False,False,False,turn_left,3.0,3.0,forward
3.168,0.032,31.25,70.93692358233122,68.47806460660456,67.52339737348429,67.14709833969734,64.19480357905546,152.07600657531594,69.54808073862633,69.45940684726948,69.6056189437079,70.93692358233122,67.07671507379904,0.1087867647300366,2421.29796,2453.26316,0.10048000000006141,0.10048000000006141,0.002059840000001259,0.002059840000001259,0.002059840000001259,0.10355191533917867,0.0013956439237389601,0.358257569495584,0.10542733975862287,0.00089564392373896,False,False,False,turn_left,3.0,3.0,forward
3.2,0.032,31.25,66.77777676183692,64.42805889757393,71.8959371604506,67.0227857923605,67.94650355290216,153.851411405257,72.65574184302338,67.78800136060256,67.9123947157592,72.65574184302338,67.24385100219106,0.10866328129221446,2421.39216,2453.35736,0.09420000000000073,0.09420000000000073,0.001931100000000015,0.001931100000000015,0.001931100000000015,0.10349623975862285,0.0013956439237389601,0.358257569495584,0.10534737149993012,0.00089564392373896,False,False,False,turn_left,3.0,3.0,forward
3.232,0.032,31.25,68.28215426354151,63.82323979445705,71.5977597729276,58.749690399530145,70.31343445291611,150.0268292708421,66.97773988799433,65.0828052920554,66.04148480951208,68.28215426354151,67.00337776365527,0.10884103646736613,2421.48636,2453.45156,0.09420000000000073,0.09420000000000073,0.001931100000000015,0.001931100000000015,0.001931100000000015,0.1034162714999301,0.0013956439237389601,0.358257569495584,0.10535973461224853,0.00089564392373896,False,False,False,turn_left,3.0,3.0,forward
3.2640000000000002,0.032,31.25,73.94233252468666,72.71016828923536,71.58586284260691,72.09383605739302,70.49643758277317,154.26600626237263,66.71182513746172,64.59724591642353,69.49039296695182,73.94233252468666,67.50078080431457,0.10847400205444867,2421.58684,2453.54576,0.10048000000006141,0.09420000000000073,0.002059840000001259,0.001931100000000015,0.0019954700000006367,0.10336426461224789,0.0013956439237389601,0.358257569495584,0.10519486672905132,0.00089564392373896,False,False,False,turn_left,3.0,3.0,forward
3.2960000000000003,0.032,31.25,72.18310041440203,65.42755692689627,67.24511781925048,69.3317645628427,67.65633414483378,131.99596287230187,62.98024378756488,61.25514033199267,65.46151036521397,72.18310041440203,67.09292671649445,0.10877477494780054,2421.68104,2453.64624,0.09420000000000073,0.10048000000006141,0.001931100000000015,0.002059840000001259,0.0019954700000006367,0.10319939672905068,0.0013956439237389601,0.358257569495584,0.10519681817871862,0.00089564392373896,False,False,False,turn_left,3.0,3.0,forward
3.3280000000000003,0.032,31.25,63.40853302708742,66.3485926299343,67.80904005135957,65.4365181474071,72.37687085580008,63.9106438011839,62.58694112769064,71.70354758576525,66.0119035926194,71.70354758576525,66.87672209171944,0.1089348929642408,2421.77524,2453.74044,0.09420000000000073,0.09420000000000073,0.001931100000000015,0.001931100000000015,0.001931100000000015,0.1032657181787186,0.0013956439237389601,0.358257569495584,0.10529674295842543,0.00089564392373896,False,False,False,turn_left,3.0,3.0,forward
3.36,0.032,31.25,66.27691178995171,72.78972445568337,70.02126567414683,65.41423363837292,64.67079162080555,69.64452355135332,59.813469828690046,61.18951271311178,65.01740469685923,72.78972445568337,66.5048586127474,0.10921139511347128,2421.86944,2453.83464,0.09420000000000073,0.09420000000000073,0.001931100000000015,0.001931100000000015,0.001931100000000015,0.10336564295842542,0.0013956439237389601,0.358257569495584,0.10545992791736572,0.00089564392373896,False,False,False,turn_left,3.0,3.0,forward
3.392,0.032,31.25,72.57355003383458,68.39698667999,69.25675336996325,69.45327874321785,65.4205484827168,66.09515406838737,60.53711941237126,68.91105445623941,67.6046776456088,72.57355003383458,66.72482241931968,0.10904766989101658,2421.96992,2453.92884,0.10048000000006141,0.09420000000000073,0.002059840000001259,0.001931100000000015,0.0019954700000006367,0.10346445791736508,0.0013956439237389601,0.358257569495584,0.1054646858690241,0.00089564392373896,False,False,False,turn_left,3.0,3.0,forward
3.424,0.032,31.25,63.687271205889544,67.14339372856682,71.32587630778119,64.50075522274518,64.68856967485128,64.51166753350303,67.44977058151771,68.48034660179016,66.69019552944107,68.48034660179016,66.71789704134396,0.10905281715898181,2422.06412,2454.02932,0.09420000000000073,0.10048000000006141,0.001931100000000015,0.002059840000001259,0.0019954700000006367,0.10346921586902347,0.0013956439237389601,0.358257569495584,0.10546958329619635,0.00089564392373896,False,False,False,turn_left,3.0,3.0,forward
3.456,0.032,31.25,71.26187474482774,70.8607124129427,67.22336896730368,65.47453761619605,66.77160628588945,65.42105337731037,68.10193988372689,66.56617508238577,69.19767553097077,71.26187474482774,67.21385273926933,0.10868542397526695,2422.15832,2454.12352,0.09420000000000073,0.09420000000000073,0.001931100000000015,0.001931100000000015,0.001931100000000015,0.10353848329619633,0.0013956439237389601,0.358257569495584,0.10538241375421813,0.00089564392373896,False,False,False,turn_left,3.0,3.0,forward
3.488,0.032,31.25,65.73584105574949,63.56572357153506,67.48454934562287,69.80570741217716,66.34550113621525,67.653736944435,67.86951966584103,63.59222379844891,65.19082702289363,67.86951966584103,66.8092475959942,0.10898496015748653,2422.25252,2454.21772,0.09420000000000073,0.09420000000000073,0.001931100000000015,0.001931100000000015,0.001931100000000015,0.10345131375421811,0.0013956439237389601,0.358257569495584,0.10543378446510103,0.00089564392373896,False,False,False,turn_left,3.0,3.0,forward
3.52,0.032,31.25,59.12470032948986,67.32333202531429,68.7592052581077,73.76808465838059,70.59951811170009,63.27599320047514,70.21065226759906,68.60213728051767,66.31520547573021,70.21065226759906,66.7104391719414,0.10905836074315307,2422.353,2454.3182,0.10048000000006141,0.10048000000006141,0.002059840000001259,0.002059840000001259,0.002059840000001259,0.10337394446509977,0.0013956439237389601,0.358257569495584,0.10541042962487629,0.00089564392373896,False,False,False,turn_left,3.0,3.0,forward
3.552,0.032,31.25,64.18905035798535,70.59181029970063,63.665916563199644,66.22866936590364,68.61091603913124,63.252471888298786,77.26323964374116,64.43814800314732,69.12056207614361,77.26323964374116,67.19246375278185,0.10870121738618979,2422.4472,2454.4124,0.09420000000000073,0.09420000000000073,0.001931100000000015,0.001931100000000015,0.001931100000000015,0.10347932962487627,0.0013956439237389601,0.358257569495584,0.10535011044242319,0.00089564392373896,False,False,False,turn_left,3.0,3.0,forward
3.584,0.032,31.25,74.03503872046595,65.72477961567478,66.55574856816335,67.4436521144929,67.88552069996148,60.83043553544686,65.6916351001597,63.23630220348764,67.17193890994702,74.03503872046595,67.18835878421488,0.10870424897839075,2422.5414,2454.5066,0.09420000000000073,0.09420000000000073,0.001931100000000015,0.001931100000000015,0.001931100000000015,0.10341901044242317,0.0013956439237389601,0.358257569495584,0.10531248715452332,0.00089564392373896,False,False,False,turn_left,3.0,3.0,forward
3.616,0.032,31.25,68.04586081768818,70.27980525708459,64.10473939282997,69.70202338421646,64.62473702306782,67.8168705217279,65.48471342176906,62.14592013976451,66.48907490907658,70.27980525708459,67.04850200918723,0.10880763680952261,2422.64188,2454.6008,0.10048000000006141,0.09420000000000073,0.002059840000001259,0.001931100000000015,0.0019954700000006367,0.10331701715452268,0.0013956439237389601,0.358257569495584,0.10528407320714764,0.00089564392373896,False,False,False,turn_left,3.0,3.0,forward
3.648,0.032,31.25,67.19207135257955,65.6447319750566,66.78224112627892,66.77653159301687,73.46112803892278,65.2015556460142,61.76147059767888,66.52364421107322,65.28047953409705,67.19207135257955,66.6948975141692,0.1090699149808845,2422.73608,2454.7012799999998,0.09420000000000073,0.10047999999960666,0.001931100000000015,0.002059839999991937,0.001995469999995976,0.10328860320715166,0.0013956439237389601,0.358257569495584,0.1053598019117054,0.00089564392373896,False,False,False,turn_left,3.0,3.0,forward
3.68,0.032,31.25,68.30417592445228,68.66865715690614,67.24151290511588,66.9164651647123,69.2014841202903,66.25950214151429,95.67760429556397,64.78014830045096,74.35764641934334,95.67760429556397,68.22744729520403,0.10794222184866357,2422.83028,2454.7954799999998,0.09420000000000073,0.09420000000000073,0.001931100000000015,0.001931100000000015,0.001931100000000015,0.10342870191170538,0.0013956439237389601,0.358257569495584,0.10504570459418988,0.00089564392373896,False,True,False,turn_left,3.0,3.0,forward
3.712,0.032,31.25,63.338577243608135,64.77831382202129,68.75556754953567,67.90038348999916,65.94946290336426,70.85438820024798,65.01430569018534,65.17984980582003,64.5777616404087,65.17984980582003,67.49751016424497,0.10847640737923844,2422.92448,2454.8896799999998,0.09420000000000073,0.09420000000000073,0.001931100000000015,0.001931100000000015,0.001931100000000015,0.10311460459418986,0.0013956439237389601,0.358257569495584,0.10503551102807603,0.00089564392373896,False,False,False,turn_left,3.0,3.0,forward
3.744,0.032,31.25,67.06090920549175,66.25617965312595,68.5278859748897,69.03776923967735,60.96954367925721,65.10676544752704,94.38493944283198,72.90083826916285,75.15071664265312,94.38493944283198,69.0281514599266,0.10736226574146544,2423.02496,2454.99016,0.10048000000006141,0.10048000000006141,0.002059840000001259,0.002059840000001259,0.002059840000001259,0.10297567102807477,0.0013956439237389601,0.358257569495584,0.10454720178845629,0.00089564392373896,False,True,False,turn_left,3.0,3.0,forward
3.7760000000000002,0.032,31.25,66.95661287858161,73.13764645712202,65.21718520973307,66.87026185856749,69.27087567447289,64.08754897734067,64.76464769218838,65.87062418596994,67.68238280346549,73.13764645712202,68.75899772863438,0.10755651923110657,2423.11916,2455.08436,0.09420000000000073,0.09420000000000073,0.001931100000000015,0.001931100000000015,0.001931100000000015,0.10261610178845627,0.0013956439237389601,0.358257569495584,0.10438604373375376,0.00089564392373896,False,True,False,turn_left,3.0,3.0,forward
3.8080000000000003,0.032,31.25,68.89152251938246,69.0357253079617,69.36624842715126,65.04806600779155,64.65237221568191,64.8327831737212,111.25074290757648,70.6158134628446,79.9484510494413,111.25074290757648,70.99688839279577,0.10596244843389356,2423.21336,2455.17856,0.09420000000000073,0.09420000000000073,0.001931100000000015,0.001931100000000015,0.001931100000000015,0.10245494373375374,0.0013956439237389601,0.358257569495584,0.10371153384262018,0.00089564392373896,False,True,False,turn_left,3.0,3.0,forward
3.84,0.032,31.25,70.01713705767929,71.70601414315469,67.19659694949229,67.94371504031358,62.4558847484987,130.37785816939697,112.4515237261731,68.02405915331768,80.54968352008119,112.4515237261731,72.90744741825286,0.10463846117471745,2423.30756,2455.27276,0.09420000000000073,0.09420000000000073,0.001931100000000015,0.001931100000000015,0.001931100000000015,0.10178043384262016,0.0013956439237389601,0.358257569495584,0.10280434376816928,0.00089564392373896,False,True,False,turn_left,3.0,3.0,forward
3.872,0.032,31.25,65.12775001582355,68.73509993465375,64.95172058086668,70.39318038670375,72.13133040103295,128.8370429020135,106.84351079965069,67.11398541679762,76.9550865417314,106.84351079965069,73.71697524294856,0.10408739812055316,2423.40804,2455.37324,0.10047999999960666,0.10048000000006141,0.002059839999991937,0.002059840000001259,0.0020598399999965976,0.10074450376817269,0.0013956439237389601,0.358257569495584,0.10194212097393704,0.00089564392373896,False,True,False,turn_left,3.0,3.0,forward
3.904,0.032,31.25,62.221170499832084,67.918835751805,67.19104362865066,70.00391340674945,66.33750493867463,139.3770042325562,113.32913772951976,67.79369786256679,77.8157104609309,113.32913772951976,74.53672228654503,0.10353526180225621,2423.50224,2455.46744,0.09420000000000073,0.09420000000000073,0.001931100000000015,0.001931100000000015,0.001931100000000015,0.10001102097393702,0.0013956439237389601,0.358257569495584,0.10127360692740775,0.00089564392373896,False,True,False,turn_left,3.0,3.0,forward
3.936,0.032,31.25,68.57198649158245,65.30561435197725,69.72325874848676,57.34819951654914,61.810544856838725,144.91237606603178,111.28394103455005,66.51834581092753,77.91997192225932,111.28394103455005,75.21337221368789,0.10308390167550911,2423.59644,2455.56164,0.09420000000000073,0.09420000000000073,0.001931100000000015,0.001931100000000015,0.001931100000000015,0.09934250692740773,0.0013956439237389601,0.358257569495584,0.10068288991638608,0.00089564392373896,False,True,False,turn_left,3.0,3.0,forward
3.968,0.032,31.25,62.741357078252506,67.95654954434787,66.29384152339894,64.42326256335467,64.39739073218738,145.09304584615643,114.80552087260794,62.78878000035506,77.07305187389085,114.80552087260794,75.58530814572848,0.10283747347798194,2423.69692,2455.65584,0.10048000000006141,0.09420000000000073,0.002059840000001259,0.001931100000000015,0.0019954700000006367,0.09868741991638544,0.0013956439237389601,0.358257569495584,0.1001742080186395,0.00089564392373896,False,True,False,turn_left,3.0,3.0,forward
4.0,0.032,31.25,68.6541066967871,65.64650339988916,69.81278848471014,63.783676947056485,74.85972836392035,149.83472471943662,123.02791410168562,70.40164845726241,81.93254316390608,123.02791410168562,76.854755149364,0.10200519572877531,2423.79112,2455.75632,0.09420000000000073,0.10048000000006141,0.001931100000000015,0.002059840000001259,0.0019954700000006367,0.09817873801863886,0.0013956439237389601,0.358257569495584,0.09954959545764998,0.00089564392373896,True,True,True,turn_right,2.5,-2.5,start_turn_right
4.032,0.032,31.25,63.61273271775925,73.87064552731735,61.43950004070192,66.0063135152754,67.45484931656928,151.16311746752976,97.58123571065327,60.416262485432235,73.87021911029053,97.58123571065327,76.2578479415493,0.10239485703134125,2423.87276,2455.67468,0.08164000000033411,-0.08163999999987936,0.0016736200000068494,-0.001673619999997527,4.661201979949681e-15,0.09954959545764532,0.0013956439237389601,0.358257569495584,0.1005689319536168,0.00089564392373896,False,True,True,turn_right,2.5,-2.5,turning_right
4.064,0.032,31.25,67.29429356598513,61.84787761359256,66.0806387527418,62.42954667021663,69.6132775947583,159.9973011395723,92.79487281526328,70.21798838476265,73.0387580949009,92.79487281526328,75.61402997221963,0.10281849266969267,2423.94812,2455.59304,0.07535999999981868,-0.08163999999987936,0.0015448799999962831,-0.001673619999997527,-6.437000000062191e-05,0.10063330195361742,0.0013956439237389601,0.358257569495584,0.10141616306844285,0.00089564392373896,False,True,True,turn_right,2.5,-2.5,turning_right
4.096,0.032,31.25,69.15457076019166,69.4088128340314,72.76466108700649,66.10532352688894,62.50877737487683,165.63741637117974,67.83149521947152,63.5066894154129,67.47539205727688,69.4088128340314,73.98630238923108,0.10390534581158271,2424.02976,2455.51768,0.08163999999987936,-0.07536000000027343,0.001673619999997527,-0.0015448800000056053,6.436999999596081e-05,0.1013517930684469,0.0013956439237389601,0.358257569495584,0.10226662266778151,0.00089564392373896,False,True,True,turn_right,2.5,-2.5,turning_right
4.128,0.032,31.25,70.16092211464958,67.71335840176883,67.79133090417194,67.8131140091379,63.36441064753989,163.1977325402252,63.857773132485974,63.14294344815014,66.21874927426364,70.16092211464958,72.4327917662376,0.10496429157144026,2424.1114,2455.43604,0.08163999999987936,-0.08163999999987936,0.001673619999997527,-0.001673619999997527,0.0,0.10226662266778151,0.0013956439237389601,0.358257569495584,0.10323308297251012,0.00089564392373896,False,True,True,turn_right,2.5,-2.5,turning_right
4.16,0.032,31.25,64.33853481109279,74.67892704178037,69.18572522788725,68.45516431628847,64.29670730583739,157.19544975368152,67.42621589838764,67.24252521827722,68.42155074238451,74.67892704178037,71.630543561467,0.10551963756242835,2424.18676,2455.3544,0.07536000000027343,-0.08163999999987936,0.0015448800000056053,-0.001673619999997527,-6.436999999596081e-05,0.10329745297250607,0.0013956439237389601,0.358257569495584,0.10409356742266217,0.00089564392373896,False,True,True,turn_right,2.5,-2.5,turning_right
4.192,0.032,31.25,69.94150085125264,71.05253446347115,64.1463804380264,65.86309954349963,66.65059447540636,164.16729537428944,66.16165942448372,64.64545533686356,67.95028751901776,71.05253446347115,70.89449235297715,0.10603435387537072,2424.2684,2455.27276,0.08163999999987936,-0.08164000000033411,0.001673619999997527,-0.0016736200000068494,-4.661201979949681e-15,0.10409356742266683,0.0013956439237389601,0.358257569495584,0.10478886886012248,0.00089564392373896,False,True,True,turn_right,2.5,-2.5,turning_right
4.224,0.032,31.25,64.35046199872325,68.84990856454671,66.81606807563696,68.04720633628479,72.39637377990078,157.35602010875115,71.64195415966064,67.38366840840658,68.0564982828343,71.64195415966064,70.32689353894858,0.10643471453000204,2424.35004,2455.1974,0.08163999999987936,-0.07535999999981868,0.001673619999997527,-0.0015448799999962831,6.437000000062191e-05,0.10472449886012186,0.0013956439237389601,0.358257569495584,0.1053371965693264,0.00089564392373896,False,False,False,turn_right,3.0,3.0,resume_forward
4.256,0.032,31.25,68.55767477026036,67.48507445132341,69.74933448021063,66.58134161733699,69.07390472024996,154.54778461059814,68.87959626733969,65.2908228038838,67.55329207320182,68.87959626733969,69.77217324579924,0.10682892324558536,2424.44424,2455.2916,0.09420000000000073,0.09420000000000073,0.001931100000000015,0.001931100000000015,0.001931100000000015,0.10340609656932638,0.0013956439237389601,0.358257569495584,0.10463235013516757,0.00089564392373896,False,True,False,turn_right,3.0,3.0,forward
4.288,0.032,31.25,60.98449355060235,67.39526788236716,72.82943419694763,66.56179996152207,64.16568586042652,131.0975266968377,70.7223857589629,63.82712644318421,65.73231840877916,70.7223857589629,68.96420227839522,0.10740835553294897,2424.53844,2455.3858,0.09420000000000073,0.09420000000000073,0.001931100000000015,0.001931100000000015,0.001931100000000015,0.10270125013516755,0.0013956439237389601,0.358257569495584,0.10438760627433627,0.00089564392373896,False,True,False,turn_right,3.0,3.0,forward
4.32,0.032,31.25,67.23851169109348,68.13822953158653,63.76274901218828,61.33003855448474,65.26295134175786,131.30931202029132,60.385029595619464,69.6572456933259,66.35475412790635,69.6572456933259,68.44231264829745,0.1077859790416268,2424.63892,2455.48,0.10048000000006141,0.09420000000000073,0.002059840000001259,0.001931100000000015,0.0019954700000006367,0.10239213627433563,0.0013956439237389601,0.358257569495584,0.1043245212743867,0.00089564392373896,False,True,False,turn_right,3.0,3.0,forward
4.352,0.032,31.25,71.48710521325958,71.2036101760768,66.11619473058668,71.10944960159497,64.0697116500873,128.76156397327313,63.7572470443905,65.51191917776,67.98997040287173,71.48710521325958,68.35184419921231,0.10785170947059218,2424.73312,2455.58048,0.09420000000000073,0.10048000000006141,0.001931100000000015,0.002059840000001259,0.0019954700000006367,0.10232905127438606,0.0013956439237389601,0.358257569495584,0.10430758537691373,0.00089564392373896,False,True,False,turn_right,3.0,3.0,forward
4.384,0.032,31.25,66.84506501871203,67.24558404697642,69.07343932409339,64.0328411400146,70.25888318671491,138.8794287514004,67.18162912639107,64.38671850683932,66.4147491747297,67.24558404697642,67.9644251943158,0.1081341003351842,2424.82732,2455.67468,0.09420000000000073,0.09420000000000073,0.001931100000000015,0.001931100000000015,0.001931100000000015,0.10237648537691371,0.0013956439237389601,0.358257569495584,0.10443919451795511,0.00089564392373896,False,True,False,turn_right,3.0,3.0,forward
4.416,0.032,31.25,67.85657363093152,66.32325552179381,63.28459336966929,63.28996159795551,63.71976703750106,125.21165466900935,66.32992738827207,59.24585223856266,64.93890219489002,67.85657363093152,67.35932059443064,0.10857813360877229,2424.9278,2455.76888,0.10048000000006141,0.09420000000000073,0.002059840000001259,0.001931100000000015,0.0019954700000006367,0.10244372451795447,0.0013956439237389601,0.358257569495584,0.10464142300912248,0.00089564392373896,False,True,False,turn_right,3.0,3.0,forward
4.448,0.032,31.25,65.25337620761546,64.69269239896491,64.77284001847809,66.05797511112648,65.382273661827,138.28352707342287,65.82750390226234,74.64733177081035,67.60522606991326,74.64733177081035,67.40850168952717,0.1085419078046076,2425.022,2455.86936,0.09420000000000073,0.10048000000006141,0.001931100000000015,0.002059840000001259,0.0019954700000006367,0.10264595300912184,0.0013956439237389601,0.358257569495584,0.1047582234440084,0.00089564392373896,False,True,False,turn_right,3.0,3.0,forward
4.48,0.032,31.25,68.58888459647903,63.19099492190657,69.14560649286213,68.76121381553317,69.6434460230615,127.05974805081797,62.65395981312349,68.62640401350974,65.7650608362547,68.62640401350974,67.07981351887268,0.1087844729823984,2425.1162,2455.96356,0.09420000000000073,0.09420000000000073,0.001931100000000015,0.001931100000000015,0.001931100000000015,0.10282712344400838,0.0013956439237389601,0.358257569495584,0.10496138901026762,0.00089564392373896,False,True,False,turn_right,3.0,3.0,forward
4.5120000000000005,0.032,31.25,69.45824979730648,72.35040216844001,65.3850920978442,68.36394343423203,69.38173164221328,126.01171035076216,68.34204007538588,69.0632615031162,69.80348838606214,72.35040216844001,67.62454849231058,0.10838305799007002,2425.2104,2456.05776,0.09420000000000073,0.09420000000000073,0.001931100000000015,0.001931100000000015,0.001931100000000015,0.1030302890102676,0.0013956439237389601,0.358257569495584,0.10494795901504297,0.00089564392373896,False,True,False,turn_right,3.0,3.0,forward
4.5440000000000005,0.032,31.25,72.87197360773766,67.58260108256745,60.98662631112432,65.99042260648353,66.82057359183618,119.60888851299592,69.96430919625675,67.73285431947568,69.53793455150938,72.87197360773766,68.00722570415034,0.10810283027655816,2425.31088,2456.15196,0.10048000000006141,0.09420000000000073,0.002059840000001259,0.001931100000000015,0.0019954700000006367,0.10295248901504234,0.0013956439237389601,0.358257569495584,0.10479763775746581,0.00089564392373896,False,True,False,turn_right,3.0,3.0,forward
4.5760000000000005,0.032,31.25,74.4842948296132,64.10504169158261,69.48125006867384,66.913121699497,67.40461467175477,110.13975222504673,67.78842996467722,65.40734682777288,67.94627832841148,74.4842948296132,67.99503622900258,0.10811173406682462,2425.40508,2456.25244,0.09420000000000073,0.10048000000006141,0.001931100000000015,0.002059840000001259,0.0019954700000006367,0.10280216775746517,0.0013956439237389601,0.358257569495584,0.10470436007853193,0.00089564392373896,False,True,False,turn_right,3.0,3.0,forward
4.6080000000000005,0.032,31.25,61.9986111199907,66.04410267823977,65.60116388161404,72.74729067436624,69.51091091292858,113.79360217366391,69.93691479741423,64.14171950096224,65.53033702415173,69.93691479741423,67.50209638803241,0.10847303456561694,2425.49928,2456.34664,0.09420000000000073,0.09420000000000073,0.001931100000000015,0.001931100000000015,0.001931100000000015,0.10277326007853191,0.0013956439237389601,0.358257569495584,0.10481524743294793,0.00089564392373896,False,True,False,turn_right,3.0,3.0,forward
4.64,0.032,31.25,66.52479607829254,67.34276406005809,66.79911892133744,64.89405060180353,64.07537476779012,119.33496648069705,68.10188922953178,69.65607787233895,67.90638181005534,69.65607787233895,67.582953472437,0.10841360484758293,2425.59348,2456.44084,0.09420000000000073,0.09420000000000073,0.001931100000000015,0.001931100000000015,0.001931100000000015,0.10288414743294791,0.0013956439237389601,0.358257569495584,0.10486511740694439,0.00089564392373896,False,True,False,turn_right,3.0,3.0,forward
4.672,0.032,31.25,65.90812263861945,67.33965384318017,68.8699316276298,66.35429724929129,68.48078986885771,117.31525658233372,65.0692599437597,65.70351135054564,66.00513694402625,67.33965384318017,67.26739016675485,0.1086459125939746,2425.69396,2456.53504,0.10048000000006141,0.09420000000000073,0.002059840000001259,0.001931100000000015,0.0019954700000006367,0.10286964740694375,0.0013956439237389601,0.358257569495584,0.10493903813361138,0.00089564392373896,False,True,False,turn_right,3.0,3.0,forward
4.704,0.032,31.25,70.6482685204039,63.590857502270325,68.8624750968481,68.88664116917404,72.0071978386946,115.27751602502761,76.34694731601552,64.47638861938425,68.7656154895185,76.34694731601552,67.56703523130759,0.10842529955908112,2425.78816,2456.63552,0.09420000000000073,0.10047999999960666,0.001931100000000015,0.002059839999991937,0.001995469999995976,0.10294356813361541,0.0013956439237389601,0.358257569495584,0.10490743991073032,0.00089564392373896,False,True,False,turn_right,3.0,3.0,forward
4.736,0.032,31.25,72.82419004505626,72.26859217557036,70.6509003230795,62.1625706370733,73.22720043547082,109.1620902998058,73.5865842224102,64.79484051511702,70.86855173953846,73.5865842224102,68.22733853295377,0.10794230105158972,2425.88236,2456.72972,0.09420000000000073,0.09420000000000073,0.001931100000000015,0.001931100000000015,0.001931100000000015,0.1029763399107303,0.0013956439237389601,0.358257569495584,0.10475543307926412,0.00089564392373896,False,True,False,turn_right,3.0,3.0,forward
4.768,0.032,31.25,63.249610909352015,61.11024414209911,73.81648286748525,68.37109321243268,67.13863575717782,107.84835797363327,66.90477908991667,70.34414409900349,65.40219456009282,70.34414409900349,67.66230973838158,0.10835534151096345,2425.98284,2456.82392,0.10048000000006141,0.09420000000000073,0.002059840000001259,0.001931100000000015,0.0019954700000006367,0.10275996307926348,0.0013956439237389601,0.358257569495584,0.10476454975661233,0.00089564392373896,False,True,False,turn_right,3.0,3.0,forward
4.8,0.032,31.25,65.86101620109507,70.58822076555326,71.06848777820984,67.08554302001951,63.73987462782705,109.33575474952637,60.59911517242436,66.89483466182433,65.98579670022426,70.58822076555326,67.32700713075012,0.10860194822121298,2426.07704,2456.9244,0.09420000000000073,0.10048000000006141,0.001931100000000015,0.002059840000001259,0.0019954700000006367,0.10276907975661169,0.0013956439237389601,0.358257569495584,0.10485874903592719,0.00089564392373896,False,True,False,turn_right,3.0,3.0,forward
4.832,0.032,31.25,65.99565043683128,65.7547005550852,70.68121085393145,64.69211753237602,60.49950408125152,108.14905441938791,66.08038559620618,67.3813504153878,66.30302175087762,67.3813504153878,67.12221005477562,0.1087531243178238,2426.17124,2457.0186,0.09420000000000073,0.09420000000000073,0.001931100000000015,0.001931100000000015,0.001931100000000015,0.10292764903592717,0.0013956439237389601,0.358257569495584,0.10501466965157606,0.00089564392373896,False,False,False,turn_right,3.0,3.0,forward
4.864,0.032,31.25,73.90347353927008,69.89458488983773,63.741343823653274,62.21424556786889,65.65645710890144,105.24099461640604,65.44491848413003,63.974667855846725,68.30441119227115,73.90347353927008,67.35865028227474,0.1085786275142382,2426.26544,2457.1128,0.09420000000000073,0.09420000000000073,0.001931100000000015,0.001931100000000015,0.001931100000000015,0.10308356965157604,0.0013956439237389601,0.358257569495584,0.10505221572569098,0.00089564392373896,False,False,False,turn_right,3.0,3.0,forward
4.896,0.032,31.25,68.99457322926986,73.19515915859704,67.08961820322881,64.81303185814178,71.1737251715125,105.29490273291569,69.98164787129556,61.82014878534003,68.49788226112562,73.19515915859704,67.58649667804492,0.10841100209122433,2426.36592,2457.207,0.10048000000006141,0.09420000000000073,0.002059840000001259,0.001931100000000015,0.0019954700000006367,0.10305674572569035,0.0013956439237389601,0.358257569495584,0.1049749485976628,0.00089564392373896,False,True,False,turn_right,3.0,3.0,forward
4.928,0.032,31.25,70.00034342924152,62.05961393909282,60.98752872741188,68.98988051526005,69.57601780305099,103.7537058008799,63.12054742498274,63.88573214370267,64.76655923425494,70.00034342924152,67.02250918928694,0.10882687343745776,2426.46012,2457.30748,0.09420000000000073,0.10048000000006141,0.001931100000000015,0.002059840000001259,0.0019954700000006367,0.10297947859766217,0.0013956439237389601,0.358257569495584,0.10507435206084835,0.00089564392373896,False,False,False,turn_right,3.0,3.0,forward
4.96,0.032,31.25,60.67732885884598,68.09969718031526,68.4554937390587,60.235603212429844,69.69710063513459,103.1388750436233,68.84692239906204,72.58473115995142,67.55216989954367,72.58473115995142,67.1284413313383,0.10874851833689621,2426.55432,2457.40168,0.09420000000000073,0.09420000000000073,0.001931100000000015,0.001931100000000015,0.001931100000000015,0.10314325206084833,0.0013956439237389601,0.358257569495584,0.1051513811332808,0.00089564392373896,False,False,False,turn_right,3.0,3.0,forward
4.992,0.032,31.25,66.80424161514716,68.808152338912,64.82763607512078,64.54431239002383,65.69594066362241,95.17968066165098,68.10126404260082,61.42465641848882,66.2845786037872,68.808152338912,66.95966878582809,0.10887340814109772,2426.6548,2457.49588,0.10047999999960666,0.09420000000000073,0.002059839999991937,0.001931100000000015,0.001995469999995976,0.10315591113328483,0.0013956439237389601,0.358257569495584,0.10520424771490215,0.00089564392373896,False,False,False,turn_right,3.0,3.0,forward
5.024,0.032,31.25,66.27601915401507,69.73330584212029,62.27163185538159,67.51947280935391,67.5272296401291,97.63684338596725,70.14509562120311,66.0690520005602,68.05586815447467,70.14509562120311,67.17890865955741,0.10871122870607726,2426.749,2457.59636,0.09420000000000073,0.10048000000006141,0.001931100000000015,0.002059840000001259,0.0019954700000006367,0.10320877771490151,0.0013956439237389601,0.358257569495584,0.1051800724332687,0.00089564392373896,False,False,False,turn_right,3.0,3.0,forward
5.056,0.032,31.25,74.29085672186261,71.76635520208256,67.50368884219863,72.52047201022434,69.37962960054163,96.15389747965678,66.28430523337734,64.13896468404165,69.12012046034104,74.29085672186261,67.56715101971415,0.10842521448328626,2426.8432,2457.69056,0.09420000000000073,0.09420000000000073,0.001931100000000015,0.001931100000000015,0.001931100000000015,0.10324897243326868,0.0013956439237389601,0.358257569495584,0.10510340032922882,0.00089564392373896,False,False,False,turn_right,3.0,3.0,forward
5.088,0.032,31.25,66.06017338933395,65.68836393910999,67.19217342367764,59.74902280558688,66.51826946509148,93.30546509902064,64.1220256539603,61.95590667852057,64.45661741523121,66.06017338933395,66.94504429881756,0.10888424360513632,2426.9374,2457.78476,0.09420000000000073,0.09420000000000073,0.001931100000000015,0.001931100000000015,0.001931100000000015,0.1031723003292288,0.0013956439237389601,0.358257569495584,0.10521864724435208,0.00089564392373896,False,False,False,turn_right,3.0,3.0,forward
5.12,0.032,31.25,67.1475714330736,66.94125453835075,66.32567768708294,64.8359374944482,74.90959412626019,80.29346864841459,63.460195437871405,68.4172108524812,66.49155806544424,68.4172108524812,66.85434705214291,0.10895149051542175,2427.03788,2457.87896,0.10048000000006141,0.09420000000000073,0.002059840000001259,0.001931100000000015,0.0019954700000006367,0.10322317724435144,0.0013956439237389601,0.358257569495584,0.10527538883415438,0.00089564392373896,False,False,False,turn_right,3.0,3.0,forward
5.152,0.032,31.25,65.02890841220187,71.96945411243645,69.29352208598783,71.49404243842102,64.98318956424544,78.31724037399513,74.2940626739452,63.47948022130154,68.69297635497126,74.2940626739452,67.22207291270858,0.10867935550321163,2427.13208,2457.97944,0.09420000000000073,0.10048000000006141,0.001931100000000015,0.002059840000001259,0.0019954700000006367,0.10327991883415374,0.0013956439237389601,0.358257569495584,0.10521430789185575,0.00089564392373896,False,False,False,turn_right,3.0,3.0,forward
5.184,0.032,31.25,72.95082362305331,71.26181527408112,65.84988490694629,60.04627228129664,67.51552471477754,86.35201593391778,66.83310432464084,71.2302426915379,70.56899647832829,72.95082362305331,67.89145762583253,0.10818745218185777,2427.22628,2458.07364,0.09420000000000073,0.09420000000000073,0.001931100000000015,0.001931100000000015,0.001931100000000015,0.10328320789185573,0.0013956439237389601,0.358257569495584,0.10504019053140445,0.00089564392373896,False,False,False,turn_right,3.0,3.0,forward
5.216,0.032,31.25,59.60676809541395,67.82514891065856,73.11170640272246,72.08151561348468,69.51077401891682,80.31157477108741,68.0088481478,76.4801722659458,67.98023435495458,76.4801722659458,67.90921297165694,0.10817446512318335,2427.32048,2458.16784,0.09420000000000073,0.09420000000000073,0.001931100000000015,0.001931100000000015,0.001931100000000015,0.10310909053140443,0.0013956439237389601,0.358257569495584,0.10492379932123984,0.00089564392373896,False,True,False,turn_right,3.0,3.0,forward
5.248,0.032,31.25,61.26758851522545,63.54488496104616,66.30251214049792,67.29489477372044,69.68335307935406,76.72602622805721,70.79987866855066,68.65163370170846,66.06599646163268,70.79987866855066,67.54056966965209,0.10844474869403377,2427.42096,2458.26204,0.10048000000006141,0.09420000000000073,0.002059840000001259,0.001931100000000015,0.0019954700000006367,0.1029283293212392,0.0013956439237389601,0.358257569495584,0.10490462831805494,0.00089564392373896,False,True,False,turn_right,3.0,3.0,forward
5.28,0.032,31.25,66.62180367495901,68.00007157366589,74.49980231271684,66.21532761398166,66.84523336739838,78.52075911846822,62.13702591804293,69.00809178740818,66.44174823851901,69.00809178740818,67.32080538342547,0.10860652002517564,2427.51516,2458.36252,0.09420000000000073,0.10048000000006141,0.001931100000000015,0.002059840000001259,0.0019954700000006367,0.1029091583180543,0.0013956439237389601,0.358257569495584,0.1049502812757848,0.00089564392373896,False,True,False,turn_right,3.0,3.0,forward
5.312,0.032,31.25,67.34316393099962,62.63531423561355,71.38783957044454,70.09408873543758,67.0604919223897,75.03838499396855,64.17741179505595,68.22503051937932,65.5952301202621,68.22503051937932,66.9756903307928,0.10886154005461303,2427.60936,2458.45672,0.09420000000000073,0.09420000000000073,0.001931100000000015,0.001931100000000015,0.001931100000000015,0.10301918127578479,0.0013956439237389601,0.358257569495584,0.10511225053200898,0.00089564392373896,False,False,False,turn_right,3.0,3.0,forward
5.344,0.032,31.25,66.78940128050517,64.28408339989885,66.20970737080503,74.90959325993104,78.57029679707637,65.68180312360487,63.95164509263039,75.08626846163159,67.5278495586665,75.08626846163159,67.08612217636754,0.10877980711745718,2427.70984,2458.55092,0.10048000000006141,0.09420000000000073,0.002059840000001259,0.001931100000000015,0.0019954700000006367,0.10311678053200835,0.0013956439237389601,0.358257569495584,0.10514560267250012,0.00089564392373896,False,False,False,turn_right,3.0,3.0,forward
5.376,0.032,31.25,65.10607133549408,67.30268454545084,60.46740688352618,67.71544114933484,69.3545634987691,64.4170347220663,67.83310237442717,69.3043614533476,67.38655492717992,69.3043614533476,67.14620872653002,0.10873538732986227,2427.80404,2458.6514,0.09420000000000073,0.10048000000006141,0.001931100000000015,0.002059840000001259,0.0019954700000006367,0.10315013267249948,0.0013956439237389601,0.358257569495584,0.10515109243106016,0.00089564392373896,False,False,False,turn_right,3.0,3.0,forward
5.408,0.032,31.25,65.24916511314251,69.53571920325169,68.20165510842264,72.60277102887613,64.38553503095717,65.34620255636408,68.69587437451582,66.37258844095366,67.46333678296592,69.53571920325169,67.2096343378172,0.10868853843684675,2427.89824,2458.7456,0.09420000000000073,0.09420000000000073,0.001931100000000015,0.001931100000000015,0.001931100000000015,0.10321999243106014,0.0013956439237389601,0.358257569495584,0.10517914043176804,0.00089564392373896,False,False,False,turn_right,3.0,3.0,forward
5.44,0.032,31.25,67.11523967246951,73.66217782964092,66.44768780051626,65.66890852736648,63.916540234680625,71.23055128411373,69.5987754269962,67.28020313922504,69.41409901708292,73.66217782964092,67.65052727367035,0.10836398823245642,2427.99244,2458.8398,0.09420000000000073,0.09420000000000073,0.001931100000000015,0.001931100000000015,0.001931100000000015,0.10324804043176802,0.0013956439237389601,0.358257569495584,0.10508086745650892,0.00089564392373896,False,False,False,turn_right,3.0,3.0,forward
5.472,0.032,31.25,70.61991296048323,62.21063011888645,60.942252403803465,64.47694576660125,67.59370702957966,72.00376828341457,66.30779245486423,65.79591786250518,66.23356334918478,70.61991296048323,67.36713448877323,0.10857237643593401,2428.09292,2458.934,0.10048000000006141,0.09420000000000073,0.002059840000001259,0.001931100000000015,0.0019954700000006367,0.10308539745650828,0.0013956439237389601,0.358257569495584,0.1050511492095507,0.00089564392373896,False,False,False,turn_right,3.0,3.0,forward
5.5040000000000004,0.032,31.25,67.88570313475225,62.06165088133781,64.03452492794558,63.18891937025011,61.50056784045598,72.06074722169284,65.44007170619932,61.62308577457527,64.25262787421616,67.88570313475225,66.74423316586183,0.10903324549671092,2428.18712,2459.03448,0.09420000000000073,0.10047999999960666,0.001931100000000015,0.002059839999991937,0.001995469999995976,0.10305567920955473,0.0013956439237389601,0.358257569495584,0.10519718757909005,0.00089564392373896,False,False,False,turn_right,3.0,3.0,forward
5.5360000000000005,0.032,31.25,63.565086064149945,71.76084945261395,69.94839649193112,64.454179311842,66.62850111998637,61.687232230668855,62.30752184294944,72.28425317827435,67.47942763449693,72.28425317827435,66.89127205958886,0.10892410267581683,2428.28132,2459.12868,0.09420000000000073,0.09420000000000073,0.001931100000000015,0.001931100000000015,0.001931100000000015,0.10326608757909003,0.0013956439237389601,0.358257569495584,0.1052931143158127,0.00089564392373896,False,False,False,turn_right,3.0,3.0,forward
5.5680000000000005,0.032,31.25,66.69632611823131,66.0293747162227,69.40209554644494,62.98454540147675,61.39605992452569,67.10758531331632,74.21951335874986,69.0964090896977,69.0104058207254,74.21951335874986,67.31509881181617,0.10861072713557204,2428.37552,2459.22288,0.09420000000000073,0.09420000000000073,0.001931100000000015,0.001931100000000015,0.001931100000000015,0.10336201431581268,0.0013956439237389601,0.358257569495584,0.10524240541359998,0.00089564392373896,False,False,False,turn_right,3.0,3.0,forward
5.6000000000000005,0.032,31.25,65.41139324059296,63.776231524361286,69.28291603601087,66.78389623487296,68.15317654864137,64.97156700562833,64.873668718525,70.10044929613004,66.04043569490231,70.10044929613004,67.0601661884334,0.10879900665621875,2428.476,2459.31708,0.10048000000006141,0.09420000000000073,0.002059840000001259,0.001931100000000015,0.0019954700000006367,0.10324693541359935,0.0013956439237389601,0.358257569495584,0.1052360069626465,0.00089564392373896,False,False,False,turn_right,3.0,3.0,forward
5.632,0.032,31.25,66.52975546767864,63.93154217652547,66.95170389875801,69.13671385467633,67.5840668545461,62.98070649264889,73.33660025116725,67.145790863529,67.73592218972509,73.33660025116725,67.19531738869173,0.10869911002501224,2428.5702,2459.41756,0.09420000000000073,0.10048000000006141,0.001931100000000015,0.002059840000001259,0.0019954700000006367,0.10324053696264586,0.0013956439237389601,0.358257569495584,0.10519611208088331,0.00089564392373896,False,False,False,turn_right,3.0,3.0,forward
5.664,0.032,31.25,70.41281035980957,62.89173456580262,69.72811540981364,69.11958717090266,67.15174987709229,68.8239080998882,70.9286499873357,63.67175174893762,66.97623666547139,70.9286499873357,67.15150124404767,0.10873147650369083,2428.6644,2459.51176,0.09420000000000073,0.09420000000000073,0.001931100000000015,0.001931100000000015,0.001931100000000015,0.10326501208088329,0.0013956439237389601,0.358257569495584,0.1052234143387324,0.00089564392373896,False,False,False,turn_right,3.0,3.0,forward
5.696,0.032,31.25,72.71036610537845,64.70085552666788,74.34748891946853,66.48963791718022,67.5113396579041,68.9309111736499,61.31626401548496,67.62652366231134,66.58850232746066,72.71036610537845,67.03890146073027,0.10881474114027659,2428.76488,2459.60596,0.10048000000006141,0.09420000000000073,0.002059840000001259,0.001931100000000015,0.0019954700000006367,0.10322794433873177,0.0013956439237389601,0.358257569495584,0.10522945658211892,0.00089564392373896,False,False,False,turn_right,3.0,3.0,forward
5.728,0.032,31.25,66.8427387029869,67.55149724620712,70.10452969496846,66.21796010051945,63.98753661790882,71.6445351402965,65.37283955226881,71.11571766513093,67.72069829164845,71.11571766513093,67.17526082691391,0.10871392318316914,2428.85908,2459.70644,0.09420000000000073,0.10048000000006141,0.001931100000000015,0.002059840000001259,0.0019954700000006367,0.10323398658211828,0.0013956439237389601,0.358257569495584,0.10519721534980066,0.00089564392373896,False,False,False,turn_right,3.0,3.0,forward
5.76,0.032,31.25,69.88610074335125,63.642633765282206,66.78862345404434,61.02859074783059,69.8125961894321,70.41797734496306,60.5753069774571,66.86127235370951,65.24132845995001,69.88610074335125,66.78847435352114,0.10900038351421285,2428.95328,2459.80064,0.09420000000000073,0.09420000000000073,0.001931100000000015,0.001931100000000015,0.001931100000000015,0.10326611534980064,0.0013956439237389601,0.358257569495584,0.10532046032521886,0.00089564392373896,False,False,False,turn_right,3.0,3.0,forward
5.792,0.032,31.25,64.7099256228854,68.42510078184378,66.89831913842758,70.2566575216725,66.57040790221919,65.28062642873782,63.44679522310025,60.74554478250925,64.33184160258466,68.42510078184378,66.29714780333384,0.10936645204805141,2429.04748,2459.89484,0.09420000000000073,0.09420000000000073,0.001931100000000015,0.001931100000000015,0.001931100000000015,0.10338936032521884,0.0013956439237389601,0.358257569495584,0.105530698678493,0.00089564392373896,False,False,False,turn_right,3.0,3.0,forward
5.824,0.032,31.25,73.27015763525002,62.1678600956466,64.25321543274617,67.08737073548409,65.51759605725313,72.57844989940637,61.46208277496871,70.78391604087581,66.92100413668528,73.27015763525002,66.42191907000414,0.10927325704801356,2429.14796,2459.98904,0.10047999999960666,0.09420000000000073,0.002059839999991937,0.001931100000000015,0.001995469999995976,0.10353522867849703,0.0013956439237389601,0.358257569495584,0.10559092077585673,0.00089564392373896,False,False,False,turn_right,3.0,3.0,forward
5.856,0.032,31.25,66.93576444629261,65.00690126859911,70.46963490511911,63.22608483690982,66.41069943765854,65.75159462206223,63.99260384038075,70.45973143472558,66.59875024749951,70.45973143472558,66.4572853055032,0.10924686994316966,2429.24216,2460.08952,0.09420000000000073,0.10048000000006141,0.001931100000000015,0.002059840000001259,0.0019954700000006367,0.1035954507758561,0.0013956439237389601,0.358257569495584,0.10562011447093861,0.00089564392373896,False,False,False,turn_right,3.0,3.0,forward
5.888,0.032,31.25,64.59474787597883,65.60268580786384,69.18103830183752,63.10158551580917,64.88859598673912,67.3586520417145,74.19096900704722,64.29718320688188,67.17139647444294,74.19096900704722,66.60010753929116,0.10914043835685282,2429.33636,2460.18372,0.09420000000000073,0.09420000000000073,0.001931100000000015,0.001931100000000015,0.001931100000000015,0.10368901447093859,0.0013956439237389601,0.358257569495584,0.1056420283425964,0.00089564392373896,False,False,False,turn_right,3.0,3.0,forward
5.92,0.032,31.25,63.938543204770156,66.61093765636205,67.24439667963065,65.68486105137896,67.05185592240369,66.24160939066756,71.80176572763729,66.73218105373265,67.27085691062554,71.80176572763729,66.73425741355804,0.10904065813960104,2429.43056,2460.27792,0.09420000000000073,0.09420000000000073,0.001931100000000015,0.001931100000000015,0.001931100000000015,0.10371092834259638,0.0013956439237389601,0.358257569495584,0.10562034438573946,0.00089564392373896,False,False,False,turn_right,3.0,3.0,forward
5.952,0.032,31.25,70.17436453508148,68.93079260134338,70.59293485220964,71.38540296798442,65.65676629161513,70.83419159606818,74.21236443169092,70.4848960311054,70.95060439980529,74.21236443169092,67.57752681080748,0.1084175913891808,2429.53104,2460.37212,0.10048000000006141,0.09420000000000073,0.002059840000001259,0.001931100000000015,0.0019954700000006367,0.10362487438573882,0.0013956439237389601,0.358257569495584,0.1053419015306721,0.00089564392373896,False,False,False,turn_right,3.0,3.0,forward
5.984,0.032,31.25,67.35150451248666,69.50877269630278,66.28958402667648,63.12737273255438,68.14328165772021,69.98230755710617,65.80968485093987,62.60996936462518,66.31998285608863,69.50877269630278,67.32601801986372,0.10860267734815683,2429.62524,2460.4726,0.09420000000000073,0.10048000000006141,0.001931100000000015,0.002059840000001259,0.0019954700000006367,0.10334643153067147,0.0013956439237389601,0.358257569495584,0.1052295213819151,0.00089564392373896,False,False,False,turn_right,3.0,3.0,forward
6.016,0.032,31.25,68.71556553218683,74.47003400056104,62.81108483129669,71.76452904917157,64.77955561566301,64.82864241873767,73.28464949768174,69.1380421088716,71.40207278482531,74.47003400056104,68.14122897285606,0.1080050443143798,2429.71944,2460.5668,0.09420000000000073,0.09420000000000073,0.001931100000000015,0.001931100000000015,0.001931100000000015,0.10329842138191508,0.0013956439237389601,0.358257569495584,0.10498460467423207,0.00089564392373896,False,True,False,turn_right,3.0,3.0,forward
6.048,0.032,31.25,63.49943352126944,58.90880637224484,71.43049364105471,65.46204032504363,67.41799364853021,73.01788229266198,68.24226859854798,63.27460052317562,63.48127725380947,68.24226859854798,67.20923862904675,0.10868883059927018,2429.81992,2460.661,0.10048000000006141,0.09420000000000073,0.002059840000001259,0.001931100000000015,0.0019954700000006367,0.10298913467423143,0.0013956439237389601,0.358257569495584,0.1050310938831997,0.00089564392373896,False,False,False,turn_right,3.0,3.0,forward
6.08,0.032,31.25,69.38683939105034,65.73138980251098,72.8049832695771,64.38406508808848,66.21295460772184,66.97075887419216,68.46561943575809,66.27319749358601,67.46426153072635,69.38683939105034,67.26024320938268,0.10865118548833526,2429.91412,2460.76148,0.09420000000000073,0.10048000000006141,0.001931100000000015,0.002059840000001259,0.0019954700000006367,0.10303562388319906,0.0013956439237389601,0.358257569495584,0.10504744133520788,0.00089564392373896,False,False,False,turn_right,3.0,3.0,forward
6.112,0.032,31.25,61.51960268930723,66.10272380408864,70.15257188026881,67.25049397686725,66.40422134923155,64.83718585565549,61.05564329346518,64.75782855887331,63.35894958643359,66.10272380408864,66.47998448479287,0.10922994057021541,2430.00832,2460.85568,0.09420000000000073,0.09420000000000073,0.001931100000000015,0.001931100000000015,0.001931100000000015,0.10311634133520786,0.0013956439237389601,0.358257569495584,0.10530658453801173,0.00089564392373896,False,False,False,turn_right,3.0,3.0,forward
6.144,0.032,31.25,65.92249592568824,67.31208293395238,65.2756637853129,66.42457649001119,62.70012505349731,64.52790408556831,64.71220944172572,66.92542459205725,66.2180532233559,67.31208293395238,66.42759823250547,0.10926901890854179,2430.10252,2460.94988,0.09420000000000073,0.09420000000000073,0.001931100000000015,0.001931100000000015,0.001931100000000015,0.10337548453801171,0.0013956439237389601,0.358257569495584,0.10548688783733651,0.00089564392373896,False,False,False,turn_right,3.0,3.0,forward
6.176,0.032,31.25,66.17817428681059,64.11943021336523,67.72025662816749,70.06098700906738,66.82664848234887,59.81643455012762,67.17555923051205,68.06556652485276,66.38468256388515,68.06556652485276,66.41901509878141,0.1092754242965343,2430.203,2461.04408,0.10048000000006141,0.09420000000000073,0.002059840000001259,0.001931100000000015,0.0019954700000006367,0.10349141783733587,0.0013956439237389601,0.358257569495584,0.10556358193335505,0.00089564392373896,False,False,False,turn_right,3.0,3.0,forward
6.208,0.032,31.25,62.264949155519986,68.67016725694705,67.1987952486582,66.0416386950597,67.14067176444311,69.4800343468001,65.5838274862172,67.22290650265604,65.93546260033507,68.67016725694705,66.32230459909215,0.10934764897148341,2430.2972,2461.14456,0.09420000000000073,0.10048000000006141,0.001931100000000015,0.002059840000001259,0.0019954700000006367,0.10356811193335441,0.0013956439237389601,0.358257569495584,0.10563867482544421,0.00089564392373896,False,False,False,turn_right,3.0,3.0,forward
6.24,0.032,31.25,63.77346436847521,66.92392091198626,64.79948744936195,65.94581738449352,65.61355996490704,65.42429256556,66.35881508293947,64.1314483538202,65.29691217930528,66.92392091198626,66.11722611513478,0.1095011206097809,2430.3914,2461.23876,0.09420000000000073,0.09420000000000073,0.001931100000000015,0.001931100000000015,0.001931100000000015,0.1037075748254442,0.0013956439237389601,0.358257569495584,0.10578315645690205,0.00089564392373896,False,False,False,turn_right,3.0,3.0,forward
6.272,0.032,31.25,65.19709356557614,67.5813260660889,69.3950587500738,63.76331192728715,68.33592167011284,67.22206230956188,64.16984820721959,64.41824439819462,65.34162805926981,67.5813260660889,65.96210650396179,0.10961749171224601,2430.49188,2461.33296,0.10048000000006141,0.09420000000000073,0.002059840000001259,0.001931100000000015,0.0019954700000006367,0.10378768645690141,0.0013956439237389601,0.358257569495584,0.10587625831831375,0.00089564392373896,False,False,False,turn_right,3.0,3.0,forward
6.304,0.032,31.25,70.19576620886389,66.70960406753949,69.97552261906671,71.98004390339435,66.6626964345138,69.69047277139768,71.75811348111341,69.95281456393279,69.65407458036239,71.75811348111341,66.70050011924192,0.1090657495168373,2430.58608,2461.42716,0.09420000000000073,0.09420000000000073,0.001931100000000015,0.001931100000000015,0.001931100000000015,0.10394515831831373,0.0013956439237389601,0.358257569495584,0.10577964887547726,0.00089564392373896,False,False,False,turn_right,3.0,3.0,forward
6.336,0.032,31.25,67.6577074901461,67.59892859334579,67.71889411249724,69.2196705177232,65.09580340386391,65.30423844828839,63.83837627105993,63.468323520594105,65.64083396878648,67.6577074901461,66.48856688915085,0.10922354105701189,2430.68028,2461.52764,0.09420000000000073,0.10047999999960666,0.001931100000000015,0.002059839999991937,0.001995469999995976,0.10378417887548129,0.0013956439237389601,0.358257569495584,0.10573287155024264,0.00089564392373896,False,False,False,turn_right,3.0,3.0,forward
6.368,0.032,31.25,65.29998339192213,68.33011186604054,70.23609219302186,67.55461996893303,63.8377322149125,75.32511601622082,65.1584374162885,60.997507311106034,64.9465099963393,68.33011186604054,66.18015551058855,0.10945398124741386,2430.77448,2461.62184,0.09420000000000073,0.09420000000000073,0.001931100000000015,0.001931100000000015,0.001931100000000015,0.10380177155024262,0.0013956439237389601,0.358257569495584,0.10582671845863055,0.00089564392373896,False,False,False,turn_right,3.0,3.0,forward
6.4,0.032,31.25,64.86728033107745,68.58689546782554,66.19336563209917,63.112785180677676,66.37795500138468,61.242530075071926,66.07284075718509,66.40226064588029,66.4823193004921,68.58689546782554,66.24058826856927,0.10940875026170006,2430.87496,2461.71604,0.10048000000006141,0.09420000000000073,0.002059840000001259,0.001931100000000015,0.0019954700000006367,0.10383124845862991,0.0013956439237389601,0.358257569495584,0.10582943069845506,0.00089564392373896,False,False,False,turn_right,3.0,3.0,forward
6.432,0.032,31.25,69.3567135586375,71.78767801113038,67.87421815851695,65.7585981202268,64.53803981356015,64.80114124707464,66.40066326001417,68.4099494354058,68.98875106629697,71.78767801113038,66.79022082811481,0.10899908665397628,2430.96916,2461.81652,0.09420000000000073,0.10048000000006141,0.001931100000000015,0.002059840000001259,0.0019954700000006367,0.10383396069845442,0.0013956439237389601,0.358257569495584,0.10568440616941824,0.00089564392373896,False,False,False,turn_right,3.0,3.0,forward
6.464,0.032,31.25,65.73612604090287,65.18069049094665,70.12774089479424,67.15057493708784,64.02659310669175,70.53575778830758,66.4659684015476,65.24676606041918,65.65738774845407,66.4659684015476,66.56365421218267,0.10916758377787532,2431.06336,2461.91072,0.09420000000000073,0.09420000000000073,0.001931100000000015,0.001931100000000015,0.001931100000000015,0.10375330616941822,0.0013956439237389601,0.358257569495584,0.10569301210599842,0.00089564392373896,False,False,False,turn_right,3.0,3.0,forward
6.496,0.032,31.25,71.10118220627608,66.20786012727602,66.88724733572967,64.48141253598861,69.90022060245404,69.18536969270204,64.00790539218694,68.58856438198099,67.47637802693,71.10118220627608,66.74619897513215,0.10903178488944296,2431.15756,2462.00492,0.09420000000000073,0.09420000000000073,0.001931100000000015,0.001931100000000015,0.001931100000000015,0.1037619121059984,0.0013956439237389601,0.358257569495584,0.10564988392094618,0.00089564392373896,False,False,False,turn_right,3.0,3.0,forward
6.5280000000000005,0.032,31.25,63.35227148025809,68.29645633159232,65.30038747775649,66.22910913656324,65.09777649516971,74.82587857980471,66.11190292258647,68.78511117968426,66.63643547853029,68.78511117968426,66.72424627581178,0.1090480980895499,2431.25804,2462.09912,0.10048000000006141,0.09420000000000073,0.002059840000001259,0.001931100000000015,0.0019954700000006367,0.10365441392094554,0.0013956439237389601,0.358257569495584,0.10558674210181655,0.00089564392373896,False,False,False,turn_right,3.0,3.0,forward
6.5600000000000005,0.032,31.25,69.60032601959377,65.49650830737123,65.87105382861003,64.66583730684063,63.37563486127143,66.351081556447,61.97110225575264,70.44824757935382,66.87904604051786,70.44824757935382,66.755206228753,0.10902509295009394,2431.35224,2462.1996,0.09420000000000073,0.10048000000006141,0.001931100000000015,0.002059840000001259,0.0019954700000006367,0.10359127210181591,0.0013956439237389601,0.358257569495584,0.10553797955199443,0.00089564392373896,False,False,False,turn_right,3.0,3.0,forward
6.5920000000000005,0.032,31.25,70.07210814456415,65.6571715735515,71.92285253271932,69.35795826730184,66.77789683650569,67.66824112771644,68.86664476275665,65.58813696500367,67.546015361469,70.07210814456415,66.9133680552962,0.10890772032384295,2431.44644,2462.2938,0.09420000000000073,0.09420000000000073,0.001931100000000015,0.001931100000000015,0.001931100000000015,0.10360687955199441,0.0013956439237389601,0.358257569495584,0.10550594588319996,0.00089564392373896,False,False,False,turn_right,3.0,3.0,forward
6.6240000000000006,0.032,31.25,68.16722530173111,61.746556187563705,65.35232807929283,60.06796902205669,68.21324659394313,68.05341280686167,64.47141222398757,72.70686718193173,66.77301522380353,72.70686718193173,66.88529748899767,0.10892853317193621,2431.54692,2462.388,0.10047999999960666,0.09420000000000073,0.002059839999991937,0.001931100000000015,0.001995469999995976,0.10351047588320399,0.0013956439237389601,0.358257569495584,0.10545153591885302,0.00089564392373896,False,False,False,turn_right,3.0,3.0,forward
6.656000000000001,0.032,31.25,68.30044750423151,69.7570883024058,70.44873455657752,61.89877014508837,68.53108886606506,64.11303051347842,64.63258524964311,73.63904586813312,69.08229173110338,73.63904586813312,67.32469633741881,0.10860365164680255,2431.64112,2462.48848,0.09420000000000073,0.10048000000006141,0.001931100000000015,0.002059840000001259,0.0019954700000006367,0.10345606591885238,0.0013956439237389601,0.358257569495584,0.10530022747051797,0.00089564392373896,False,False,False,turn_right,3.0,3.0,forward
6.688,0.032,31.25,71.22767840101962,65.34657942427711,71.16455667213624,65.85989046285437,59.97747797157029,69.07473970592244,65.40580790370947,70.12887500977462,68.0272351846952,71.22767840101962,67.4652041068741,0.10850017193482568,2431.73532,2462.58268,0.09420000000000073,0.09420000000000073,0.001931100000000015,0.001931100000000015,0.001931100000000015,0.10336912747051795,0.0013956439237389601,0.358257569495584,0.1052073629892746,0.00089564392373896,False,False,False,turn_right,3.0,3.0,forward
6.72,0.032,31.25,69.41876177314019,65.48021705746748,66.47688568525373,69.02605456663683,64.21380774649987,73.27608181111691,67.00004698060602,64.3469049769392,66.56148269703823,69.41876177314019,67.28445982490692,0.10863332098322487,2431.82952,2462.67688,0.09420000000000073,0.09420000000000073,0.001931100000000015,0.001931100000000015,0.001931100000000015,0.10327626298927459,0.0013956439237389601,0.358257569495584,0.1051954695658341,0.00089564392373896,False,False,False,turn_right,3.0,3.0,forward
6.752,0.032,31.25,72.69025695623101,70.76984339953196,80.55871926288968,65.93873120411757,71.09152709783547,64.2068435588772,67.85093080746675,80.4765069532803,72.9468845291275,80.4765069532803,68.41694476575104,0.10780440215403349,2431.93,2462.77108,0.10048000000006141,0.09420000000000073,0.002059840000001259,0.001931100000000015,0.0019954700000006367,0.10319999956583346,0.0013956439237389601,0.358257569495584,0.10484956164606118,0.00089564392373896,False,True,False,turn_right,3.0,3.0,forward
6.784,0.032,31.25,68.04637545134838,68.35902858103165,68.49807748741141,67.7404608849463,66.39584478454842,71.70632455417365,67.92269862095984,65.95499497900997,67.57077440808746,68.35902858103165,68.24771069421833,0.10792746764907718,2432.0242,2462.87156,0.09420000000000073,0.10048000000006141,0.001931100000000015,0.002059840000001259,0.0019954700000006367,0.10285409164606055,0.0013956439237389601,0.358257569495584,0.1046716670020385,0.00089564392373896,False,True,False,turn_right,3.0,3.0,forward
6.816,0.032,31.25,66.63914643099761,67.74981754412214,79.1901944792919,66.65950996886215,73.71508445252802,71.83089341975816,65.45220248378675,68.6109147280898,67.11302029674907,68.6109147280898,68.02077261472448,0.10809293666940628,2432.1184,2462.96576,0.09420000000000073,0.09420000000000073,0.001931100000000015,0.001931100000000015,0.001931100000000015,0.10274056700203849,0.0013956439237389601,0.358257569495584,0.10465809395011155,0.00089564392373896,False,True,False,turn_right,3.0,3.0,forward
6.848,0.032,31.25,71.48307941106188,61.273770522461795,86.01778213468043,69.79469674937287,69.48574796738122,67.39892080019986,68.92744450159996,69.26660709810037,67.73772538330601,71.48307941106188,67.96416316844079,0.10813429182704042,2432.2126,2463.05996,0.09420000000000073,0.09420000000000073,0.001931100000000015,0.001931100000000015,0.001931100000000015,0.10272699395011153,0.0013956439237389601,0.358257569495584,0.1046641993450387,0.00089564392373896,False,True,False,turn_right,3.0,3.0,forward
6.88,0.032,31.25,66.79186278754912,71.72679081356905,98.3820623513193,68.3774204307762,65.97491308866536,70.85755843082646,65.35985578865231,68.27677369751855,68.03882077182226,71.72679081356905,67.97909468911709,0.10812338076276053,2432.31308,2463.15416,0.10048000000006141,0.09420000000000073,0.002059840000001259,0.001931100000000015,0.0019954700000006367,0.10266872934503807,0.0013956439237389601,0.358257569495584,0.10462289950439696,0.00089564392373896,False,True,False,turn_right,3.0,3.0,forward
6.912,0.032,31.25,63.48905338436671,62.94466534553095,94.79990491309267,58.371712778856406,63.26069517641902,69.01501215152656,71.39548206569039,144.81004221303607,85.65981075215603,144.81004221303607,71.51523790172487,0.10559993979204817,2432.40728,2463.25464,0.09420000000000073,0.10048000000006141,0.001931100000000015,0.002059840000001259,0.0019954700000006367,0.10262742950439632,0.0013956439237389601,0.358257569495584,0.1036923538153511,0.00089564392373896,True,True,True,turn_left,-2.5,2.5,start_turn_left
6.944,0.032,31.25,64.55491804187372,68.86676409587328,106.88253995386128,72.75659307938497,64.31849706127093,59.21302696906619,69.53200947842716,134.95880658051328,84.47812454917185,134.95880658051328,74.10781523121427,0.10382341723548896,2432.32564,2463.33,-0.08163999999987936,0.07535999999981868,-0.001673619999997527,0.0015448799999962831,-6.437000000062191e-05,0.10375672381535171,0.0013956439237389601,0.358257569495584,0.10378061723795143,0.00089564392373896,True,True,True,turn_left,-2.5,2.5,turning_left
6.976,0.032,31.25,116.82889225418162,64.16289577154936,106.60022981087651,69.70082661659428,64.94964884891438,66.89462523292568,67.34428292380144,69.63647417204123,79.49313628039341,116.82889225418162,75.1848794410501,0.10310282843038134,2432.25028,2463.41164,-0.07535999999981868,0.08163999999987936,-0.0015448799999962831,0.001673619999997527,6.437000000062191e-05,0.10371624723795081,0.0013956439237389601,0.358257569495584,0.10349648530686809,0.00089564392373896,False,True,True,turn_left,-2.5,2.5,turning_left
7.008,0.032,31.25,122.49821020987149,66.78613419960803,108.45613930930573,73.98843033815206,63.48405872944623,66.68044975976262,74.48456159911049,123.77612707450179,96.88625827077294,123.77612707450179,79.52515520699467,0.10029766138913276,2432.16864,2463.49328,-0.08164000000033411,0.08164000000033411,-0.0016736200000068494,0.0016736200000068494,0.0,0.10349648530686809,0.0013956439237389601,0.358257569495584,0.1023504824248559,0.00089564392373896,True,True,True,turn_left,-2.5,2.5,turning_left
7.04,0.032,31.25,122.95392203205014,63.615883916258475,105.27419097234866,67.68803268975635,62.404145692230614,63.74342874943562,64.2652055633644,117.12272399158662,91.98943387581491,122.95392203205014,82.01801094075873,0.09875445271236134,2432.087,2463.57492,-0.08163999999987936,0.08163999999987936,-0.001673619999997527,0.001673619999997527,0.0,0.1023504824248559,0.0013956439237389601,0.358257569495584,0.10106217756022369,0.00089564392373896,True,True,True,turn_left,-2.5,2.5,turning_left
7.072,0.032,31.25,136.1722728584193,64.44928113486306,101.85672187725834,67.23636111137846,72.02299390910748,67.58880028958869,69.49623303943518,108.75446281482547,94.71806246188575,136.1722728584193,84.55802124498415,0.09723014338012825,2432.01164,2463.65028,-0.07535999999981868,0.07535999999981868,-0.0015448799999962831,0.0015448799999962831,0.0,0.10106217756022369,0.0013956439237389601,0.358257569495584,0.0996893223086387,0.00089564392373896,True,True,True,turn_left,-2.5,2.5,turning_left
7.104,0.032,31.25,135.33592707200165,68.60062551812214,97.77149149142451,68.73505751608346,64.59488929543464,64.07067424595692,73.70350783024614,102.95469482918725,95.1486888123893,135.33592707200165,86.67615475846519,0.0959945351702289,2431.93,2463.73192,-0.08164000000033411,0.08164000000033411,-0.0016736200000068494,0.0016736200000068494,0.0,0.0996893223086387,0.0013956439237389601,0.358257569495584,0.09836563684862847,0.00089564392373896,True,True,True,turn_left,-2.5,2.5,turning_left
7.136,0.032,31.25,134.04328737269643,74.52899692473831,103.94142112839218,62.56081469501034,70.49953694896443,68.11285683072525,69.86724649909102,77.38541661060991,88.95623685178393,134.04328737269643,87.13217117712894,0.0957326162121294,2431.84836,2463.81356,-0.08163999999987936,0.08163999999987936,-0.001673619999997527,0.001673619999997527,0.0,0.09836563684862847,0.0013956439237389601,0.358257569495584,0.09742233727496459,0.00089564392373896,True,True,True,turn_left,-2.5,2.5,turning_left
7.168,0.032,31.25,128.69098753274358,69.73185942229975,94.26718025908723,66.24455109181038,69.47606224643651,68.40549542513494,69.12745763633063,67.86580421001469,83.85402720034716,128.69098753274358,86.47654238177259,0.0961096366556435,2431.76672,2463.8952,-0.08163999999987936,0.08163999999987936,-0.001673619999997527,0.001673619999997527,0.0,0.09742233727496459,0.0013956439237389601,0.358257569495584,0.09695205234161126,0.00089564392373896,True,True,True,turn_left,-2.5,2.5,turning_left
7.2,0.032,31.25,134.7605478574483,68.44992447341922,86.94359546927791,66.85158496982288,65.2149679361038,67.1271680249201,68.8408667954501,69.95847372370622,85.50245321250596,134.7605478574483,86.28172454791925,0.09622223995751922,2431.68508,2463.97056,-0.08163999999987936,0.07536000000027343,-0.001673619999997527,0.0015448800000056053,-6.436999999596081e-05,0.09701642234160722,0.0013956439237389601,0.358257569495584,0.09673190049094764,0.00089564392373896,True,True,True,turn_left,-2.5,2.5,turning_left
7.232,0.032,31.25,136.6754933086827,70.07459910168987,73.42941363542299,64.27719415113745,67.21509069786832,69.09853496597162,72.49420852832844,63.44213589690457,85.6716092089014,136.6754933086827,86.15970148011569,0.09629290289688393,2431.60972,2464.0522,-0.07536000000027343,0.08163999999987936,-0.0015448800000056053,0.001673619999997527,6.436999999596081e-05,0.09666753049095168,0.0013956439237389601,0.358257569495584,0.09653331731963499,0.00089564392373896,True,True,True,turn_left,-2.5,2.5,turning_left
7.264,0.032,31.25,124.07859495178671,115.70716237944345,65.485640539105,62.95251480617766,65.1828622481234,67.13994038856961,70.0734604153342,69.98527441888596,94.96112304136258,124.07859495178671,87.91998579236507,0.09528347638013845,2431.52808,2464.13384,-0.08163999999987936,0.08163999999987936,-0.001673619999997527,0.001673619999997527,0.0,0.09653331731963499,0.0013956439237389601,0.358257569495584,0.09608555234239488,0.00089564392373896,True,True,True,turn_left,-2.5,2.5,turning_left
7.296,0.032,31.25,74.61107983347111,131.87153155332075,57.41155415780793,67.64209303955096,69.13030352893836,67.44546605858582,69.00828923183676,67.23738260337392,85.68207080550064,131.87153155332075,87.47240279499219,0.09553812886763237,2431.44644,2464.2092,-0.08163999999987936,0.07535999999981868,-0.001673619999997527,0.0015448799999962831,-6.437000000062191e-05,0.0961499223423955,0.0013956439237389601,0.358257569495584,0.0959307426990936,0.00089564392373896,True,True,True,turn_left,-2.5,2.5,turning_left
7.328,0.032,31.25,67.72492793708173,141.04742872248974,63.08920946923034,67.767445496516,65.70006848804076,69.50733876095852,67.56842143743134,70.28769517824662,86.65711831881237,141.04742872248974,87.30934589975624,0.09563123873299005,2431.37108,2464.29084,-0.07536000000027343,0.08164000000033411,-0.0015448800000056053,0.0016736200000068494,6.437000000062202e-05,0.09586637269909298,0.0013956439237389601,0.358257569495584,0.09578213417589108,0.00089564392373896,True,True,True,turn_left,-2.5,2.5,turning_left
7.36,0.032,31.25,114.57381537926742,148.1600125503215,71.75047976037207,74.14819242508044,70.84120490808415,64.53575311948212,68.50030687055175,66.60850970332532,99.4606611258665,148.1600125503215,89.73960894497829,0.0942620293486505,2431.28944,2464.37248,-0.08163999999987936,0.08163999999987936,-0.001673619999997527,0.001673619999997527,0.0,0.09578213417589108,0.0013956439237389601,0.358257569495584,0.09523754511510536,0.00089564392373896,True,True,True,turn_left,-2.5,2.5,turning_left
7.392,0.032,31.25,117.68947714931768,150.37058396806444,68.35591157555052,84.01152782899946,65.53738832961126,69.79154859519798,70.24873354561869,66.3825737093209,101.17284209308042,150.37058396806444,92.02625557459871,0.09300905810311988,2431.2078,2464.45412,-0.08163999999987936,0.08163999999987936,-0.001673619999997527,0.001673619999997527,0.0,0.09523754511510536,0.0013956439237389601,0.358257569495584,0.09443917277453896,0.00089564392373896,True,True,True,turn_left,-2.5,2.5,turning_left
7.424,0.032,31.25,99.44173821104133,155.3781990727106,62.761693632708855,102.63970223116452,64.68048516225159,63.69425423627435,63.23046684624361,64.07692838253212,95.53183312813191,155.3781990727106,92.72737108530535,0.09263152619915714,2431.12616,2464.52948,-0.08164000000033411,0.07536000000027343,-0.0016736200000068494,0.0015448800000056053,-6.437000000062202e-05,0.09450354277453958,0.0013956439237389601,0.358257569495584,0.09383287866618763,0.00089564392373896,True,True,True,turn_left,-2.5,2.5,turning_left
7.456,0.032,31.25,80.63382204759041,159.40023387826088,70.20986061899332,110.21192837156828,70.41702038232548,67.20463247521654,62.08885044114858,67.05074758214414,92.293413487286,159.40023387826088,92.64057956570149,0.09267809480395606,2431.0508,2464.61112,-0.07535999999981868,0.08163999999987936,-0.0015448799999962831,0.001673619999997527,6.437000000062191e-05,0.09376850866618701,0.0013956439237389601,0.358257569495584,0.09337785964615986,0.00089564392373896,True,True,True,turn_left,-2.5,2.5,turning_left
7.488,0.032,31.25,82.57027556736911,154.50390547295282,67.02020821842133,107.27692288517214,63.13166309524991,63.43868861087764,68.50067333264849,68.8351037887729,93.60248954043584,154.50390547295282,92.83296156064836,0.09257493394502463,2430.96916,2464.69276,-0.08163999999987936,0.08163999999987936,-0.001673619999997527,0.001673619999997527,0.0,0.09337785964615986,0.0013956439237389601,0.358257569495584,0.0930902054359856,0.00089564392373896,True,True,True,turn_left,-2.5,2.5,turning_left
7.5200000000000005,0.032,31.25,63.35658808830009,157.76405817378458,71.92895786795552,114.94765042580467,66.818906206906,69.43982709727959,64.41410104108616,67.18075938322342,88.17887667159856,157.76405817378458,91.9021445828384,0.09307620936799725,2430.88752,2464.7744,-0.08163999999987936,0.08163999999987936,-0.001673619999997527,0.001673619999997527,0.0,0.0930902054359856,0.0013956439237389601,0.358257569495584,0.0930851912386856,0.00089564392373896,True,True,True,turn_left,-2.5,2.5,turning_left
7.5520000000000005,0.032,31.25,65.11046104974724,152.92995542366253,69.62844124485835,111.131997209648,68.86201763280474,69.17892226147399,68.51124698761913,62.15704353603053,87.17717674926486,152.92995542366253,90.9571510161237,0.09359070331308324,2430.80588,2464.84976,-0.08164000000033411,0.07536000000027343,-0.0016736200000068494,0.0015448800000056053,-6.437000000062202e-05,0.09314956123868622,0.0013956439237389601,0.358257569495584,0.09330760372606194,0.00089564392373896,True,True,True,turn_left,-2.5,2.5,turning_left
7.5840000000000005,0.032,31.25,63.163075790547865,69.23675522959948,69.58980277794434,113.76314839670083,65.27435478341965,62.97419010972786,73.44048272649503,71.90185800032485,69.43554293674181,73.44048272649503,86.65282940024733,0.09600797092723262,2430.73052,2464.9314,-0.07535999999981868,0.08163999999987936,-0.0015448799999962831,0.001673619999997527,6.437000000062191e-05,0.09324323372606132,0.0013956439237389601,0.358257569495584,0.09423372175604697,0.00089564392373896,False,True,True,turn_left,-2.5,2.5,turning_left
7.6160000000000005,0.032,31.25,68.58962234142274,67.71899588400868,69.2754484160511,115.1379558338147,65.16132375986128,67.2528894115743,68.09014545820956,72.1495334820569,69.13707429142447,72.1495334820569,83.14967837848276,0.09806945474254876,2430.64888,2465.01304,-0.08163999999987936,0.08163999999987936,-0.001673619999997527,0.001673619999997527,0.0,0.09423372175604697,0.0013956439237389601,0.358257569495584,0.09560790213302514,0.00089564392373896,False,True,True,turn_left,-2.5,2.5,turning_left
7.648000000000001,0.032,31.25,68.07371330790501,134.96393738976212,71.13502216091173,112.22818517099962,71.96582677902246,68.17458659621205,64.56862914170176,70.26186076340757,84.46703515069412,134.96393738976212,83.41314973292504,0.09791133716074665,2430.56724,2465.0884,-0.08164000000033411,0.07536000000027343,-0.0016736200000068494,0.0015448800000056053,-6.437000000062202e-05,0.09567227213302576,0.0013956439237389601,0.358257569495584,0.09647443412779962,0.00089564392373896,True,True,True,turn_left,-2.5,2.5,turning_left
7.68,0.032,31.25,63.71471308906272,130.64341270235863,112.392205525572,114.6843424022219,65.49765204237659,64.3745682223883,62.7422512840409,71.5632812843863,82.16591458996214,130.64341270235863,83.16370270433245,0.09806102542912662,2430.4856,2465.17004,-0.08163999999987936,0.08163999999987936,-0.001673619999997527,0.001673619999997527,0.0,0.09647443412779962,0.0013956439237389601,0.358257569495584,0.09704284247119586,0.00089564392373896,True,True,True,turn_left,-2.5,2.5,turning_left
7.712,0.032,31.25,68.5877546219362,112.83449331554979,118.6446327465765,114.3561764307962,65.56031931073514,64.39415207606177,65.78634899010278,62.20046419544113,77.35226528075748,112.83449331554979,82.00141521961746,0.09876456929903715,2430.41024,2465.25168,-0.07535999999981868,0.08163999999987936,-0.0015448799999962831,0.001673619999997527,6.437000000062191e-05,0.09697847247119525,0.0013956439237389601,0.358257569495584,0.09761835517962165,0.00089564392373896,False,True,True,turn_left,-2.5,2.5,turning_left
7.744,0.032,31.25,67.59507970687955,106.20636342926174,123.76849723068909,122.88831098588896,62.888655788772496,65.70054503250327,64.69594312079154,65.91136728401496,76.10218838523694,106.20636342926174,80.82156985274135,0.09948914200160237,2430.3286,2465.33332,-0.08164000000033411,0.08164000000033411,-0.0016736200000068494,0.0016736200000068494,0.0,0.09761835517962165,0.0013956439237389601,0.358257569495584,0.09828857871950883,0.00089564392373896,False,True,True,turn_left,-2.5,2.5,turning_left
7.776,0.032,31.25,66.48563709418725,77.50777857594927,121.69919235114469,119.14877023935941,69.94406277331983,64.02064417006704,68.22472649717405,70.50497312533948,70.68077882316251,77.50777857594927,78.79341164682559,0.1007598478681584,2430.24696,2465.40868,-0.08163999999987936,0.07535999999981868,-0.001673619999997527,0.0015448799999962831,-6.437000000062191e-05,0.09835294871950945,0.0013956439237389601,0.358257569495584,0.09921523855852542,0.00089564392373896,False,True,True,turn_left,-2.5,2.5,turning_left
7.808,0.032,31.25,69.22145013637889,82.96341898973093,128.68159509321632,104.00013572297551,71.59936328170731,65.17172344874602,69.48118149328829,68.75275596329983,72.60470164567448,82.96341898973093,77.55566964659538,0.10155140742246051,2430.1716,2465.49032,-0.07535999999981868,0.08163999999987936,-0.0015448799999962831,0.001673619999997527,6.437000000062191e-05,0.0991508685585248,0.0013956439237389601,0.358257569495584,0.1000108797773981,0.00089564392373896,False,True,True,turn_left,-2.5,2.5,turning_left
7.84,0.032,31.25,71.94939366079946,65.24298267243171,132.69709684148359,110.92752353564907,69.51936539893761,59.86912246008922,63.308129926725705,69.50756103925954,67.5020168248041,71.94939366079946,75.54493908223712,0.10286416320842652,2430.08996,2465.57196,-0.08164000000033411,0.08164000000033411,-0.0016736200000068494,0.0016736200000068494,0.0,0.1000108797773981,0.0013956439237389601,0.358257569495584,0.10103309016448037,0.00089564392373896,False,True,True,turn_left,-2.5,2.5,turning_left
7.872,0.032,31.25,66.28234164215483,69.77062163828523,135.89214382695403,92.80209098772924,66.41805396706151,67.15979132226394,65.41347408579507,66.18347870650499,66.91247901818502,69.77062163828523,73.8184470694267,0.10401873315479726,2430.00832,2465.6536,-0.08163999999987936,0.08163999999987936,-0.001673619999997527,0.001673619999997527,0.0,0.10103309016448037,0.0013956439237389601,0.358257569495584,0.10210271936557283,0.00089564392373896,False,True,True,turn_left,-2.5,2.5,turning_left
7.904,0.032,31.25,70.04005765725242,58.77309926111499,133.43483494943794,80.3631766453589,84.06454471508457,71.19342985776147,68.12124960433947,66.83508300739098,65.94237238252447,70.04005765725242,72.24323213204624,0.10509498370425165,2429.92668,2465.72896,-0.08163999999987936,0.07535999999981868,-0.001673619999997527,0.0015448799999962831,-6.437000000062191e-05,0.10216708936557345,0.0013956439237389601,0.358257569495584,0.10321602967508818,0.00089564392373896,False,True,True,turn_left,-2.5,2.5,turning_left
7.936,0.032,31.25,64.571962978784,68.0453721934558,129.26944876135778,68.5638542389336,80.17735608073922,69.08367442333508,65.2803439790888,66.64532860077601,66.13575193802615,68.0453721934558,71.02173609324223,0.10594501436615357,2429.85132,2465.8106,-0.07535999999981868,0.08163999999987936,-0.0015448799999962831,0.001673619999997527,6.437000000062191e-05,0.10315165967508756,0.0013956439237389601,0.358257569495584,0.10415240013744796,0.00089564392373896,False,True,True,turn_left,-2.5,2.5,turning_left
7.968,0.032,31.25,66.14356039974447,67.0393807980165,116.60981148699301,65.29515030591433,92.37422314405589,65.18774519136787,71.19494934994621,69.82220339645185,68.55002348603976,71.19494934994621,70.52739357180174,0.10629294522639816,2429.76968,2465.89224,-0.08164000000033411,0.08164000000033411,-0.0016736200000068494,0.0016736200000068494,0.0,0.10415240013744796,0.0013956439237389601,0.358257569495584,0.10491926661841097,0.00089564392373896,False,True,True,turn_left,-2.5,2.5,turning_left
8.0,0.032,31.25,64.71546412039652,69.80443719277014,64.48196923650046,66.99091793686765,105.92150363932585,64.45599483489434,65.34947892827668,62.016906402012296,65.4715716608639,69.80443719277014,69.51622918961418,0.10701179455047015,2429.68804,2465.97388,-0.08163999999987936,0.08163999999987936,-0.001673619999997527,0.001673619999997527,0.0,0.10491926661841097,0.0013956439237389601,0.358257569495584,0.10566893058945212,0.00089564392373896,False,False,False,turn_left,3.0,3.0,resume_forward
8.032,0.032,31.25,69.22295959134034,67.6260164081843,64.80884255516615,68.1068280012739,91.76902836864907,62.53821625820706,68.50368891282746,71.5151520018162,69.21695422854208,71.5151520018162,69.45637419739977,0.10705465113764527,2429.78224,2466.06808,0.09420000000000073,0.09420000000000073,0.001931100000000015,0.001931100000000015,0.001931100000000015,0.1037378305894521,0.0013956439237389601,0.358257569495584,0.1049261066575008,0.00089564392373896,False,True,False,turn_left,3.0,3.0,forward
8.064,0.032,31.25,66.55801726647493,68.17781489944825,61.71348475220431,75.03155846720344,76.28191657184325,69.67556086008874,64.770977797207,68.28972142391459,66.94913284676119,68.28972142391459,68.95492592727206,0.10741504452032742,2429.88272,2466.16228,0.10048000000006141,0.09420000000000073,0.002059840000001259,0.001931100000000015,0.0019954700000006367,0.10293063665750016,0.0013956439237389601,0.358257569495584,0.10453720971906354,0.00089564392373896,False,True,False,turn_left,3.0,3.0,forward
8.096,0.032,31.25,63.937648727580225,64.55477247011109,116.81612417307521,64.20988311175054,65.78836258400027,70.70214792522083,58.61256776009983,69.3325260822245,64.10937876000392,69.3325260822245,67.98581649381843,0.10811846958771446,2429.97692,2466.25648,0.09420000000000073,0.09420000000000073,0.001931100000000015,0.001931100000000015,0.001931100000000015,0.10260610971906352,0.0013956439237389601,0.358257569495584,0.1045809543677914,0.00089564392373896,False,True,False,turn_left,3.0,3.0,forward
8.128,0.032,31.25,70.86043084292936,69.38584797511163,116.22050881400789,66.78054178353248,58.43883027361349,66.49548936308365,67.8809060972446,66.6275656661109,68.68868764534912,70.86043084292936,68.12639072412458,0.10801586349186705,2430.07112,2466.35696,0.09420000000000073,0.10048000000006141,0.001931100000000015,0.002059840000001259,0.0019954700000006367,0.10258548436779076,0.0013956439237389601,0.358257569495584,0.10453095879422189,0.00089564392373896,False,True,False,turn_left,3.0,3.0,forward
8.16,0.032,31.25,64.81505008331384,73.56748608997464,118.61596620729664,68.04159709332556,68.54223158623428,67.1369086526683,68.7327261893151,69.11784339791994,69.05827644013088,73.56748608997464,68.31276786732585,0.10788012542731928,2430.1716,2466.45116,0.10048000000006141,0.09420000000000073,0.002059840000001259,0.001931100000000015,0.0019954700000006367,0.10253548879422125,0.0013956439237389601,0.358257569495584,0.10445024532423201,0.00089564392373896,False,True,False,turn_left,3.0,3.0,forward
8.192,0.032,31.25,70.23107386931568,70.43527228379133,109.61336434083285,61.29728898780191,65.95714596192636,73.08131142141646,74.0604337323051,60.559680601489355,68.82161512172536,74.0604337323051,68.41453731820575,0.10780615086038009,2430.2658,2466.54536,0.09420000000000073,0.09420000000000073,0.001931100000000015,0.001931100000000015,0.001931100000000015,0.102519145324232,0.0013956439237389601,0.358257569495584,0.10441325507752211,0.00089564392373896,False,True,False,turn_left,3.0,3.0,forward
8.224,0.032,31.25,63.35419002122878,69.798983157386,107.75223488664562,64.73278012017289,65.5568915085403,68.66712315601912,67.82906053925753,65.68534023400352,66.66689348796896,69.798983157386,68.06500855215839,0.10806064279774605,2430.36,2466.63956,0.09420000000000073,0.09420000000000073,0.001931100000000015,0.001931100000000015,0.001931100000000015,0.10248215507752209,0.0013956439237389601,0.358257569495584,0.1044806905296305,0.00089564392373896,False,True,False,turn_left,3.0,3.0,forward
8.256,0.032,31.25,68.87320304391052,61.68205751552601,63.72386403758551,70.96378787376953,65.16156183934693,63.279390440676664,70.19736334742579,68.2701636273471,67.25569688355236,70.19736334742579,67.90314621843719,0.10817890226871649,2430.4542,2466.74004,0.09420000000000073,0.10048000000006141,0.001931100000000015,0.002059840000001259,0.0019954700000006367,0.10248522052962986,0.0013956439237389601,0.358257569495584,0.10452502511095642,0.00089564392373896,False,True,False,turn_left,3.0,3.0,forward
8.288,0.032,31.25,66.13627620292623,70.21082246286771,108.4114907587513,69.50940975721694,69.25773879387576,67.88211183732176,64.70221713960088,68.6401357204972,67.422362881473,70.21082246286771,67.80698955104435,0.10824927866130774,2430.55468,2466.83424,0.10048000000006141,0.09420000000000073,0.002059840000001259,0.001931100000000015,0.0019954700000006367,0.10252955511095578,0.0013956439237389601,0.358257569495584,0.10457868936829152,0.00089564392373896,False,True,False,turn_left,3.0,3.0,forward
8.32,0.032,31.25,66.0883911234001,63.521779055326256,101.1481337256032,63.04423063995532,63.87606087109779,65.84328507542318,67.3154666698808,66.87188991269002,65.94938169032429,67.3154666698808,67.43546797890035,0.1085220552376839,2430.64888,2466.92844,0.09420000000000073,0.09420000000000073,0.001931100000000015,0.001931100000000015,0.001931100000000015,0.1026475893682915,0.0013956439237389601,0.358257569495584,0.10475216123274479,0.00089564392373896,False,True,False,turn_left,3.0,3.0,forward
8.352,0.032,31.25,74.45328265962246,61.998572014293195,100.54219119934969,73.81146963799529,65.01758507337426,65.06877977577487,69.64624935036782,70.63946662219782,69.18439266162032,74.45328265962246,67.78525291544435,0.10826520024399482,2430.74308,2467.02892,0.09420000000000073,0.10048000000006141,0.001931100000000015,0.002059840000001259,0.0019954700000006367,0.10275669123274415,0.0013956439237389601,0.358257569495584,0.10473015628265935,0.00089564392373896,False,True,False,turn_left,3.0,3.0,forward
8.384,0.032,31.25,66.99738691760977,68.26034876982263,95.00521505893417,66.54950851599567,66.39153303697076,64.74973897802987,66.33955472176343,64.40611796335381,66.50085209313741,68.26034876982263,67.52837275098297,0.10845371437131501,2430.83728,2467.12312,0.09420000000000073,0.09420000000000073,0.001931100000000015,0.001931100000000015,0.001931100000000015,0.10279905628265933,0.0013956439237389601,0.358257569495584,0.10482488034582965,0.00089564392373896,False,True,False,turn_left,3.0,3.0,forward
8.416,0.032,31.25,70.75367020945798,68.02390821243556,100.94167419523627,67.78927015839106,67.70908412236231,68.80845860396224,63.47575840816592,71.90290802728666,68.53906121433653,71.90290802728666,67.73051044365369,0.10830531859634104,2430.93776,2467.21732,0.10047999999960666,0.09420000000000073,0.002059839999991937,0.001931100000000015,0.001995469999995976,0.10282941034583368,0.0013956439237389601,0.358257569495584,0.10479119592644126,0.00089564392373896,False,True,False,turn_left,3.0,3.0,forward
8.448,0.032,31.25,67.88816819539042,66.42068704319543,101.0460575909481,70.90148582046437,68.80933976306818,65.16789976349143,70.83695986883258,67.18266460689614,68.08211992857865,70.83695986883258,67.80083234063868,0.10825378820008653,2431.03196,2467.31152,0.09420000000000073,0.09420000000000073,0.001931100000000015,0.001931100000000015,0.001931100000000015,0.10286009592644124,0.0013956439237389601,0.358257569495584,0.10479242701100451,0.00089564392373896,False,True,False,turn_left,3.0,3.0,forward
8.48,0.032,31.25,66.85478274466098,72.91183415767375,99.5938955722916,68.50358849617216,66.56632957067457,70.0294095150026,65.5320582895335,65.71837992203676,67.75426377847624,72.91183415767375,67.79151862820619,0.10826061027392665,2431.12616,2467.412,0.09420000000000073,0.10047999999960666,0.001931100000000015,0.002059839999991937,0.001995469999995976,0.10279695701100854,0.0013956439237389601,0.358257569495584,0.1047543521495482,0.00089564392373896,False,True,False,turn_left,3.0,3.0,forward
8.512,0.032,31.25,65.96296616578792,68.69980066005449,96.53883899007758,67.88002375475062,65.66359775612456,67.6630029007079,69.73785326040435,67.6772305632599,68.01946266237667,69.73785326040435,67.83710743504028,0.10822722574594752,2431.22664,2467.5062,0.10048000000006141,0.09420000000000073,0.002059840000001259,0.001931100000000015,0.0019954700000006367,0.10275888214954756,0.0013956439237389601,0.358257569495584,0.10471795763556055,0.00089564392373896,False,True,False,turn_left,3.0,3.0,forward
8.544,0.032,31.25,63.12315416781499,63.42699864339632,79.03347600488257,69.1588601521558,65.71994093109994,63.80051181709887,72.88812715076284,64.15090680862663,65.8972966926502,72.88812715076284,67.44914528656227,0.10851198878708017,2431.32084,2467.6004,0.09420000000000073,0.09420000000000073,0.001931100000000015,0.001931100000000015,0.001931100000000015,0.10278685763556053,0.0013956439237389601,0.358257569495584,0.10483792920694741,0.00089564392373896,False,True,False,turn_left,3.0,3.0,forward
8.576,0.032,31.25,64.5649471996903,66.18430740998946,84.16409000041001,72.44816510991657,65.80813361262032,69.98426094453501,73.29464230945818,68.16471723432582,68.05215353836593,73.29464230945818,67.56974693692301,0.10842330716226692,2431.41504,2467.6946,0.09420000000000073,0.09420000000000073,0.001931100000000015,0.001931100000000015,0.001931100000000015,0.1029068292069474,0.0013956439237389601,0.358257569495584,0.10488314919139613,0.00089564392373896,False,True,False,turn_left,3.0,3.0,forward
8.608,0.032,31.25,70.28467909632232,65.22922220652782,86.63403976155477,70.1799484363189,64.68631487522372,68.47400217562092,70.21804052769531,61.50285862789802,66.80870011461087,70.28467909632232,67.41753757246059,0.108535254783614,2431.50924,2467.79508,0.09420000000000073,0.10048000000006141,0.001931100000000015,0.002059840000001259,0.0019954700000006367,0.10288767919139549,0.0013956439237389601,0.358257569495584,0.10491096589660628,0.00089564392373896,False,True,False,turn_left,3.0,3.0,forward
8.64,0.032,31.25,69.72434969629474,62.23253466457559,65.69419088228788,62.27024448699909,64.91214066964606,63.60946196765908,67.44598576815648,67.40348965526023,66.70158994607176,69.72434969629474,67.27434804718283,0.10864077968876171,2431.60972,2467.88928,0.10048000000006141,0.09420000000000073,0.002059840000001259,0.001931100000000015,0.0019954700000006367,0.10291549589660565,0.0013956439237389601,0.358257569495584,0.10496662215265594,0.00089564392373896,False,True,False,turn_left,3.0,3.0,forward
8.672,0.032,31.25,69.06347870600017,68.6162608771285,72.5384407721092,68.47561726853016,65.60529284468976,71.17596003734128,67.40786743529675,68.94424472157279,68.50796293499954,69.06347870600017,67.52107102474616,0.10845908241349506,2431.70392,2467.98348,0.09420000000000073,0.09420000000000073,0.001931100000000015,0.001931100000000015,0.001931100000000015,0.10303552215265592,0.0013956439237389601,0.358257569495584,0.10497855366971698,0.00089564392373896,False,True,False,turn_left,3.0,3.0,forward
8.704,0.032,31.25,71.2192230998467,68.31520450943454,72.207486360439,67.50880361449039,71.49281540478559,64.84816414626574,67.93182531735651,65.96422135035017,68.35761856924698,71.2192230998467,67.68838053364632,0.10833621400808092,2431.79812,2468.08396,0.09420000000000073,0.10048000000006141,0.001931100000000015,0.002059840000001259,0.0019954700000006367,0.10298308366971634,0.0013956439237389601,0.358257569495584,0.10490088313393191,0.00089564392373896,False,True,False,turn_left,3.0,3.0,forward
8.736,0.032,31.25,62.44230937020462,69.85283736968938,73.01189313238991,67.8565236392997,68.52005960622905,63.90811990557725,67.11005132848474,71.53820923805928,67.7358518266095,71.53820923805928,67.69787479223896,0.10832924998079084,2431.8986,2468.17816,0.10048000000006141,0.09420000000000073,0.002059840000001259,0.001931100000000015,0.0019954700000006367,0.10290541313393127,0.0013956439237389601,0.358257569495584,0.10484854374002778,0.00089564392373896,False,True,False,turn_left,3.0,3.0,forward
8.768,0.032,31.25,67.92292721426281,62.82189718957464,67.98294986035289,61.35301525633267,69.39236701055462,63.47932345287916,68.42637045268259,69.66208885076199,67.2083209268205,69.66208885076199,67.59996401915528,0.10840111043606723,2431.9928,2468.27236,0.09420000000000073,0.09420000000000073,0.001931100000000015,0.001931100000000015,0.001931100000000015,0.10291744374002776,0.0013956439237389601,0.358257569495584,0.10488200884247474,0.00089564392373896,False,True,False,turn_left,3.0,3.0,forward
8.8,0.032,31.25,61.26114815137732,63.20819444988412,75.96341600739309,70.14842459596348,69.11853459445423,62.436980128776774,69.50812035246963,66.1026280257563,65.02002274487185,69.50812035246963,67.0839757642986,0.10878139455272767,2432.087,2468.36656,0.09420000000000073,0.09420000000000073,0.001931100000000015,0.001931100000000015,0.001931100000000015,0.10295090884247472,0.0013956439237389601,0.358257569495584,0.10503972448200868,0.00089564392373896,False,False,False,turn_left,3.0,3.0,forward
8.832,0.032,31.25,65.21711914238072,69.99917457773974,67.3102086106497,63.04698493516551,66.45187710358339,60.099396428285395,60.42537645813429,66.89875204152885,65.6351055549459,69.99917457773974,66.79420172242806,0.10899613072084598,2432.1812,2468.46704,0.09420000000000073,0.10048000000006141,0.001931100000000015,0.002059840000001259,0.0019954700000006367,0.10304425448200805,0.0013956439237389601,0.358257569495584,0.10517655919727265,0.00089564392373896,False,False,False,turn_left,3.0,3.0,forward
8.864,0.032,31.25,66.64698397396701,69.30080044229847,66.09298731487394,67.2102405270986,67.03161025557789,70.84540541739035,70.45094979599043,70.95509006231059,69.33845606864162,70.95509006231059,67.30305259167078,0.10861960915604757,2432.28168,2468.56124,0.10048000000006141,0.09420000000000073,0.002059840000001259,0.001931100000000015,0.0019954700000006367,0.10318108919727201,0.0013956439237389601,0.358257569495584,0.10512948013935616,0.00089564392373896,False,False,False,turn_left,3.0,3.0,forward
8.896,0.032,31.25,65.68988278945083,70.43350420369437,64.21933773585387,72.50758555001505,65.1330507456922,67.89610109518527,70.38816638244114,63.674680119716115,67.54655837382562,70.43350420369437,67.35175374810176,0.10858370934187893,2432.37588,2468.65544,0.09420000000000073,0.09420000000000073,0.001931100000000015,0.001931100000000015,0.001931100000000015,0.10319838013935614,0.0013956439237389601,0.358257569495584,0.10512771509038554,0.00089564392373896,False,False,False,turn_left,3.0,3.0,forward
8.928,0.032,31.25,65.85851632514542,66.63052095859014,69.58308826648363,67.86606792216523,64.01680508039556,67.45223149039155,64.10645634639609,65.43125810826808,65.50668793459994,66.63052095859014,66.98274058540139,0.10885631834238062,2432.47008,2468.75592,0.09420000000000073,0.10048000000006141,0.001931100000000015,0.002059840000001259,0.0019954700000006367,0.1031322450903849,0.0013956439237389601,0.358257569495584,0.10518293766125958,0.00089564392373896,False,False,False,turn_left,3.0,3.0,forward
8.96,0.032,31.25,60.601688122703486,75.9990220888159,62.98097108565595,69.21091013485164,66.17045047012301,65.95317249462859,67.09186914311299,63.04033494799962,66.68322857565799,75.9990220888159,66.92283818345271,0.10890070051615715,2432.56428,2468.85012,0.09420000000000073,0.09420000000000073,0.001931100000000015,0.001931100000000015,0.001931100000000015,0.10325183766125956,0.0013956439237389601,0.358257569495584,0.10527558553806905,0.00089564392373896,False,False,False,turn_left,3.0,3.0,forward
8.992,0.032,31.25,69.09591394009968,69.68970094125926,71.45823688766404,60.51314287584227,69.94329273838268,65.47572674014201,74.25597078657734,70.33483027137018,70.8441039848266,74.25597078657734,67.70709134372748,0.10832249050769394,2432.66476,2468.94432,0.10048000000006141,0.09420000000000073,0.002059840000001259,0.001931100000000015,0.0019954700000006367,0.10328011553806841,0.0013956439237389601,0.358257569495584,0.10508658453917183,0.00089564392373896,False,False,False,turn_left,3.0,3.0,forward
9.024000000000001,0.032,31.25,64.30411361048691,65.34792180443344,68.9382071948876,70.6548090004266,73.32782041538196,70.87382950134547,66.5792596042413,69.69767650083419,66.48224287999896,69.69767650083419,67.46212165098179,0.10850243995450796,2432.75896,2469.03852,0.09420000000000073,0.09420000000000073,0.001931100000000015,0.001931100000000015,0.001931100000000015,0.10315548453917181,0.0013956439237389601,0.358257569495584,0.1050710717904714,0.00089564392373896,False,False,False,turn_left,3.0,3.0,forward
9.056000000000001,0.032,31.25,66.39821695417541,70.5173248222888,64.27879738892935,68.11025086375085,67.47119078869753,63.20177119214129,74.2623546295994,70.59879956487337,70.44417399273425,74.2623546295994,68.05853211933228,0.10806536962763019,2432.85316,2469.139,0.09420000000000073,0.10048000000006141,0.001931100000000015,0.002059840000001259,0.0019954700000006367,0.10307560179047076,0.0013956439237389601,0.358257569495584,0.10486322388815873,0.00089564392373896,False,True,False,turn_left,3.0,3.0,forward
9.088000000000001,0.032,31.25,68.18989810706987,66.19078016553388,63.83016947104607,71.39091419602742,66.48758647299418,67.57630189921298,67.30259883397488,62.55375324664799,66.05925758830665,68.18989810706987,67.65867721312716,0.10835800714174058,2432.95364,2469.2332,0.10048000000006141,0.09420000000000073,0.002059840000001259,0.001931100000000015,0.0019954700000006367,0.1028677538881581,0.0013956439237389601,0.358257569495584,0.10483467867470178,0.00089564392373896,False,True,False,turn_left,3.0,3.0,forward
9.120000000000001,0.032,31.25,66.35063316133044,62.01494480466698,65.9999499627441,66.81524204501406,72.30160970556858,62.14506863870923,61.81483874300116,70.61299114939428,65.19835196459822,70.61299114939428,67.16661216342138,0.10872031206529902,2433.04784,2469.3274,0.09420000000000073,0.09420000000000073,0.001931100000000015,0.001931100000000015,0.001931100000000015,0.10290357867470176,0.0013956439237389601,0.358257569495584,0.10498746744162094,0.00089564392373896,False,True,False,turn_left,3.0,3.0,forward
9.152000000000001,0.032,31.25,70.28468885051342,68.91121527760598,68.47164081880756,64.88151539515185,62.556838743745125,66.0893010212367,73.08075329936943,65.54460220183114,69.45531490732999,73.08075329936943,67.6243527122031,0.10838320172818877,2433.14204,2469.4216,0.09420000000000073,0.09420000000000073,0.001931100000000015,0.001931100000000015,0.001931100000000015,0.10305636744162092,0.0013956439237389601,0.358257569495584,0.10496474614623245,0.00089564392373896,False,True,False,turn_left,3.0,3.0,forward
9.184000000000001,0.032,31.25,64.750919879087,66.21954230714437,64.5726883155095,66.30722748755389,64.18913720128297,65.86022350921483,66.56716252188913,63.98366709505021,65.38032295079267,66.56716252188913,67.17554675992102,0.10871371197349705,2433.23624,2469.52208,0.09420000000000073,0.10048000000006141,0.001931100000000015,0.002059840000001259,0.0019954700000006367,0.10296927614623182,0.0013956439237389601,0.358257569495584,0.10502726376383122,0.00089564392373896,False,False,False,turn_left,3.0,3.0,forward
9.216000000000001,0.032,31.25,56.04013993878939,60.28616640808438,68.48645796835247,68.84542451274301,72.5850702327351,65.7588116235546,67.20232550090655,68.98343024477518,63.12801552313888,68.98343024477518,66.3660405125646,0.10931497459362169,2433.33672,2469.61628,0.10047999999960666,0.09420000000000073,0.002059839999991937,0.001931100000000015,0.001995469999995976,0.10303179376383524,0.0013956439237389601,0.358257569495584,0.10528279085661578,0.00089564392373896,False,False,False,turn_left,3.0,3.0,forward
9.248,0.032,31.25,65.92279483674892,68.01392528032528,64.56641170582348,65.20804192663596,60.26913213765639,66.60774814762173,66.29876894835951,69.86473606634391,67.5250562829444,69.86473606634391,66.59784366664056,0.1091421237844641,2433.43092,2469.71048,0.09420000000000073,0.09420000000000073,0.001931100000000015,0.001931100000000015,0.001931100000000015,0.10335169085661576,0.0013956439237389601,0.358257569495584,0.10542615728367391,0.00089564392373896,False,False,False,turn_left,3.0,3.0,forward
9.28,0.032,31.25,66.81441352740174,67.1660068130048,66.47256013757017,70.60604390493864,67.266608811245,70.49167851205046,71.53618867996514,65.97195720367596,67.87214155601191,71.53618867996514,66.85270324451483,0.10895271007275532,2433.52512,2469.81096,0.09420000000000073,0.10047999999960666,0.001931100000000015,0.002059839999991937,0.001995469999995976,0.10343068728367794,0.0013956439237389601,0.358257569495584,0.10540899374679202,0.00089564392373896,False,False,False,turn_left,3.0,3.0,forward
9.312,0.032,31.25,62.888644290863965,68.9133121044067,62.43664014527368,66.9759634538953,73.53305881933179,65.27664940295952,65.24689320808072,66.70949362864667,65.93958580799952,68.9133121044067,66.67007975721177,0.1090883704875962,2433.61932,2469.90516,0.09420000000000073,0.09420000000000073,0.001931100000000015,0.001931100000000015,0.001931100000000015,0.103477893746792,0.0013956439237389601,0.358257569495584,0.10548788950766402,0.00089564392373896,False,False,False,turn_left,3.0,3.0,forward
9.344,0.032,31.25,65.65242234563254,69.1577734183396,69.22336880917481,70.00564979113065,63.04324338436628,66.4465200744369,60.59430367642784,68.86197520385431,66.06661866106359,69.1577734183396,66.54938753798213,0.10917821131018497,2433.7198,2469.99936,0.10048000000006141,0.09420000000000073,0.002059840000001259,0.001931100000000015,0.0019954700000006367,0.10349241950766339,0.0013956439237389601,0.358257569495584,0.10552939745949269,0.00089564392373896,False,False,False,turn_left,3.0,3.0,forward
9.376,0.032,31.25,71.88873339506542,69.95192568477297,66.58534208875723,68.6158682402502,68.4490248721964,71.35472892087458,63.26580766522301,68.3140898539537,68.35513914975377,71.88873339506542,66.91053786033646,0.10890981840397816,2433.814,2470.09356,0.09420000000000073,0.09420000000000073,0.001931100000000015,0.001931100000000015,0.001931100000000015,0.10359829745949267,0.0013956439237389601,0.358257569495584,0.10550119004338893,0.00089564392373896,False,False,False,turn_left,3.0,3.0,forward
9.408,0.032,31.25,68.42830129232395,70.84382649777997,64.48718663687526,66.05629220088032,73.200998001422,73.4299051732841,73.13561501303165,66.61595381777066,69.75592415522657,73.13561501303165,67.47961511931449,0.10848956980973691,2433.9082,2470.19404,0.09420000000000073,0.10048000000006141,0.001931100000000015,0.002059840000001259,0.0019954700000006367,0.10350572004338829,0.0013956439237389601,0.358257569495584,0.10529122194741149,0.00089564392373896,False,False,False,turn_left,3.0,3.0,forward
9.44,0.032,31.25,70.78077196916679,62.13351569135825,72.8183925414157,66.65736141975448,63.86288606228752,67.85723649062592,64.0398929194582,67.61961380455442,66.14344859613442,70.78077196916679,67.21238181467848,0.10868650994412922,2434.00868,2470.28824,0.10048000000006141,0.09420000000000073,0.002059840000001259,0.001931100000000015,0.0019954700000006367,0.10329575194741085,0.0013956439237389601,0.358257569495584,0.10522703180505405,0.00089564392373896,False,False,False,turn_left,3.0,3.0,forward
9.472,0.032,31.25,70.006954306222,67.73048783629442,68.15776782378211,65.96393109929244,70.36882710292107,61.92860047808459,67.62549500479334,67.66680448917668,68.25743540912161,70.006954306222,67.42139253356711,0.10853241666644059,2434.10288,2470.38244,0.09420000000000073,0.09420000000000073,0.001931100000000015,0.001931100000000015,0.001931100000000015,0.10329593180505403,0.0013956439237389601,0.358257569495584,0.1051719421441948,0.00089564392373896,False,False,False,turn_left,3.0,3.0,forward
9.504,0.032,31.25,66.55500137205657,62.97311395544433,63.588308846491856,63.07754029908079,65.65474806916075,71.17500416556133,69.01249930940635,62.9870278424167,65.38191061983099,69.01249930940635,67.01349615081989,0.1088335453473315,2434.19708,2470.47664,0.09420000000000073,0.09420000000000073,0.001931100000000015,0.001931100000000015,0.001931100000000015,0.10324084214419478,0.0013956439237389601,0.358257569495584,0.1052444704006607,0.00089564392373896,False,False,False,turn_left,3.0,3.0,forward
9.536,0.032,31.25,72.34962823577574,64.5676120776512,62.211992242351556,64.22947090942628,72.57438622678788,62.20783061996258,65.33782222576151,66.13872962921673,67.0984480421013,72.34962823577574,67.03048652907617,0.1088209688868567,2434.29128,2470.57712,0.09420000000000073,0.10048000000006141,0.001931100000000015,0.002059840000001259,0.0019954700000006367,0.10324900040066007,0.0013956439237389601,0.358257569495584,0.10524520028783087,0.00089564392373896,False,False,False,turn_left,3.0,3.0,forward
9.568,0.032,31.25,67.79810657074057,66.61876893506333,66.91015331267134,61.74260881744181,67.59461123465786,65.18314707373398,67.53025432487753,66.30095975930054,67.0620223974955,67.79810657074057,67.03679370276004,0.10881630098888415,2434.39176,2470.67132,0.10048000000006141,0.09420000000000073,0.002059840000001259,0.001931100000000015,0.0019954700000006367,0.10324973028783023,0.0013956439237389601,0.358257569495584,0.10524399637761514,0.00089564392373896,False,False,False,turn_left,3.0,3.0,forward
9.6,0.032,31.25,64.87753800770832,72.09552765314359,71.01837940404569,72.88452825625014,69.8874045787353,63.512438087583156,69.69795496598084,67.38773075244902,68.51468784482044,72.09552765314359,67.33237253117213,0.10859799326597262,2434.48596,2470.76552,0.09420000000000073,0.09420000000000073,0.001931100000000015,0.001931100000000015,0.001931100000000015,0.10331289637761512,0.0013956439237389601,0.358257569495584,0.10520632234338675,0.00089564392373896,False,False,False,turn_left,3.0,3.0,forward
9.632,0.032,31.25,65.91702002862529,66.74883115153493,61.70091804096494,68.65342302564778,65.47135477858022,70.1471599769043,68.76710640383187,67.52466663926971,67.23940605581545,68.76710640383187,67.3137792361008,0.10861170002540423,2434.58016,2470.866,0.09420000000000073,0.10048000000006141,0.001931100000000015,0.002059840000001259,0.0019954700000006367,0.10321085234338612,0.0013956439237389601,0.358257569495584,0.10514574690716179,0.00089564392373896,False,False,False,turn_left,3.0,3.0,forward
9.664,0.032,31.25,68.03732331413005,67.6873859493333,70.11259048752144,67.72291276965913,72.41331077559587,62.61545651092826,62.960285037141055,62.426239757934205,65.27780851463466,68.03732331413005,66.90658509180757,0.10891274880565079,2434.67436,2470.9602,0.09420000000000073,0.09420000000000073,0.001931100000000015,0.001931100000000015,0.001931100000000015,0.10321464690716177,0.0013956439237389601,0.358257569495584,0.10525603504405262,0.00089564392373896,False,False,False,turn_left,3.0,3.0,forward
9.696,0.032,31.25,66.83734791449064,67.9588859575696,69.54158653313635,69.58583922334667,68.27880018015557,71.83593717888759,72.73885837926154,63.231204899135676,67.69157428761436,72.73885837926154,67.06358293096893,0.10879647891830799,2434.77484,2471.0544,0.10048000000006141,0.09420000000000073,0.002059840000001259,0.001931100000000015,0.0019954700000006367,0.10326056504405198,0.0013956439237389601,0.358257569495584,0.10524384809357983,0.00089564392373896,False,False,False,turn_left,3.0,3.0,forward
9.728,0.032,31.25,63.5840540730814,65.6160955226796,63.484075642559944,67.3099016510328,66.27642556635374,70.85553416775758,64.42375122775488,69.358662041689,65.74564071630121,69.358662041689,66.7999944880354,0.10899182970544352,2434.86904,2471.1486,0.09420000000000073,0.09420000000000073,0.001931100000000015,0.001931100000000015,0.001931100000000015,0.1033127480935798,0.0013956439237389601,0.358257569495584,0.10534732206881317,0.00089564392373896,False,False,False,turn_left,3.0,3.0,forward
9.76,0.032,31.25,63.57081141054887,65.73705352181118,69.98781292773796,67.5283492694727,64.77859284172523,71.4535750814029,64.00757288540507,65.01578267851926,64.58280512407109,65.73705352181118,66.35655661524254,0.10932205819833872,2434.96324,2471.24908,0.09420000000000073,0.10048000000006141,0.001931100000000015,0.002059840000001259,0.0019954700000006367,0.10335185206881253,0.0013956439237389601,0.358257569495584,0.10549072360616422,0.00089564392373896,False,False,False,turn_left,3.0,3.0,forward
9.792,0.032,31.25,69.17434360538417,69.57447701784024,67.25164746898416,67.79704210985184,69.6379960987673,65.79015690470656,65.94402002366058,69.83770993714184,68.6326376460067,69.83770993714184,66.81177282139538,0.1089830855694719,2435.06372,2471.34328,0.10048000000006141,0.09420000000000073,0.002059840000001259,0.001931100000000015,0.0019954700000006367,0.10349525360616359,0.0013956439237389601,0.358257569495584,0.1054613109471386,0.00089564392373896,False,False,False,turn_left,3.0,3.0,forward
9.824,0.032,31.25,66.90141340971621,75.02316911994659,66.12150705191148,68.96134403421246,63.78937078999011,68.22014917862191,72.86257150452302,64.13594070698393,69.73077368529245,75.02316911994659,67.3955729941748,0.10855142847901093,2435.15792,2471.43748,0.09420000000000073,0.09420000000000073,0.001931100000000015,0.001931100000000015,0.001931100000000015,0.10353021094713859,0.0013956439237389601,0.358257569495584,0.10532910013601579,0.00089564392373896,False,False,False,turn_left,3.0,3.0,forward
9.856,0.032,31.25,77.3208622956346,65.56591919262274,66.40053507428198,64.33711411401114,67.46987019092876,65.10669740755075,68.1486467867301,66.75827253688432,69.44842520296794,77.3208622956346,67.80614343593344,0.10824989833345594,2435.25212,2471.53168,0.09420000000000073,0.09420000000000073,0.001931100000000015,0.001931100000000015,0.001931100000000015,0.10339800013601577,0.0013956439237389601,0.358257569495584,0.1051362293916707,0.00089564392373896,False,False,False,turn_left,3.0,3.0,forward
9.888,0.032,31.25,65.5195290540403,70.63936769173291,68.78044146409744,63.65408690917028,67.2986589924579,71.60309568500635,71.5453344717571,73.50901087974135,70.30331052431792,73.50901087974135,68.30557685361033,0.10788535629913164,2435.34632,2471.63216,0.09420000000000073,0.10048000000006141,0.001931100000000015,0.002059840000001259,0.0019954700000006367,0.10314075939167006,0.0013956439237389601,0.358257569495584,0.1048405471479735,0.00089564392373896,False,True,False,turn_left,3.0,3.0,forward
9.92,0.032,31.25,66.31234005606213,66.25224455216268,66.82804922124677,67.89129531454505,60.263626425045295,69.28067509462126,65.97704167387185,65.36063730344306,65.97556589638494,66.31234005606213,67.83957466216526,0.10822541959121776,2435.4468,2471.72636,0.10048000000006141,0.09420000000000073,0.002059840000001259,0.001931100000000015,0.0019954700000006367,0.10284507714797286,0.0013956439237389601,0.358257569495584,0.10477262555474372,0.00089564392373896,False,True,False,turn_left,3.0,3.0,forward
9.952,0.032,31.25,65.32702753136729,66.29420284994025,64.13952494293156,65.71441280979961,69.94495455711397,69.93692026286158,65.54114313297862,61.46280018984712,64.65629342603333,66.29420284994025,67.20291841493888,0.10869349719615506,2435.541,2471.82056,0.09420000000000073,0.09420000000000073,0.001931100000000015,0.001931100000000015,0.001931100000000015,0.1028415255547437,0.0013956439237389601,0.358257569495584,0.10493803869175282,0.00089564392373896,False,True,False,turn_left,3.0,3.0,forward
9.984,0.032,31.25,68.38628580625148,65.61666817248863,65.54522791181793,71.9592646743014,66.22199460726121,62.04575795040406,68.36801498193708,64.57149307062406,66.73561550782532,68.38628580625148,67.10945783351617,0.10876255161042879,2435.6352,2471.92104,0.09420000000000073,0.10048000000006141,0.001931100000000015,0.002059840000001259,0.0019954700000006367,0.10294256869175218,0.0013956439237389601,0.358257569495584,0.10502762162670308,0.00089564392373896,False,False,False,turn_left,3.0,3.0,forward
10.016,0.032,31.25,69.52353969920165,66.4737950577017,69.91810118252445,61.783454259324834,66.83664936555799,70.38979396173936,68.44976617539358,63.061051069223545,66.87703800038011,69.52353969920165,67.06297386688897,0.1087969295009774,2435.73568,2472.01524,0.10047999999960666,0.09420000000000073,0.002059839999991937,0.001931100000000015,0.001995469999995976,0.1030321516267071,0.0013956439237389601,0.358257569495584,0.1050974269366251,0.00089564392373896,False,False,False,turn_left,3.0,3.0,forward
10.048,0.032,31.25,68.55921129271378,63.958903215318415,62.611610525350926,68.33352477525604,66.74565089876072,66.70013235905306,69.06047074071081,62.03676108925885,65.90383658450047,69.06047074071081,66.83114641041126,0.1089687058308325,2435.82988,2472.10944,0.09420000000000073,0.09420000000000073,0.001931100000000015,0.001931100000000015,0.001931100000000015,0.10316632693662509,0.0013956439237389601,0.358257569495584,0.10524507309655631,0.00089564392373896,False,False,False,turn_left,3.0,3.0,forward
10.08,0.032,31.25,68.45893524661109,61.65177909167283,72.45186786718321,70.78448939233878,68.46222207765857,65.68017990232393,68.21453894790675,63.091965637786316,65.35430473099424,68.45893524661109,66.53577807452785,0.10918835120159137,2435.92408,2472.20364,0.09420000000000073,0.09420000000000073,0.001931100000000015,0.001931100000000015,0.001931100000000015,0.1033139730965563,0.0013956439237389601,0.358257569495584,0.10541851351876423,0.00089564392373896,False,False,False,turn_left,3.0,3.0,forward
10.112,0.032,31.25,60.34677498069522,70.15044902701308,63.40679988803009,71.42803410187017,64.62082980446749,68.31073259202017,67.9194180436374,65.5419122976293,65.98963858724375,70.15044902701308,66.42655017707104,0.10926980100706794,2436.01828,2472.30412,0.09420000000000073,0.10047999999960666,0.001931100000000015,0.002059839999991937,0.001995469999995976,0.10342304351876826,0.0013956439237389601,0.358257569495584,0.1055176886459566,0.00089564392373896,False,False,False,turn_left,3.0,3.0,forward
10.144,0.032,31.25,72.18001363112685,66.3931722876956,72.14432570114653,65.78151939292057,67.86547113121941,68.16943881670237,70.42420574632794,70.27463784295846,69.81800737702721,72.18001363112685,67.10484161706228,0.10876596462848308,2436.11876,2472.39832,0.10048000000006141,0.09420000000000073,0.002059840000001259,0.001931100000000015,0.0019954700000006367,0.10352221864595597,0.0013956439237389601,0.358257569495584,0.10540083033670837,0.00089564392373896,False,False,False,turn_left,3.0,3.0,forward
10.176,0.032,31.25,69.08827914755342,76.15737871513099,66.99725816038271,69.40043408271163,64.45335991213334,69.14668934120338,66.7859053976785,64.78251941891581,69.20352066981968,76.15737871513099,67.52457742761376,0.10845650452956396,2436.21296,2472.49252,0.09420000000000073,0.09420000000000073,0.001931100000000015,0.001931100000000015,0.001931100000000015,0.10346973033670835,0.0013956439237389601,0.358257569495584,0.1052562799386641,0.00089564392373896,False,False,False,turn_left,3.0,3.0,forward
10.208,0.032,31.25,68.69283979907486,68.78681730669106,67.95049530640256,61.63405761453513,64.58999322362239,60.85656393187146,60.93395023752334,68.55959799715431,66.74330133511089,68.78681730669106,67.36832220911319,0.10857150139292668,2436.30716,2472.593,0.09420000000000073,0.10048000000006141,0.001931100000000015,0.002059840000001259,0.0019954700000006367,0.10326080993866346,0.0013956439237389601,0.358257569495584,0.10516340535140876,0.00089564392373896,False,False,False,turn_left,3.0,3.0,forward
10.24,0.032,31.25,66.46272359107526,65.2596807815099,66.3760639683853,68.99969120802636,68.36522168697192,72.05489795553021,67.26191843512872,68.24898353410309,66.80832658545425,68.24898353410309,67.2563230843814,0.10865407790218705,2436.40136,2472.6872,0.09420000000000073,0.09420000000000073,0.001931100000000015,0.001931100000000015,0.001931100000000015,0.10323230535140875,0.0013956439237389601,0.358257569495584,0.10517469640780845,0.00089564392373896,False,False,False,turn_left,3.0,3.0,forward
10.272,0.032,31.25,69.4172622551655,62.51830385600074,68.3397637129793,69.02246350332489,67.26059397268229,77.68527954445659,66.06064975666754,64.86478881387647,65.71525117042756,69.4172622551655,66.94810870159064,0.10888197297245521,2436.50184,2472.7814,0.10048000000006141,0.09420000000000073,0.002059840000001259,0.001931100000000015,0.0019954700000006367,0.10317922640780781,0.0013956439237389601,0.358257569495584,0.10522227853150767,0.00089564392373896,False,False,False,turn_left,3.0,3.0,forward
10.304,0.032,31.25,67.54724698390909,63.0344961586521,71.67989139770681,69.28539657866821,63.03229681670335,79.0179109023738,67.8675782251182,69.32715780036165,66.94411979201026,69.32715780036165,66.94731091967456,0.1088825640963654,2436.59604,2472.8756,0.09420000000000073,0.09420000000000073,0.001931100000000015,0.001931100000000015,0.001931100000000015,0.10329117853150765,0.0013956439237389601,0.358257569495584,0.10529433473408628,0.00089564392373896,False,False,False,turn_left,3.0,3.0,forward
10.336,0.032,31.25,65.35304304118573,68.43814771862935,62.20498839120112,63.60761010672597,65.12944072149243,83.69710689959678,67.13387948848212,60.2611822571055,65.29656312635069,68.43814771862935,66.61716136100979,0.10912774365208051,2436.69024,2472.97608,0.09420000000000073,0.10048000000006141,0.001931100000000015,0.002059840000001259,0.0019954700000006367,0.10329886473408564,0.0013956439237389601,0.358257569495584,0.10538710472813054,0.00089564392373896,False,False,False,turn_left,3.0,3.0,forward
10.368,0.032,31.25,67.81607037444566,69.42680472391346,68.67373688487254,66.2997298170018,65.17655884056055,84.62527562899955,66.60233506727887,65.55052854109458,67.34893467668314,69.42680472391346,66.76351602414447,0.10901891991581748,2436.79072,2473.07028,0.10048000000006141,0.09420000000000073,0.002059840000001259,0.001931100000000015,0.0019954700000006367,0.1033916347281299,0.0013956439237389601,0.358257569495584,0.10540765224232936,0.00089564392373896,False,False,False,turn_left,3.0,3.0,forward
10.4,0.032,31.25,69.84729719009584,67.18868701677539,61.68686096068594,67.9883793170188,70.03918028735305,81.93716170511367,67.40283054179993,68.59361024058215,68.25810624731334,69.84729719009584,67.06243406877824,0.10879732884413644,2436.88492,2473.16448,0.09420000000000073,0.09420000000000073,0.001931100000000015,0.001931100000000015,0.001931100000000015,0.10347655224232934,0.0013956439237389601,0.358257569495584,0.10538276073552172,0.00089564392373896,False,False,False,turn_left,3.0,3.0,forward
10.432,0.032,31.25,68.43331796256903,65.94253448535245,71.38264881909252,68.93903085657045,62.88890627026615,94.93173017013628,69.27125465917912,67.30727183924257,67.7385947365858,69.27125465917912,67.19766620233976,0.10869737552772202,2436.97912,2473.25868,0.09420000000000073,0.09420000000000073,0.001931100000000015,0.001931100000000015,0.001931100000000015,0.1034516607355217,0.0013956439237389601,0.358257569495584,0.10533097776724241,0.00089564392373896,False,False,False,turn_left,3.0,3.0,forward
10.464,0.032,31.25,69.95576538647211,60.54897725818965,63.82680191512922,63.32603615698401,68.63043458561225,87.30292119411997,66.4714887465616,63.41636331067165,65.09814867547375,69.95576538647211,66.77776269696656,0.10900833822513818,2437.07332,2473.35916,0.09420000000000073,0.10048000000006141,0.001931100000000015,0.002059840000001259,0.0019954700000006367,0.10333550776724178,0.0013956439237389601,0.358257569495584,0.10536784221924826,0.00089564392373896,False,False,False,turn_left,3.0,3.0,forward
10.496,0.032,31.25,63.27897740098028,66.2714036424839,71.92281369460298,67.09981058136069,70.90478571840553,91.62159917275973,71.24488073111179,64.88272624172023,66.41949700407406,71.24488073111179,66.70610955838806,0.1090615792904801,2437.1738,2473.45336,0.10048000000006141,0.09420000000000073,0.002059840000001259,0.001931100000000015,0.0019954700000006367,0.10337237221924762,0.0013956439237389601,0.358257569495584,0.10541057371694446,0.00089564392373896,False,False,False,turn_left,3.0,3.0,forward
10.528,0.032,31.25,66.20009445876694,64.95387920073803,65.9912656092279,68.34400341014656,71.10463364309108,94.84921006576492,64.95017497634731,63.5622652461634,64.91660347050392,66.20009445876694,66.34820834081124,0.10932829435629092,2437.268,2473.54756,0.09420000000000073,0.09420000000000073,0.001931100000000015,0.001931100000000015,0.001931100000000015,0.10347947371694444,0.0013956439237389601,0.358257569495584,0.10557485798361231,0.00089564392373896,False,False,False,turn_left,3.0,3.0,forward
10.56,0.032,31.25,62.852890912836116,65.64431313375023,65.28856751787956,65.86191150277136,64.32585234197343,100.606159287479,70.54185437955431,69.32903213397275,67.09202264002835,70.54185437955431,66.49697120065467,0.1092172750662882,2437.3622,2473.64804,0.09420000000000073,0.10048000000006141,0.001931100000000015,0.002059840000001259,0.0019954700000006367,0.10357938798361167,0.0013956439237389601,0.358257569495584,0.10559920370694191,0.00089564392373896,False,False,False,turn_left,3.0,3.0,forward
10.592,0.032,31.25,63.318041697280925,68.40867056530458,67.07384006862183,64.59488185311996,67.41135604434625,101.90596811447763,64.36086546703469,62.122386785885965,64.55249112887654,68.40867056530458,66.10807518629905,0.10950797879993128,2437.4564,2473.74224,0.09420000000000073,0.09420000000000073,0.001931100000000015,0.001931100000000015,0.001931100000000015,0.10366810370694189,0.0013956439237389601,0.358257569495584,0.10576028316391407,0.00089564392373896,False,False,False,turn_left,3.0,3.0,forward
10.624,0.032,31.25,72.5293506954927,67.97949685081498,69.3810085234815,65.24006636112969,65.580407674495,65.91028175290897,64.23882719283469,67.18807719365435,67.98393798319918,72.5293506954927,66.48324774567908,0.10922750721487853,2437.55688,2473.83644,0.10048000000006141,0.09420000000000073,0.002059840000001259,0.001931100000000015,0.0019954700000006367,0.10376481316391344,0.0013956439237389601,0.358257569495584,0.10572186465751018,0.00089564392373896,False,False,False,turn_left,3.0,3.0,forward
10.656,0.032,31.25,66.9803317526509,62.20213842300339,68.11854123663637,75.47944556634319,65.254746296515,68.6349238946956,67.0745696500668,63.614628797513376,64.96791715580862,67.0745696500668,66.180181627705,0.10945396169194237,2437.65108,2473.93064,0.09420000000000073,0.09420000000000073,0.001931100000000015,0.001931100000000015,0.001931100000000015,0.10379076465751017,0.0013956439237389601,0.358257569495584,0.10581964786264045,0.00089564392373896,False,False,False,turn_left,3.0,3.0,forward
10.688,0.032,31.25,66.7771335896692,58.41490007450791,71.70084641514005,64.354043656416,66.21314038330607,72.05683314974262,66.43809805032566,66.47392709215092,64.52601470166343,66.7771335896692,65.84934824249669,0.10970223859620937,2437.74528,2474.03112,0.09420000000000073,0.10048000000006141,0.001931100000000015,0.002059840000001259,0.0019954700000006367,0.10382417786263981,0.0013956439237389601,0.358257569495584,0.10593003761439587,0.00089564392373896,False,False,False,turn_left,3.0,3.0,forward
10.72,0.032,31.25,69.77812392898721,69.40078028765815,69.06728176234637,63.81641148362959,66.95455475840906,108.30677705947238,69.94283497841283,66.4076301716271,68.88234234167133,69.94283497841283,66.45594706233162,0.10924786818790229,2437.84576,2474.12532,0.10048000000006141,0.09420000000000073,0.002059840000001259,0.001931100000000015,0.0019954700000006367,0.10393456761439523,0.0013956439237389601,0.358257569495584,0.10583809776385937,0.00089564392373896,False,False,False,turn_left,3.0,3.0,forward
10.752,0.032,31.25,67.49026965630068,72.91003167965525,67.91318905717999,69.44871631427038,62.73985472852674,104.49962060377557,63.37097267374016,70.7965321347472,68.64195153611082,72.91003167965525,66.89314795708746,0.10892271166163688,2437.93996,2474.21952,0.09420000000000073,0.09420000000000073,0.001931100000000015,0.001931100000000015,0.001931100000000015,0.10390699776385935,0.0013956439237389601,0.358257569495584,0.10570391523416235,0.00089564392373896,False,False,False,turn_left,3.0,3.0,forward
10.784,0.032,31.25,65.01857565685825,66.67577998106124,68.26011828231916,60.98531610124582,63.037941342621174,109.9258598801396,69.23135911647142,70.25264115950867,67.7945889784749,70.25264115950867,67.07343616136495,0.10878919006451471,2438.03416,2474.31372,0.09420000000000073,0.09420000000000073,0.001931100000000015,0.001931100000000015,0.001931100000000015,0.10377281523416233,0.0013956439237389601,0.358257569495584,0.1055699694885632,0.00089564392373896,False,False,False,turn_left,3.0,3.0,forward
10.816,0.032,31.25,66.64537541664964,69.02884305527392,60.50671073861539,68.8156808852113,66.99613788478227,106.90103808352464,68.66383773260488,67.88516870233558,68.055806226716,69.02884305527392,67.26991017443517,0.10864405350046494,2438.12836,2474.4142,0.09420000000000073,0.10048000000006141,0.001931100000000015,0.002059840000001259,0.0019954700000006367,0.10357449948856257,0.0013956439237389601,0.358257569495584,0.1053907055872933,0.00089564392373896,False,False,False,turn_left,3.0,3.0,forward
10.848,0.032,31.25,66.2013978683262,65.7829610453733,66.40690139179199,63.059642909964175,67.32329192673933,114.36400853225918,68.40468518178785,71.66214528675862,68.0127973455615,71.66214528675862,67.41848760866043,0.10853455532981635,2438.22884,2474.5084,0.10048000000006141,0.09420000000000073,0.002059840000001259,0.001931100000000015,0.0019954700000006367,0.10339523558729266,0.0013956439237389601,0.358257569495584,0.10523643578710987,0.00089564392373896,False,False,False,turn_left,3.0,3.0,forward
10.88,0.032,31.25,65.65768554690084,66.48614274803766,69.3844075606717,66.72016687371115,63.46043333501367,114.4038898205214,67.00916360616363,63.5975248450521,65.68762918653854,67.00916360616363,67.07231592423605,0.10879001870238014,2438.32304,2474.6026,0.09420000000000073,0.09420000000000073,0.001931100000000015,0.001931100000000015,0.001931100000000015,0.10330533578710985,0.0013956439237389601,0.358257569495584,0.10527026495778853,0.00089564392373896,False,False,False,turn_left,3.0,3.0,forward
10.912,0.032,31.25,63.04066468092556,67.195059374961,63.85129420383466,67.769719355073,68.76361846539113,119.92084448117211,66.1201626888636,70.68159359456376,66.75937008482849,70.68159359456376,67.00972675635454,0.1088363358876075,2438.41724,2474.7030799999998,0.09420000000000073,0.10047999999960666,0.001931100000000015,0.002059839999991937,0.001995469999995976,0.10327479495779256,0.0013956439237389601,0.358257569495584,0.10526725909395826,0.00089564392373896,False,False,False,turn_left,3.0,3.0,forward
10.944,0.032,31.25,69.95355900979213,66.99855136408003,68.09802406730537,62.86383757424122,65.30909259543061,108.98924445077317,64.82626740474939,67.98511055815894,67.44087208419512,69.95355900979213,67.09595582192266,0.1087725349796151,2438.51144,2474.79728,0.09420000000000073,0.09420000000000073,0.001931100000000015,0.001931100000000015,0.001931100000000015,0.10333615909395824,0.0013956439237389601,0.358257569495584,0.10528378190561807,0.00089564392373896,False,False,False,turn_left,3.0,3.0,forward
10.976,0.032,31.25,68.64238590349687,70.939624083523,72.46575525362988,68.93826549889353,69.85973586216855,124.85123468403555,64.18162644313706,67.71310185101599,67.86918457029324,70.939624083523,67.25060157159677,0.10865829972328103,2438.61192,2474.89148,0.10047999999960666,0.09420000000000073,0.002059839999991937,0.001931100000000015,0.001995469999995976,0.1032883119056221,0.0013956439237389601,0.358257569495584,0.10521215068939749,0.00089564392373896,False,False,False,turn_left,3.0,3.0,forward
11.008000000000001,0.032,31.25,62.45733898636502,61.88023882886013,68.28492113597852,70.6774931830965,64.20275200459413,120.19169076727026,68.72117731720188,68.13846071916785,65.29930396289873,68.72117731720188,66.86034204985717,0.10894704299795387,2438.70612,2474.98568,0.09420000000000073,0.09420000000000073,0.001931100000000015,0.001931100000000015,0.001931100000000015,0.10328105068939747,0.0013956439237389601,0.358257569495584,0.10531093532264156,0.00089564392373896,False,False,False,turn_left,3.0,3.0,forward
11.040000000000001,0.032,31.25,67.59105269254565,61.71823528504509,71.41932732907611,64.71638607579847,65.51280151337649,119.35571547770932,67.15473638198482,69.98290113955461,66.61173137478254,69.98290113955461,66.81061991484225,0.10898394141568797,2438.80032,2475.08616,0.09420000000000073,0.10048000000006141,0.001931100000000015,0.002059840000001259,0.0019954700000006367,0.10331546532264092,0.0013956439237389601,0.358257569495584,0.10534623979047979,0.00089564392373896,False,False,False,turn_left,3.0,3.0,forward
11.072000000000001,0.032,31.25,59.90638480754249,68.62391707435754,67.68625656544921,66.55428680376598,64.93772816585712,131.49470493089464,66.99801533693685,68.93717197336589,66.11637229805069,68.93717197336589,66.67177039148393,0.10908711306404871,2438.9008,2475.18036,0.10048000000006141,0.09420000000000073,0.002059840000001259,0.001931100000000015,0.0019954700000006367,0.10335076979047915,0.0013956439237389601,0.358257569495584,0.10540585818946052,0.00089564392373896,False,False,False,turn_left,3.0,3.0,forward
11.104000000000001,0.032,31.25,67.89453356203832,62.35678883522143,68.17238641798262,68.43545290372214,66.89635241536838,120.37088202279988,67.98682609676658,64.4724033703867,65.67763796610325,67.98682609676658,66.4729439064078,0.10923519097304116,2438.995,2475.27456,0.09420000000000073,0.09420000000000073,0.001931100000000015,0.001931100000000015,0.001931100000000015,0.1034747581894605,0.0013956439237389601,0.358257569495584,0.1055384768377488,0.00089564392373896,False,False,False,turn_left,3.0,3.0,forward
11.136000000000001,0.032,31.25,66.39398634372421,63.46154097361381,70.23215835824291,61.2659361357232,72.11010370028927,133.45243742459175,69.151171924661,68.26544611515313,66.81803633928803,69.151171924661,66.54196239298385,0.10918374326865198,2439.0892,2475.36876,0.09420000000000073,0.09420000000000073,0.001931100000000015,0.001931100000000015,0.001931100000000015,0.10360737683774877,0.0013956439237389601,0.358257569495584,0.10560515232190092,0.00089564392373896,False,False,False,turn_left,3.0,3.0,forward
11.168000000000001,0.032,31.25,65.38875454009944,67.30704095222485,67.76400432714797,73.99664856195213,67.37564328512718,66.13561503047995,66.94528872682,62.73331000880368,65.59359855698699,67.30704095222485,66.35228962578448,0.10932524554901876,2439.1834,2475.46924,0.09420000000000073,0.10048000000006141,0.001931100000000015,0.002059840000001259,0.0019954700000006367,0.10360968232190028,0.0013956439237389601,0.358257569495584,0.10565732611194609,0.00089564392373896,False,False,False,turn_left,3.0,3.0,forward
11.200000000000001,0.032,31.25,62.642374473803216,66.36893568022731,68.5941994817337,65.11124171261156,73.54089143120967,62.499889980473796,65.87941316371172,73.43787205314021,67.08214884272061,73.43787205314021,66.49826146917171,0.10921631314626183,2439.28388,2475.56344,0.10048000000006141,0.09420000000000073,0.002059840000001259,0.001931100000000015,0.0019954700000006367,0.10366185611194545,0.0013956439237389601,0.358257569495584,0.10565178238892729,0.00089564392373896,False,False,False,turn_left,3.0,3.0,forward
11.232000000000001,0.032,31.25,70.2886842554913,65.20172337319705,62.45397618446581,64.29190489244573,69.56975797088487,63.70397235289712,65.84284414997009,68.11943088738163,67.36317066651002,70.2886842554913,66.67124330863938,0.10908750508326504,2439.37808,2475.65764,0.09420000000000073,0.09420000000000073,0.001931100000000015,0.001931100000000015,0.001931100000000015,0.10372068238892727,0.0013956439237389601,0.358257569495584,0.10564338724331446,0.00089564392373896,False,False,False,turn_left,3.0,3.0,forward
11.264,0.032,31.25,69.82669831584757,73.62912815647573,71.88466376663838,68.57919752223015,69.69794316234031,64.27980655267407,67.87900355199898,63.200929074942756,68.63393977481626,73.62912815647573,67.06378260187476,0.10879633120354701,2439.47228,2475.75812,0.09420000000000073,0.10048000000006141,0.001931100000000015,0.002059840000001259,0.0019954700000006367,0.10364791724331382,0.0013956439237389601,0.358257569495584,0.1054923755154641,0.00089564392373896,False,False,False,turn_left,3.0,3.0,forward
11.296,0.032,31.25,65.39575338891088,66.96254699522822,67.16524360330915,66.45655556258596,67.9040023526273,68.71487364401295,62.82383148586348,69.4938391121135,66.16899274552902,69.4938391121135,66.88482463060562,0.10892888383968675,2439.57276,2475.85232,0.10048000000006141,0.09420000000000073,0.002059840000001259,0.001931100000000015,0.0019954700000006367,0.10349690551546346,0.0013956439237389601,0.358257569495584,0.1054429528674524,0.00089564392373896,False,False,False,turn_left,3.0,3.0,forward
11.328,0.032,31.25,66.92837963564871,67.45708579252991,69.25831319091009,67.88678278362973,73.36607371037174,72.38109961114742,66.57165801190396,69.00370644934085,67.49020747235586,69.00370644934085,67.00590119895568,0.10883916815248001,2439.66696,2475.94652,0.09420000000000073,0.09420000000000073,0.001931100000000015,0.001931100000000015,0.001931100000000015,0.10351185286745238,0.0013956439237389601,0.358257569495584,0.10542040389340306,0.00089564392373896,False,False,False,turn_left,3.0,3.0,forward
11.36,0.032,31.25,69.62583369611168,68.22012077313038,71.58357778077571,65.36194058720913,72.0056467874909,70.31944006620107,68.24197901597668,68.22471989899489,68.5781633460534,69.62583369611168,67.32035362837523,0.10860685306499465,2439.76116,2476.04072,0.09420000000000073,0.09420000000000073,0.001931100000000015,0.001931100000000015,0.001931100000000015,0.10348930389340304,0.0013956439237389601,0.358257569495584,0.1053227046213916,0.00089564392373896,False,False,False,turn_left,3.0,3.0,forward
11.392,0.032,31.25,64.76540431887368,62.868494396033455,67.1797929120178,70.0354509638137,70.09265322378978,64.99473678350759,68.0802184078966,70.0329729756219,66.4367725246064,70.0329729756219,67.14363740762147,0.10873728746881761,2439.85536,2476.1412,0.09420000000000073,0.10048000000006141,0.001931100000000015,0.002059840000001259,0.0019954700000006367,0.10332723462139096,0.0013956439237389601,0.358257569495584,0.1052654270053527,0.00089564392373896,False,False,False,turn_left,3.0,3.0,forward
11.424,0.032,31.25,71.64313643546973,68.40115140216993,68.88148811556566,67.14952179909689,63.8374058848112,71.0972580614174,69.08327188541129,67.74176493387876,69.21733116423243,71.64313643546973,67.55837615894367,0.10843166221052387,2439.95584,2476.2354,0.10048000000006141,0.09420000000000073,0.002059840000001259,0.001931100000000015,0.0019954700000006367,0.10326995700535206,0.0013956439237389601,0.358257569495584,0.10511917696660962,0.00089564392373896,False,False,False,turn_left,3.0,3.0,forward
11.456,0.032,31.25,63.89735710815693,72.06989136774924,61.974514407014475,70.3618888880049,69.61149616645542,70.26030301752698,63.94109026658686,65.78521118210985,66.42338748115071,72.06989136774924,67.33137842338509,0.10859872602305341,2440.05004,2476.3296,0.09420000000000073,0.09420000000000073,0.001931100000000015,0.001931100000000015,0.001931100000000015,0.1031880769666096,0.0013956439237389601,0.358257569495584,0.10512648294696474,0.00089564392373896,False,False,False,turn_left,3.0,3.0,forward
11.488,0.032,31.25,68.819955317934,73.63007027004329,70.19478581529565,65.39475048927879,64.96655689537813,67.00803369242036,63.43470043715601,63.44073385758801,67.33136497068033,73.63007027004329,67.33137573284414,0.1085987280062652,2440.14424,2476.43008,0.09420000000000073,0.10048000000006141,0.001931100000000015,0.002059840000001259,0.0019954700000006367,0.1031310129469641,0.0013956439237389601,0.358257569495584,0.10508986325480371,0.00089564392373896,False,False,False,turn_left,3.0,3.0,forward
11.52,0.032,31.25,69.27089561393497,68.14495954024773,68.96671440549704,62.88484874282912,71.80747902120913,69.28285075707552,64.3598036205711,68.10062068269332,67.46906986436177,69.27089561393497,67.35891455914766,0.10857843278682568,2440.23844,2476.52428,0.09420000000000073,0.09420000000000073,0.001931100000000015,0.001931100000000015,0.001931100000000015,0.10315876325480369,0.0013956439237389601,0.358257569495584,0.10510040088881516,0.00089564392373896,False,False,False,turn_left,3.0,3.0,forward
11.552,0.032,31.25,72.5808989231523,66.36488406326332,68.23657458012069,68.87972011500376,66.85502594833213,68.53166521067968,65.32031396474108,70.64590877090362,68.72800143051508,72.5808989231523,67.63273193342116,0.10837705020059928,2440.33892,2476.61848,0.10048000000006141,0.09420000000000073,0.002059840000001259,0.001931100000000015,0.0019954700000006367,0.10310493088881452,0.0013956439237389601,0.358257569495584,0.10499370753954526,0.00089564392373896,False,True,False,turn_left,3.0,3.0,forward
11.584,0.032,31.25,71.73922700474,67.78745832659483,61.96824089343329,66.1668790698703,64.53034231027209,65.92750069543166,70.56334798807704,73.256960733641,70.83674851326322,73.256960733641,68.27353524938957,0.10790867010143587,2440.43312,2476.71268,0.09420000000000073,0.09420000000000073,0.001931100000000015,0.001931100000000015,0.001931100000000015,0.10306260753954524,0.0013956439237389601,0.358257569495584,0.10479874613459172,0.00089564392373896,False,True,False,turn_left,3.0,3.0,forward
11.616,0.032,31.25,69.56243835543839,68.07963188108867,65.01826622914749,67.4905150479991,70.51582263313128,70.22367500975676,65.41687537351756,71.53538929165595,68.64858372542514,71.53538929165595,68.34854494459668,0.10785410808023413,2440.52732,2476.81316,0.09420000000000073,0.10048000000006141,0.001931100000000015,0.002059840000001259,0.0019954700000006367,0.10280327613459109,0.0013956439237389601,0.358257569495584,0.10461277491136782,0.00089564392373896,False,True,False,turn_left,3.0,3.0,forward
11.648,0.032,31.25,75.03456851370132,64.22088924606516,66.73278552698552,70.50573811642664,63.955966480107165,63.84554103921842,67.56746001147975,69.5587761107554,69.0954234705004,75.03456851370132,68.49792064977743,0.10774561643684526,2440.6278,2476.90736,0.10048000000006141,0.09420000000000073,0.002059840000001259,0.001931100000000015,0.0019954700000006367,0.10261730491136718,0.0013956439237389601,0.358257569495584,0.10445456133410115,0.00089564392373896,False,True,False,turn_left,3.0,3.0,forward
11.68,0.032,31.25,65.23658723859369,65.62960870098715,73.85760781060219,70.72136006776373,69.00759905183273,69.16406847234525,69.70259198428734,64.88600364441147,66.36369789206991,69.70259198428734,68.07107609823592,0.1080562147693517,2440.722,2477.00156,0.09420000000000073,0.09420000000000073,0.001931100000000015,0.001931100000000015,0.001931100000000015,0.10252346133410113,0.0013956439237389601,0.358257569495584,0.10450561213243234,0.00089564392373896,False,True,False,turn_left,3.0,3.0,forward
11.712,0.032,31.25,67.61546013059147,59.23828267069266,65.03035488186164,68.8517520263062,67.90573946364785,68.8273655503859,71.51358320318515,72.71807484303295,67.77135021187556,72.71807484303295,68.01113092096385,0.1080999780249217,2440.8162,2477.09576,0.09420000000000073,0.09420000000000073,0.001931100000000015,0.001931100000000015,0.001931100000000015,0.10257451213243232,0.0013956439237389601,0.358257569495584,0.10455405211340632,0.00089564392373896,False,True,False,turn_left,3.0,3.0,forward
11.744,0.032,31.25,63.938169349732924,60.54066819755227,66.87043151679354,62.547586049634376,65.16427023162075,68.24141733436278,73.71561541399113,64.56439113146912,65.68971102318636,73.71561541399113,67.54684694140836,0.1084401349922014,2440.9104,2477.19624,0.09420000000000073,0.10048000000006141,0.001931100000000015,0.002059840000001259,0.0019954700000006367,0.10255858211340568,0.0013956439237389601,0.358257569495584,0.10466569295262279,0.00089564392373896,False,True,False,turn_left,3.0,3.0,forward
11.776,0.032,31.25,64.51224494105757,68.9012828751432,69.67831947414282,64.02232193397552,67.68885655376731,63.993117537049315,61.153935581219514,67.10386955145665,65.41783323721924,68.9012828751432,67.12104420057054,0.10875398612714544,2441.01088,2477.29044,0.10047999999960666,0.09420000000000073,0.002059839999991937,0.001931100000000015,0.001995469999995976,0.10267022295262682,0.0013956439237389601,0.358257569495584,0.1048497771609166,0.00089564392373896,False,True,False,turn_left,3.0,3.0,forward
11.808,0.032,31.25,70.94683928264152,67.35650246200834,64.16432466559574,66.19732184323367,69.54330912746487,66.91591776034014,66.08951319990308,67.07985206180943,67.8681767515906,70.94683928264152,67.27047071077456,0.10864363998280759,2441.10508,2477.38464,0.09420000000000073,0.09420000000000073,0.001931100000000015,0.001931100000000015,0.001931100000000015,0.10291867716091659,0.0013956439237389601,0.358257569495584,0.10496968842693984,0.00089564392373896,False,True,False,turn_left,3.0,3.0,forward
11.84,0.032,31.25,71.05412734307866,65.81688734033838,69.69099583610078,64.62543340370979,65.28159304906035,68.85848470433011,68.08652098910841,66.78676554146914,67.93607530349865,71.05412734307866,67.40359162931938,0.10854552336984924,2441.19928,2477.48512,0.09420000000000073,0.10047999999960666,0.001931100000000015,0.002059839999991937,0.001995469999995976,0.10297421842694386,0.0013956439237389601,0.358257569495584,0.10497018059470788,0.00089564392373896,False,True,False,turn_left,3.0,3.0,forward
11.872,0.032,31.25,63.83668719255497,63.84459327581219,67.88489977160064,65.77557524518127,67.2733381863662,66.52209364152122,64.5447174662608,68.07215772674692,65.07453891534372,68.07215772674692,66.93778108652425,0.10888962581093019,2441.29348,2477.57932,0.09420000000000073,0.09420000000000073,0.001931100000000015,0.001931100000000015,0.001931100000000015,0.10303908059470786,0.0013956439237389601,0.358257569495584,0.10513508270409569,0.00089564392373896,False,False,False,turn_left,3.0,3.0,forward
11.904,0.032,31.25,65.2288279054189,64.22414177613217,67.05648989804651,71.83924784439156,69.69969758844886,67.72904493354481,64.3645980336443,63.55824864129515,64.34395408912263,65.2288279054189,66.41901568704394,0.10927542385750227,2441.39396,2477.67352,0.10048000000006141,0.09420000000000073,0.002059840000001259,0.001931100000000015,0.0019954700000006367,0.10313961270409505,0.0013956439237389601,0.358257569495584,0.10533781349479862,0.00089564392373896,False,False,False,turn_left,3.0,3.0,forward
11.936,0.032,31.25,66.13193361376045,67.4866655272583,75.38188654429163,70.22768824271259,64.5494523920567,64.1619872346461,69.34248695582689,65.49597218602138,67.11426457071676,69.34248695582689,66.5580654637785,0.10917174670236328,2441.48816,2477.76772,0.09420000000000073,0.09420000000000073,0.001931100000000015,0.001931100000000015,0.001931100000000015,0.1034067134947986,0.0013956439237389601,0.358257569495584,0.10547208027980205,0.00089564392373896,False,False,False,turn_left,3.0,3.0,forward
11.968,0.032,31.25,67.76497290912397,71.45974248925583,67.26602783750934,70.10905235360467,70.69257597706172,66.28712998491406,65.53774763783838,69.91730233791364,68.66994134353295,71.45974248925583,66.9804406397294,0.10885802172289268,2441.58236,2477.8682,0.09420000000000073,0.10048000000006141,0.001931100000000015,0.002059840000001259,0.0019954700000006367,0.10347661027980141,0.0013956439237389601,0.358257569495584,0.10540454166385901,0.00089564392373896,False,False,False,turn_left,3.0,3.0,forward
12.0,0.032,31.25,66.15484109283352,65.267157070866,71.19010948779133,70.22843857310419,58.641329122893744,57.44945273343225,67.17568455268325,60.77895180659387,64.84415863074416,67.17568455268325,66.55318423793236,0.10917538287004153,2441.68284,2477.9624,0.10048000000006141,0.09420000000000073,0.002059840000001259,0.001931100000000015,0.0019954700000006367,0.10340907166385838,0.0013956439237389601,0.358257569495584,0.10547489630154071,0.00089564392373896,False,False,False,turn_left,3.0,3.0,forward
12.032,0.032,31.25,64.00042608805008,70.27985511861449,71.26429381407179,71.1136593420377,67.95482616384459,62.756649640853,64.42369654124465,61.75805621312485,65.11550849025852,70.27985511861449,66.2656490883976,0.10939000441812682,2441.77704,2478.0566,0.09420000000000073,0.09420000000000073,0.001931100000000015,0.001931100000000015,0.001931100000000015,0.10354379630154069,0.0013956439237389601,0.358257569495584,0.1056382446121542,0.00089564392373896,False,False,False,turn_left,3.0,3.0,forward
12.064,0.032,31.25,64.58962971726234,70.12106967909983,66.38770456159837,67.12554209035555,64.97580767460043,69.01682094662598,62.28981208772157,67.24090739247963,66.06035471914085,70.12106967909983,66.22459021454625,0.10942072038994395,2441.87124,2478.1508,0.09420000000000073,0.09420000000000073,0.001931100000000015,0.001931100000000015,0.001931100000000015,0.10370714461215418,0.0013956439237389601,0.358257569495584,0.10575407638343398,0.00089564392373896,False,False,False,turn_left,3.0,3.0,forward
12.096,0.032,31.25,71.64730373434239,66.89246814833812,71.36054467830284,68.5791353025323,68.08720033007948,66.03856612081493,71.3643883614776,63.17757633581854,68.27043414499417,71.64730373434239,66.63375900063585,0.10911539136039348,2441.96544,2478.25128,0.09420000000000073,0.10048000000006141,0.001931100000000015,0.002059840000001259,0.0019954700000006367,0.10375860638343334,0.0013956439237389601,0.358257569495584,0.10567771514958954,0.00089564392373896,False,False,False,turn_left,3.0,3.0,forward
12.128,0.032,31.25,65.44213621550105,67.54939416993534,68.20716816618514,69.09705628159689,68.21349053680692,59.319592808798255,73.64325427709144,64.41045493274984,67.76130989881942,73.64325427709144,66.85926918027256,0.1089478389025598,2442.06592,2478.34548,0.10048000000006141,0.09420000000000073,0.002059840000001259,0.001931100000000015,0.0019954700000006367,0.1036822451495889,0.0013956439237389601,0.358257569495584,0.10556868396947938,0.00089564392373896,False,False,False,turn_left,3.0,3.0,forward
12.16,0.032,31.25,63.47896880529076,71.70765486961314,63.531025850902935,63.18005836086764,68.77475164898415,75.05149480229542,62.910172947372864,63.52186822539328,65.40466621191752,71.70765486961314,66.56834858660156,0.10916408729642076,2442.16012,2478.43968,0.09420000000000073,0.09420000000000073,0.001931100000000015,0.001931100000000015,0.001931100000000015,0.10363758396947936,0.0013956439237389601,0.358257569495584,0.10561749561919864,0.00089564392373896,False,False,False,turn_left,3.0,3.0,forward
12.192,0.032,31.25,66.69507478379312,62.42766686197637,71.41007470531976,61.85321921658286,66.31858724015746,65.56583205403713,62.9140996699181,67.42963713860222,64.86661961357245,67.42963713860222,66.22800279199575,0.10941816679777433,2442.25432,2478.54016,0.09420000000000073,0.10048000000006141,0.001931100000000015,0.002059840000001259,0.0019954700000006367,0.103622025619198,0.0013956439237389601,0.358257569495584,0.10569853707028803,0.00089564392373896,False,False,False,turn_left,3.0,3.0,forward
12.224,0.032,31.25,67.50285329615177,64.51249466973445,62.89077911328699,72.26622819785956,67.85764707578453,68.5822000231136,63.11275401125713,68.26089556357205,65.84724938517886,68.26089556357205,66.15185211063238,0.10947517783003188,2442.34852,2478.63436,0.09420000000000073,0.09420000000000073,0.001931100000000015,0.001931100000000015,0.001931100000000015,0.10376743707028802,0.0013956439237389601,0.358257569495584,0.10581227840218473,0.00089564392373896,False,False,False,turn_left,3.0,3.0,forward
12.256,0.032,31.25,65.04126827741098,66.3781700035672,66.55694741677742,65.56559081806921,75.03646721235016,66.30779428601387,64.25738617732307,59.044133399135816,63.68023946435926,66.3781700035672,65.65752958137776,0.10984670717665113,2442.449,2478.72856,0.10048000000006141,0.09420000000000073,0.002059840000001259,0.001931100000000015,0.0019954700000006367,0.10381680840218409,0.0013956439237389601,0.358257569495584,0.10597706528142906,0.00089564392373896,False,False,False,turn_left,3.0,3.0,forward
12.288,0.032,31.25,71.11410473049521,67.7100008368278,71.30134848191422,60.41098338485347,66.58649283159293,71.6013143442299,66.26393088300792,66.55539734685799,67.91085844929724,71.11410473049521,66.10819535496165,0.1095078887336121,2442.5432,2478.82276,0.09420000000000073,0.09420000000000073,0.001931100000000015,0.001931100000000015,0.001931100000000015,0.10404596528142904,0.0013956439237389601,0.358257569495584,0.10600274070217908,0.00089564392373896,False,False,False,turn_left,3.0,3.0,forward
12.32,0.032,31.25,67.61150113020099,67.49814003235907,64.65402460377932,62.30614487384112,70.138640954558,63.09610148467591,69.49765268018339,71.2926258389927,68.97497992043404,71.2926258389927,66.68155226805614,0.10907983827959825,2442.6374,2478.92324,0.09420000000000073,0.10048000000006141,0.001931100000000015,0.002059840000001259,0.0019954700000006367,0.10400727070217844,0.0013956439237389601,0.358257569495584,0.10582455643356696,0.00089564392373896,False,False,False,turn_left,3.0,3.0,forward
12.352,0.032,31.25,67.73489687867031,61.554250494647675,57.25650440131183,64.26833480722098,66.18823720358475,67.69806388772302,69.2673060299802,77.20109558221388,68.93938724637802,77.20109558221388,67.13311926372052,0.10874506079981691,2442.73788,2479.01744,0.10048000000006141,0.09420000000000073,0.002059840000001259,0.001931100000000015,0.0019954700000006367,0.10382908643356632,0.0013956439237389601,0.358257569495584,0.10559027146172185,0.00089564392373896,False,False,False,turn_left,3.0,3.0,forward
12.384,0.032,31.25,70.09732887777618,72.94321067175196,66.66121029978164,69.46366602473314,65.55075599667494,69.9145348268758,69.06062170576728,62.86384230417576,68.7412508898678,72.94321067175196,67.45474558894998,0.10850786752297659,2442.83208,2479.11164,0.09420000000000073,0.09420000000000073,0.001931100000000015,0.001931100000000015,0.001931100000000015,0.10365917146172184,0.0013956439237389601,0.358257569495584,0.10539625352784977,0.00089564392373896,False,False,False,turn_left,3.0,3.0,forward
12.416,0.032,31.25,76.0092527387978,65.04210257640344,66.24274426612097,68.42027629940308,69.29295922166752,72.62520816683545,71.07348839638573,63.67402052288998,68.94971605861925,76.0092527387978,67.75373968288383,0.10828829127668761,2442.92628,2479.20584,0.09420000000000073,0.09420000000000073,0.001931100000000015,0.001931100000000015,0.001931100000000015,0.10346515352784975,0.0013956439237389601,0.358257569495584,0.10519307913509081,0.00089564392373896,False,False,False,turn_left,3.0,3.0,forward
12.448,0.032,31.25,65.02376588967644,68.43766501963022,64.02112708752566,71.22275438865513,65.21910063718838,66.84650976273416,70.07822219968504,68.5526666441608,68.02307993828813,70.07822219968504,67.8076077339647,0.108248825925104,2443.02048,2479.30632,0.09420000000000073,0.10048000000006141,0.001931100000000015,0.002059840000001259,0.0019954700000006367,0.10319760913509017,0.0013956439237389601,0.358257569495584,0.10500724578527582,0.00089564392373896,False,False,False,turn_left,3.0,3.0,forward
12.48,0.032,31.25,61.98715222279434,62.5138079693239,71.21462302187464,72.22479399536239,59.059175970495986,65.1302437128119,70.51783280364465,68.16695563638133,65.79643715803606,70.51783280364465,67.40537361877898,0.10854421115867414,2443.12096,2479.40052,0.10048000000006141,0.09420000000000073,0.002059840000001259,0.001931100000000015,0.0019954700000006367,0.10301177578527518,0.0013956439237389601,0.358257569495584,0.10499381263554049,0.00089564392373896,False,True,False,turn_left,3.0,3.0,forward
12.512,0.032,31.25,72.12653814500196,65.44288722011251,66.15771461096328,69.19654703515104,63.95584264335556,67.47319696332663,73.1782888804439,65.86178668541345,69.15237523274295,73.1782888804439,67.75477394157178,0.10828753327677283,2443.21516,2479.49472,0.09420000000000073,0.09420000000000073,0.001931100000000015,0.001931100000000015,0.001931100000000015,0.10306271263554047,0.0013956439237389601,0.358257569495584,0.10493454417951874,0.00089564392373896,False,True,False,turn_left,3.0,3.0,forward
12.544,0.032,31.25,69.02084747186254,68.19490532837102,71.74574599364706,63.082211666819724,68.78449697100855,67.44652508579215,66.2843768799901,68.69788725914664,68.04950423484257,69.02084747186254,67.81372000022594,0.10824434971243227,2443.30936,2479.5952,0.09420000000000073,0.10048000000006141,0.001931100000000015,0.002059840000001259,0.0019954700000006367,0.1029390741795181,0.0013956439237389601,0.358257569495584,0.10483972929744433,0.00089564392373896,False,True,False,turn_left,3.0,3.0,forward
12.576,0.032,31.25,65.0678952597663,66.76426936268412,68.63933476659189,66.49511325797562,62.033329738776594,68.51928586053866,70.43588649981977,60.66614921285127,65.73355008378037,70.43588649981977,67.39768601693683,0.10854987233762618,2443.40984,2479.6894,0.10047999999960666,0.09420000000000073,0.002059839999991937,0.001931100000000015,0.001995469999995976,0.10284425929744835,0.0013956439237389601,0.358257569495584,0.10488833835770477,0.00089564392373896,False,True,False,turn_left,3.0,3.0,forward
12.608,0.032,31.25,65.2051233350091,67.21631733388577,62.65842138541059,65.64222209775977,67.6348142034202,65.45430510742547,69.60668602603,62.91220240010219,66.23508227375677,69.60668602603,67.16516526830083,0.10872138097918733,2443.50404,2479.7836,0.09420000000000073,0.09420000000000073,0.001931100000000015,0.001931100000000015,0.001931100000000015,0.10295723835770475,0.0013956439237389601,0.358257569495584,0.105022286083503,0.00089564392373896,False,False,False,turn_left,3.0,3.0,forward
12.64,0.032,31.25,70.322197389189,65.2793202705628,63.73071200406202,67.32636384624422,77.10486947733705,73.78443952119082,68.24428271340476,69.63097908044462,68.3691948634003,70.322197389189,67.40597118732072,0.10854377113168301,2443.59824,2479.8778,0.09420000000000073,0.09420000000000073,0.001931100000000015,0.001931100000000015,0.001931100000000015,0.10309118608350298,0.0013956439237389601,0.358257569495584,0.10504461595033192,0.00089564392373896,False,False,False,turn_left,3.0,3.0,forward
12.672,0.032,31.25,65.31436005260454,63.68297724822528,71.17303256493885,63.57903954418991,62.324372613791354,66.9114807193304,67.45118843855724,65.77180028823201,65.55508150690477,67.45118843855724,67.03579325123754,0.10881704138978647,2443.69244,2479.97828,0.09420000000000073,0.10047999999960666,0.001931100000000015,0.002059839999991937,0.001995469999995976,0.10304914595033594,0.0013956439237389601,0.358257569495584,0.10511553815157815,0.00089564392373896,False,False,False,turn_left,3.0,3.0,forward
12.704,0.032,31.25,70.18284092506094,59.591406991119236,64.41974387159078,67.91711566672319,65.61638510710952,62.53624663197571,74.90071201996359,66.346559230472,67.75537979165394,74.90071201996359,67.17971055932082,0.10871063639951375,2443.79292,2480.07248,0.10048000000006141,0.09420000000000073,0.002059840000001259,0.001931100000000015,0.0019954700000006367,0.10312006815157751,0.0013956439237389601,0.358257569495584,0.10512293154418234,0.00089564392373896,False,False,False,turn_left,3.0,3.0,forward
12.736,0.032,31.25,66.52397677393142,69.58869395627859,68.65329537684387,70.57897501914077,64.46445118007107,63.810572131806325,69.6067636336273,69.55591822262522,68.81883814661563,69.6067636336273,67.50753607677979,0.10846903436629686,2443.88712,2480.16668,0.09420000000000073,0.09420000000000073,0.001931100000000015,0.001931100000000015,0.001931100000000015,0.10319183154418232,0.0013956439237389601,0.358257569495584,0.10508242940096832,0.00089564392373896,False,False,False,turn_left,3.0,3.0,forward
12.768,0.032,31.25,71.316150194137,71.7844534797403,57.13444800623366,68.04597106160423,65.04402614496787,70.25547089275518,66.47817424810255,67.90733366092796,69.37152789572696,71.7844534797403,67.88033444056921,0.10819558976876772,2443.98132,2480.26088,0.09420000000000073,0.09420000000000073,0.001931100000000015,0.001931100000000015,0.001931100000000015,0.1031513294009683,0.0013956439237389601,0.358257569495584,0.10495847386023903,0.00089564392373896,False,True,False,turn_left,3.0,3.0,forward
12.8,0.032,31.25,66.57226573811936,73.49102943248263,63.518147101079116,64.39106449953336,62.87384794017676,71.39020253474553,69.16802131071336,64.45914690874066,68.422615847514,73.49102943248263,67.98879072195817,0.10811629665966292,2444.07552,2480.36136,0.09420000000000073,0.10048000000006141,0.001931100000000015,0.002059840000001259,0.0019954700000006367,0.10296300386023839,0.0013956439237389601,0.358257569495584,0.10480921001345932,0.00089564392373896,False,True,False,turn_left,3.0,3.0,forward
12.832,0.032,31.25,63.06024449345706,68.62077202639165,64.62547627092876,66.61019489670673,62.26134647094844,70.86300997681991,64.73963285326784,66.8390438978862,65.81492331775068,68.62077202639165,67.55401724111667,0.10843486540833752,2444.176,2480.45556,0.10048000000006141,0.09420000000000073,0.002059840000001259,0.001931100000000015,0.0019954700000006367,0.10281374001345868,0.0013956439237389601,0.358257569495584,0.10482755073525787,0.00089564392373896,False,True,False,turn_left,3.0,3.0,forward
12.864,0.032,31.25,66.78874181972576,66.46364102546531,66.30710236371654,71.54988696834317,68.04615397585583,63.58021295226628,64.19673029458893,68.19415579960045,66.4108172348451,68.19415579960045,67.32537723986236,0.1086031497068573,2444.2702,2480.54976,0.09420000000000073,0.09420000000000073,0.001931100000000015,0.001931100000000015,0.001931100000000015,0.10289645073525786,0.0013956439237389601,0.358257569495584,0.10494091883866602,0.00089564392373896,False,True,False,turn_left,3.0,3.0,forward
12.896,0.032,31.25,62.8340160162269,66.93141932709096,72.26762058152224,71.34578920755062,70.19636690437653,68.77746265172146,64.67553197008449,59.81654208719058,63.56437735014823,66.93141932709096,66.57317726191954,0.10916049101813995,2444.3644,2480.65024,0.09420000000000073,0.10048000000006141,0.001931100000000015,0.002059840000001259,0.0019954700000006367,0.10294544883866538,0.0013956439237389601,0.358257569495584,0.10517203474419648,0.00089564392373896,False,False,False,turn_left,3.0,3.0,forward
12.928,0.032,31.25,69.06916397033741,69.49486048586692,72.43291818617038,64.39736919604601,69.38680379848407,65.42946324815452,70.44528823322052,66.44862409537112,68.86448419619899,70.44528823322052,67.03143864877543,0.10882026420363301,2444.46488,2480.74444,0.10048000000006141,0.09420000000000073,0.002059840000001259,0.001931100000000015,0.0019954700000006367,0.10317656474419584,0.0013956439237389601,0.358257569495584,0.10519846279549734,0.00089564392373896,False,False,False,turn_left,3.0,3.0,forward
12.96,0.032,31.25,69.71574526931575,67.82569279094295,69.03650260020481,62.38404942772164,67.347313688838,63.41727355545077,66.28140596045809,67.05210937517543,67.71873834897306,69.71574526931575,67.16889858881495,0.10871862297959756,2444.55908,2480.83864,0.09420000000000073,0.09420000000000073,0.001931100000000015,0.001931100000000015,0.001931100000000015,0.10326736279549732,0.0013956439237389601,0.358257569495584,0.10522031801974112,0.00089564392373896,False,False,False,turn_left,3.0,3.0,forward
12.992,0.032,31.25,63.66892138499625,66.42751812456916,62.313182935944084,68.96596754419699,67.56127630954887,71.34000970763775,66.8224873542415,67.39656639468167,66.07887331462214,67.39656639468167,66.9508935339764,0.10887990957537563,2444.65328,2480.93284,0.09420000000000073,0.09420000000000073,0.001931100000000015,0.001931100000000015,0.001931100000000015,0.1032892180197411,0.0013956439237389601,0.358257569495584,0.10529212558826222,0.00089564392373896,False,False,False,turn_left,3.0,3.0,forward
13.024000000000001,0.032,31.25,64.4524457546496,62.467705469369605,70.10134782408949,65.46082007005424,67.94988224224069,64.22993808415396,67.31575772879816,68.86305881911777,65.77474194298378,68.86305881911777,66.71566321577788,0.10905447754728448,2444.74748,2481.03332,0.09420000000000073,0.10048000000006141,0.001931100000000015,0.002059840000001259,0.0019954700000006367,0.10329665558826158,0.0013956439237389601,0.358257569495584,0.10535943888888942,0.00089564392373896,False,False,False,turn_left,3.0,3.0,forward
13.056000000000001,0.032,31.25,68.14886548388874,64.59402065212728,65.40787052992465,68.9221330935902,69.69565134311095,67.58909961294573,71.34309488009328,67.6214696848577,67.92686267524175,71.34309488009328,66.95790310767066,0.10887471623950287,2444.84796,2481.12752,0.10048000000006141,0.09420000000000073,0.002059840000001259,0.001931100000000015,0.0019954700000006367,0.10336396888888878,0.0013956439237389601,0.358257569495584,0.10533823584082401,0.00089564392373896,False,False,False,turn_left,3.0,3.0,forward
13.088000000000001,0.032,31.25,61.54479045904209,66.50264935028535,67.64469350279951,67.94164728865847,66.73824635015647,71.61568016333442,68.23856279300324,65.2787693459122,65.39119298706072,68.23856279300324,66.64456108354867,0.10910735373870585,2444.94216,2481.22172,0.09420000000000073,0.09420000000000073,0.001931100000000015,0.001931100000000015,0.001931100000000015,0.10340713584082399,0.0013956439237389601,0.358257569495584,0.10544928205051438,0.00089564392373896,False,False,False,turn_left,3.0,3.0,forward
13.120000000000001,0.032,31.25,64.0150866319592,61.12638743312916,68.40271012009914,67.70253221984686,71.2171627009628,62.60512584177634,67.97640877721331,73.90269415266494,66.75514424874166,73.90269415266494,66.66667771658726,0.10909090087196051,2445.03636,2481.3222,0.09420000000000073,0.10048000000006141,0.001931100000000015,0.002059840000001259,0.0019954700000006367,0.10345381205051374,0.0013956439237389601,0.358257569495584,0.10547334179071599,0.00089564392373896,False,False,False,turn_left,3.0,3.0,forward
13.152000000000001,0.032,31.25,58.47182478868221,67.5008216050909,68.77105172083678,69.31087871611524,64.74877159554956,61.387091427827364,66.88019233443652,73.33034678604378,66.54579637856335,73.33034678604378,66.64250144898249,0.10910888618172178,2445.13056,2481.4164,0.09420000000000073,0.09420000000000073,0.001931100000000015,0.001931100000000015,0.001931100000000015,0.10354224179071597,0.0013956439237389601,0.358257569495584,0.10553653428048394,0.00089564392373896,False,False,False,turn_left,3.0,3.0,forward
13.184000000000001,0.032,31.25,70.71050185152005,65.22074435494288,64.25477017690436,70.69577922928771,71.92090835504095,67.78043264765924,69.07382797150248,69.09362147753876,68.52467391387604,70.71050185152005,67.0189359419612,0.10882951843915083,2445.23104,2481.5106,0.10048000000006141,0.09420000000000073,0.002059840000001259,0.001931100000000015,0.0019954700000006367,0.1035410642804833,0.0013956439237389601,0.358257569495584,0.10543569301375634,0.00089564392373896,False,False,False,turn_left,3.0,3.0,forward
13.216000000000001,0.032,31.25,65.98847841823088,71.01773955141573,65.54983354658461,67.99647507320364,69.657568422948,64.29747886725704,63.924228101408914,69.22132539735117,67.53794286710168,71.01773955141573,67.1227373269893,0.10875273455821463,2445.32524,2481.6048,0.09420000000000073,0.09420000000000073,0.001931100000000015,0.001931100000000015,0.001931100000000015,0.10350459301375632,0.0013956439237389601,0.358257569495584,0.10538477944784276,0.00089564392373896,False,False,False,turn_left,3.0,3.0,forward
13.248000000000001,0.032,31.25,62.51832390884837,69.44636576084903,69.75318188153264,61.199752066337524,62.78665471363279,72.98125126827844,69.38127009986175,59.369735731661514,65.17892387530517,69.44636576084903,66.73397463665248,0.10904086827621026,2445.41944,2481.70528,0.09420000000000073,0.10048000000006141,0.001931100000000015,0.002059840000001259,0.0019954700000006367,0.10338930944784212,0.0013956439237389601,0.358257569495584,0.1054140231775546,0.00089564392373896,False,False,False,turn_left,3.0,3.0,forward
13.280000000000001,0.032,31.25,69.8237780129159,65.51692567707859,73.33553824082428,65.39763520284282,66.79126585040596,70.68441598804583,66.71894227078717,69.59626834602344,67.91397857670128,69.8237780129159,66.96997542466224,0.10886577311977373,2445.51992,2481.79948,0.10048000000006141,0.09420000000000073,0.002059840000001259,0.001931100000000015,0.0019954700000006367,0.10341855317755397,0.0013956439237389601,0.358257569495584,0.1053700609545615,0.00089564392373896,False,False,False,turn_left,3.0,3.0,forward
13.312000000000001,0.032,31.25,66.50331027905028,66.18671631645678,71.65123232289245,65.76063921767374,71.3164950938932,66.67795282911415,64.79125233642668,70.74853274837628,67.05745292007751,70.74853274837628,66.98747092374529,0.10885281513756054,2445.61412,2481.89368,0.09420000000000073,0.09420000000000073,0.001931100000000015,0.001931100000000015,0.001931100000000015,0.10343896095456148,0.0013956439237389601,0.358257569495584,0.10537851519576623,0.00089564392373896,False,False,False,turn_left,3.0,3.0,forward
13.344,0.032,31.25,71.77565742645271,72.62505738766059,68.62849383969557,66.87119354133901,68.08030429235068,67.343239990532,67.24263939118673,66.01693517122769,69.41507234413194,72.62505738766059,67.47299120782262,0.1084944427380089,2445.70832,2481.98788,0.09420000000000073,0.09420000000000073,0.001931100000000015,0.001931100000000015,0.001931100000000015,0.10344741519576621,0.0013956439237389601,0.358257569495584,0.10525555101622734,0.00089564392373896,False,False,False,turn_left,3.0,3.0,forward
13.376,0.032,31.25,72.45093065159118,66.23445211214379,62.38660436585142,70.80284546002657,64.61101929014484,69.77267629790917,64.0473302209077,61.04604978096225,65.94469069140123,72.45093065159118,67.16733110453835,0.10871978094536902,2445.80252,2482.08836,0.09420000000000073,0.10048000000006141,0.001931100000000015,0.002059840000001259,0.0019954700000006367,0.1032600810162267,0.0013956439237389601,0.358257569495584,0.10521605984301645,0.00089564392373896,False,False,False,turn_left,3.0,3.0,forward
13.408,0.032,31.25,67.12527302348366,64.89437403311612,64.72238904844282,70.47971999434819,61.51530596703764,74.1664433731067,65.22807061429914,66.47888860194708,65.93165156821149,67.12527302348366,66.92019519727297,0.10890265955960955,2445.903,2482.18256,0.10047999999960666,0.09420000000000073,0.002059839999991937,0.001931100000000015,0.001995469999995976,0.10322058984302047,0.0013956439237389601,0.358257569495584,0.10525623432939014,0.00089564392373896,False,False,False,turn_left,3.0,3.0,forward
13.44,0.032,31.25,68.14668203102015,64.35899775304671,67.29493734112728,65.35234915038575,62.86451013426253,71.13087330263613,69.31375771534834,66.35460709337676,67.04351114819798,69.31375771534834,66.94485838745798,0.10888438136305442,2445.9972,2482.27676,0.09420000000000073,0.09420000000000073,0.001931100000000015,0.001931100000000015,0.001931100000000015,0.10332513432939013,0.0013956439237389601,0.358257569495584,0.10531677665989624,0.00089564392373896,False,False,False,turn_left,3.0,3.0,forward
13.472,0.032,31.25,66.49054290246737,70.78357833158468,68.05048008300017,66.04490848489475,64.45518785108295,60.877169113577835,67.52128182182727,67.22725473291304,68.00566444719809,70.78357833158468,67.157019599406,0.10872739909761386,2446.0914,2482.37724,0.09420000000000073,0.10047999999960666,0.001931100000000015,0.002059839999991937,0.001995469999995976,0.10332130665990026,0.0013956439237389601,0.358257569495584,0.10525808019710399,0.00089564392373896,False,False,False,turn_left,3.0,3.0,forward
13.504,0.032,31.25,65.9087487992576,67.69060936959994,68.5527847773654,65.84368468316121,63.77309871101356,69.05093368199108,67.98109261056646,62.10366317495114,65.92102848859378,67.98109261056646,66.90982137724356,0.1089103495600493,2446.1856,2482.47144,0.09420000000000073,0.09420000000000073,0.001931100000000015,0.001931100000000015,0.001931100000000015,0.10332698019710397,0.0013956439237389601,0.358257569495584,0.10532726453466887,0.00089564392373896,False,False,False,turn_left,3.0,3.0,forward
13.536,0.032,31.25,60.095369776970145,72.57602653185172,64.7687849273191,67.61053879294455,62.370784694837766,66.55701185854446,64.03144068148056,65.44277953526068,65.53640413139078,72.57602653185172,66.63513792807301,0.10911436526113044,2446.28608,2482.56564,0.10048000000006141,0.09420000000000073,0.002059840000001259,0.001931100000000015,0.0019954700000006367,0.10333179453466823,0.0013956439237389601,0.358257569495584,0.10540344426856689,0.00089564392373896,False,False,False,turn_left,3.0,3.0,forward
13.568,0.032,31.25,66.11577476175367,67.74412807206566,69.03603426820253,73.14044601038852,60.957595807521145,67.63188047014151,67.1585585251427,68.46030424674457,67.36969140142665,68.46030424674457,66.78204862274373,0.10900515526338564,2446.38028,2482.65984,0.09420000000000073,0.09420000000000073,0.001931100000000015,0.001931100000000015,0.001931100000000015,0.10347234426856687,0.0013956439237389601,0.358257569495584,0.10545451568804909,0.00089564392373896,False,False,False,turn_left,3.0,3.0,forward
13.6,0.032,31.25,71.2692669679917,71.68331382496999,72.39702576749677,72.0263353946636,64.95857593866201,70.52352994830574,65.1347180080225,63.49567385503132,67.89574316400387,71.68331382496999,67.00478753099577,0.10883999268817296,2446.47448,2482.76032,0.09420000000000073,0.10048000000006141,0.001931100000000015,0.002059840000001259,0.0019954700000006367,0.10345904568804845,0.0013956439237389601,0.358257569495584,0.1053868106818976,0.00089564392373896,False,False,False,turn_left,3.0,3.0,forward
13.632,0.032,31.25,72.08946758338259,59.852006244734255,70.69150228095106,65.71168534027005,63.84183957648951,69.71387764837057,67.21259779816536,70.83222311911281,67.49657368634875,72.08946758338259,67.10314476206638,0.10876721925883624,2446.57496,2482.85452,0.10048000000006141,0.09420000000000073,0.002059840000001259,0.001931100000000015,0.0019954700000006367,0.10339134068189697,0.0013956439237389601,0.358257569495584,0.10531728987477461,0.00089564392373896,False,False,False,turn_left,3.0,3.0,forward
13.664,0.032,31.25,65.21235364261173,64.89279994189079,66.16715111302324,68.93207545315272,67.07785597631404,67.13998353488944,64.59272233128186,65.00857793022014,64.92661346150113,65.21235364261173,66.66783850195333,0.1090900374848499,2446.66916,2482.94872,0.09420000000000073,0.09420000000000073,0.001931100000000015,0.001931100000000015,0.001931100000000015,0.10338618987477459,0.0013956439237389601,0.358257569495584,0.10542963645633337,0.00089564392373896,False,False,False,turn_left,3.0,3.0,forward
13.696,0.032,31.25,66.80794100064286,69.89907886873308,68.43702302959387,67.72086743019103,63.89016655737958,69.04819495444649,67.55309784970258,64.21750322123539,67.11940523507847,69.89907886873308,66.75815184857836,0.10902290467999644,2446.76336,2483.04292,0.09420000000000073,0.09420000000000073,0.001931100000000015,0.001931100000000015,0.001931100000000015,0.10349853645633335,0.0013956439237389601,0.358257569495584,0.10547768318914152,0.00089564392373896,False,False,False,turn_left,3.0,3.0,forward
13.728,0.032,31.25,67.0104657353817,69.53264148932482,67.70646808958337,68.01638635977517,68.86624012377216,66.67808453344574,67.55999304310726,69.72702246456319,68.45753068309423,69.72702246456319,67.09802761548154,0.10877100297921369,2446.85756,2483.1434,0.09420000000000073,0.10048000000006141,0.001931100000000015,0.002059840000001259,0.0019954700000006367,0.10348221318914089,0.0013956439237389601,0.358257569495584,0.10537696216490543,0.00089564392373896,False,False,False,turn_left,3.0,3.0,forward
13.76,0.032,31.25,64.34683153052933,64.88490384891463,62.621007800271165,67.69488271009148,68.54686938515485,68.3186847688892,65.91741833633499,70.09617684347124,66.31133263981255,70.09617684347124,66.94068862034774,0.10888747119825588,2446.95804,2483.2376,0.10048000000006141,0.09420000000000073,0.002059840000001259,0.001931100000000015,0.0019954700000006367,0.10338149216490479,0.0013956439237389601,0.358257569495584,0.1053540508310868,0.00089564392373896,False,False,False,turn_left,3.0,3.0,forward
13.792,0.032,31.25,73.36619186420889,66.68226505235775,66.14115089182455,62.987120600504944,70.19263723284288,66.07473819725148,68.20356385886899,68.73194762693588,69.24599210059287,73.36619186420889,67.40174931639677,0.10854688003502672,2447.05224,2483.3318,0.09420000000000073,0.09420000000000073,0.001931100000000015,0.001931100000000015,0.001931100000000015,0.10342295083108678,0.0013956439237389601,0.358257569495584,0.10525863725395775,0.00089564392373896,False,False,False,turn_left,3.0,3.0,forward
13.824,0.032,31.25,68.09460372579622,62.07668637997586,63.75302994714526,63.461509024502746,67.30169222749221,67.26031522610458,66.68579139877976,69.93256830212417,66.69741245166901,69.93256830212417,67.26088194345122,0.10865071422120143,2447.14644,2483.43228,0.09420000000000073,0.10048000000006141,0.001931100000000015,0.002059840000001259,0.0019954700000006367,0.10326316725395711,0.0013956439237389601,0.358257569495584,0.10519329673598536,0.00089564392373896,False,False,False,turn_left,3.0,3.0,forward
13.856,0.032,31.25,66.90906430526735,66.51263306638583,72.33134500652892,68.48680537687864,66.45703200813888,66.0700845456348,70.3222524445919,68.5362131908958,68.07004075178521,70.3222524445919,67.42271370511803,0.10853144402160421,2447.24064,2483.52648,0.09420000000000073,0.09420000000000073,0.001931100000000015,0.001931100000000015,0.001931100000000015,0.10326219673598534,0.0013956439237389601,0.358257569495584,0.10514994446160236,0.00089564392373896,False,False,False,turn_left,3.0,3.0,forward
13.888,0.032,31.25,60.49759931296574,63.700132019258696,65.71564295415423,62.90561234250725,64.5740921763083,67.5403277591416,67.05815234729322,62.776267948811764,63.508037907082354,67.05815234729322,66.6397785455109,0.10911091218699752,2447.34112,2483.62068,0.10048000000006141,0.09420000000000073,0.002059840000001259,0.001931100000000015,0.0019954700000006367,0.10315447446160173,0.0013956439237389601,0.358257569495584,0.10528841336395382,0.00089564392373896,False,False,False,turn_left,3.0,3.0,forward
13.92,0.032,31.25,56.39035895704523,70.81345354579445,69.73430401276244,66.95792409985742,69.29565498583995,63.026014113094604,64.5321552408198,63.3709121794608,63.77671998078007,70.81345354579445,66.06716683256474,0.1095386481914901,2447.43532,2483.71488,0.09420000000000073,0.09420000000000073,0.001931100000000015,0.001931100000000015,0.001931100000000015,0.1033573133639538,0.0013956439237389601,0.358257569495584,0.10557182335550537,0.00089564392373896,False,False,False,turn_left,3.0,3.0,forward
13.952,0.032,31.25,68.81042550145136,65.94800200747804,63.69975873574046,64.02032165792792,66.61691067335296,68.77533415115617,64.50120508792199,70.39928887329545,67.4147303675367,70.39928887329545,66.33667953955913,0.10933690753639609,2447.52952,2483.81536,0.09420000000000073,0.10048000000006141,0.001931100000000015,0.002059840000001259,0.0019954700000006367,0.10357635335550473,0.0013956439237389601,0.358257569495584,0.10564011549529849,0.00089564392373896,False,False,False,turn_left,3.0,3.0,forward
13.984,0.032,31.25,69.5314417447669,59.632071486410034,64.21123619353584,66.94249816124189,67.87429026003022,61.439730445126195,63.16908681199314,62.822275253631055,63.78871882420028,69.5314417447669,65.82708739648737,0.10971898489954619,2447.63,2483.90956,0.10048000000006141,0.09420000000000073,0.002059840000001259,0.001931100000000015,0.0019954700000006367,0.10364464549529785,0.0013956439237389601,0.358257569495584,0.10582082356655512,0.00089564392373896,False,False,False,turn_left,3.0,3.0,forward
14.016,0.032,31.25,72.37545014382782,66.75356776926375,71.21392474610275,69.65319653890766,67.42770280526366,64.7410944143244,63.94086592485649,62.75583226364553,66.45642902539839,72.37545014382782,65.95295572226958,0.10962436437701216,2447.7242,2484.00376,0.09420000000000073,0.09420000000000073,0.001931100000000015,0.001931100000000015,0.001931100000000015,0.1038897235665551,0.0013956439237389601,0.358257569495584,0.10594420204523963,0.00089564392373896,False,False,False,turn_left,3.0,3.0,forward
14.048,0.032,31.25,71.3193547358359,67.21559458221066,72.46687454346697,68.23001125531236,67.44156448536462,67.29269098633138,63.47682313564561,67.66233392044956,67.41852659353543,71.3193547358359,66.24606989652276,0.10940464937841334,2447.8184,2484.09796,0.09420000000000073,0.09420000000000073,0.001931100000000015,0.001931100000000015,0.001931100000000015,0.10401310204523961,0.0013956439237389601,0.358257569495584,0.10594466468864283,0.00089564392373896,False,False,False,turn_left,3.0,3.0,forward
14.08,0.032,31.25,69.75167757340834,66.54127796289518,64.4338190744729,67.22243388255592,66.03854039416815,69.8442536968412,63.70208817509077,73.91670020606125,68.47793597936388,73.91670020606125,66.69244311309097,0.10907173989641016,2447.9126,2484.19844,0.09420000000000073,0.10048000000006141,0.001931100000000015,0.002059840000001259,0.0019954700000006367,0.1039491946886422,0.0013956439237389601,0.358257569495584,0.1057843852844084,0.00089564392373896,False,False,False,turn_left,3.0,3.0,forward
14.112,0.032,31.25,68.46280672069699,65.74693029758521,66.43970967916313,70.24717117264915,77.5291965764867,66.84555104471914,66.5407594993393,72.06267900442026,68.20329388051044,72.06267900442026,66.99461326657487,0.10884752607215602,2448.01308,2484.29264,0.10048000000006141,0.09420000000000073,0.002059840000001259,0.001931100000000015,0.0019954700000006367,0.10378891528440776,0.0013956439237389601,0.358257569495584,0.10560120089025059,0.00089564392373896,False,False,False,turn_left,3.0,3.0,forward
14.144,0.032,31.25,67.01778668529087,66.24521519921291,68.65036270327224,73.3539527508487,70.10196443045827,61.76941912796509,63.61898964670029,63.74452435018903,65.15662897034828,67.01778668529087,66.62701640732956,0.10912040899442454,2448.10728,2484.38684,0.09420000000000073,0.09420000000000073,0.001931100000000015,0.001931100000000015,0.001931100000000015,0.10367010089025057,0.0013956439237389601,0.358257569495584,0.10562271502465402,0.00089564392373896,False,False,False,turn_left,3.0,3.0,forward
14.176,0.032,31.25,65.06460184516038,66.75716746473285,68.07823253123274,65.80806730344486,67.35788159655966,66.80797416360899,69.31309394311577,65.00354415543642,66.53460185211135,69.31309394311577,66.60853349628593,0.10913416578445848,2448.20148,2484.48732,0.09420000000000073,0.10048000000006141,0.001931100000000015,0.002059840000001259,0.0019954700000006367,0.10362724502465338,0.0013956439237389601,0.358257569495584,0.10560014107146592,0.00089564392373896,False,False,False,turn_left,3.0,3.0,forward
14.208,0.032,31.25,66.12073579134359,64.24096068558967,74.97362831038127,60.51462079337807,65.2871428172911,67.21874316249381,66.71732108453645,71.62403097367654,67.17576213378656,71.62403097367654,66.72197922378606,0.10904978302941361,2448.30196,2484.58152,0.10047999999960666,0.09420000000000073,0.002059839999991937,0.001931100000000015,0.001995469999995976,0.10360467107146995,0.0013956439237389601,0.358257569495584,0.10555542364715419,0.00089564392373896,False,False,False,turn_left,3.0,3.0,forward
14.24,0.032,31.25,63.72338120793519,63.349731552228604,63.47070262339795,69.35253158088916,65.52390452349248,67.13608479903316,63.68965262031343,66.38640982674718,64.2872938018061,66.38640982674718,66.23504213939007,0.10941289971215605,2448.39616,2484.67572,0.09420000000000073,0.09420000000000073,0.001931100000000015,0.001931100000000015,0.001931100000000015,0.10362432364715417,0.0013956439237389601,0.358257569495584,0.10569812483904205,0.00089564392373896,False,False,False,turn_left,3.0,3.0,forward
14.272,0.032,31.25,69.91142015050876,71.78085113978305,69.47515290463676,66.37048883283167,66.53148481262616,62.53212357766465,64.99395439634736,63.63348523860328,67.57992773131062,71.78085113978305,66.50401925777419,0.10921202081048684,2448.49036,2484.76992,0.09420000000000073,0.09420000000000073,0.001931100000000015,0.001931100000000015,0.001931100000000015,0.10376702483904203,0.0013956439237389601,0.358257569495584,0.10571773586168509,0.00089564392373896,False,False,False,turn_left,3.0,3.0,forward
14.304,0.032,31.25,71.44747498270529,68.94607973976092,69.66113613138019,66.11394829297484,66.49801554767875,66.50702390384318,65.5527163905362,67.05897198776562,68.25131077519201,71.44747498270529,66.85347756125776,0.10895213559601159,2448.58456,2484.8704,0.09420000000000073,0.10047999999960666,0.001931100000000015,0.002059839999991937,0.001995469999995976,0.10372226586168912,0.0013956439237389601,0.358257569495584,0.105595906281486,0.00089564392373896,False,False,False,turn_left,3.0,3.0,forward
14.336,0.032,31.25,75.8918418732544,65.01631994228184,59.75792720982681,66.06935269191831,62.59886931628647,66.57544220997016,69.51830583766171,61.146239389218835,67.8931767606042,75.8918418732544,67.06141740112704,0.10879808098379841,2448.68504,2484.9646,0.10048000000006141,0.09420000000000073,0.002059840000001259,0.001931100000000015,0.0019954700000006367,0.10360043628148537,0.0013956439237389601,0.358257569495584,0.10546253183963764,0.00089564392373896,False,False,False,turn_left,3.0,3.0,forward
14.368,0.032,31.25,69.66046871159459,66.6442467774308,67.15184628166182,69.90099361179625,65.32844967908089,62.55188530860847,69.35978541838608,67.14377472441065,68.20206890795554,69.66046871159459,67.28954770249274,0.10862956842204503,2448.77924,2485.0588,0.09420000000000073,0.09420000000000073,0.001931100000000015,0.001931100000000015,0.001931100000000015,0.10353143183963762,0.0013956439237389601,0.358257569495584,0.10535787786060742,0.00089564392373896,False,False,False,turn_left,3.0,3.0,forward
14.4,0.032,31.25,63.047223707713044,69.3235271831995,66.59473842741545,65.26303527946034,63.25998525926726,64.15754346151529,65.9971133206721,69.87878864502139,67.06166321415151,69.87878864502139,67.2439708048245,0.10866319288012406,2448.87344,2485.15928,0.09420000000000073,0.10048000000006141,0.001931100000000015,0.002059840000001259,0.0019954700000006367,0.10336240786060678,0.0013956439237389601,0.358257569495584,0.10526145421811764,0.00089564392373896,False,False,False,turn_left,3.0,3.0,forward
14.432,0.032,31.25,68.65603253366942,68.56654253210948,64.52060918438109,69.58765520106687,69.69394239858305,60.17377780922359,66.96208828687337,67.68962993147261,67.96857332103122,68.65603253366942,67.38889130806585,0.10855634951861803,2448.96764,2485.25348,0.09420000000000073,0.09420000000000073,0.001931100000000015,0.001931100000000015,0.001931100000000015,0.10333035421811762,0.0013956439237389601,0.358257569495584,0.10520260659267024,0.00089564392373896,False,False,False,turn_left,3.0,3.0,forward
14.464,0.032,31.25,69.35106493963814,65.9288346282093,69.3495350480016,70.84572528034906,71.56592265076922,66.86392763324608,65.37620889038364,66.78923569647523,66.86133603867657,69.35106493963814,67.283380254188,0.10863411725332832,2449.06812,2485.34768,0.10048000000006141,0.09420000000000073,0.002059840000001259,0.001931100000000015,0.0019954700000006367,0.1032071365926696,0.0013956439237389601,0.358257569495584,0.10515139349385673,0.00089564392373896,False,False,False,turn_left,3.0,3.0,forward
14.496,0.032,31.25,70.22821747993385,68.23793879449417,60.6440945000759,63.06784473578198,65.5449040143343,67.11042106352528,71.80906461029194,65.55725961536591,68.95812012502147,71.80906461029194,67.6183282283547,0.10838762497871658,2449.16232,2485.44188,0.09420000000000073,0.09420000000000073,0.001931100000000015,0.001931100000000015,0.001931100000000015,0.10322029349385671,0.0013956439237389601,0.358257569495584,0.10507152911240061,0.00089564392373896,False,False,False,turn_left,3.0,3.0,forward
14.528,0.032,31.25,67.4486114022856,65.59762247360855,68.81481099360651,66.87721450879535,68.25810911863664,70.35252089155098,71.08035920249321,70.01744989729198,68.53601074391983,71.08035920249321,67.80186473146773,0.10825303205118171,2449.25652,2485.54236,0.09420000000000073,0.10048000000006141,0.001931100000000015,0.002059840000001259,0.0019954700000006367,0.10307605911239998,0.0013956439237389601,0.358257569495584,0.10493074885479232,0.00089564392373896,False,True,False,turn_left,3.0,3.0,forward
14.56,0.032,31.25,68.71784083148148,67.11742779386817,66.79710750269379,66.64428853848462,71.323655183653,62.22308385000601,66.67362458523861,64.58115487489871,66.77251202137174,68.71784083148148,67.59599418944853,0.1084040260568523,2449.357,2485.63656,0.10048000000006141,0.09420000000000073,0.002059840000001259,0.001931100000000015,0.0019954700000006367,0.10293527885479169,0.0013956439237389601,0.358257569495584,0.1048944989355877,0.00089564392373896,False,True,False,turn_left,3.0,3.0,forward
14.592,0.032,31.25,61.171934642159805,61.95466423703797,62.03348826073694,64.3818149271295,71.14440905242391,65.39612162928087,66.10711108795282,70.24007012783882,64.86844502374736,70.24007012783882,67.0504843563083,0.10880617000370743,2449.4512,2485.73076,0.09420000000000073,0.09420000000000073,0.001931100000000015,0.001931100000000015,0.001931100000000015,0.10296339893558767,0.0013956439237389601,0.358257569495584,0.10505661589757137,0.00089564392373896,False,False,False,turn_left,3.0,3.0,forward
14.624,0.032,31.25,68.93216565199904,72.75913263512561,62.76250686217595,69.38440887844966,64.8757031153218,68.77711843574495,68.0633426884608,64.58223471423823,68.58421892245592,72.75913263512561,67.35723126953783,0.10857967309886321,2449.5454,2485.82496,0.09420000000000073,0.09420000000000073,0.001931100000000015,0.001931100000000015,0.001931100000000015,0.10312551589757135,0.0013956439237389601,0.358257569495584,0.105079509000153,0.00089564392373896,False,False,False,turn_left,3.0,3.0,forward
14.656,0.032,31.25,64.07096715927933,75.16501657919032,67.54625702595133,69.01206882070096,69.81034143270095,65.87588276082548,64.71356092173805,61.858199498046865,66.45193603956365,75.16501657919032,67.176172223543,0.10871324996615563,2449.6396,2485.92544,0.09420000000000073,0.10048000000006141,0.001931100000000015,0.002059840000001259,0.0019954700000006367,0.10308403900015237,0.0013956439237389601,0.358257569495584,0.10510074643901059,0.00089564392373896,False,False,False,turn_left,3.0,3.0,forward
14.688,0.032,31.25,66.46144646945062,68.76463381068994,65.7117874809347,66.72562265658476,69.51961697791646,66.75346550309298,66.00902134828124,60.508219430114714,65.43583026463413,68.76463381068994,66.82810383176124,0.10897096388531409,2449.74008,2486.01964,0.10048000000006141,0.09420000000000073,0.002059840000001259,0.001931100000000015,0.0019954700000006367,0.10310527643900995,0.0013956439237389601,0.358257569495584,0.10520670336694363,0.00089564392373896,False,False,False,turn_left,3.0,3.0,forward
14.72,0.032,31.25,68.90096840279102,68.20043189980717,64.93705249679188,63.12959051070692,64.53191395388258,67.4036993725985,67.55503595471667,66.28616645393228,67.73565067781178,68.90096840279102,67.00961320097136,0.10883641995661193,2449.83428,2486.11384,0.09420000000000073,0.09420000000000073,0.001931100000000015,0.001931100000000015,0.001931100000000015,0.10327560336694361,0.0013956439237389601,0.358257569495584,0.1052678080027689,0.00089564392373896,False,False,False,turn_left,3.0,3.0,forward
14.752,0.032,31.25,63.758848111018764,65.54795358236417,60.84623884720566,67.632623780755,66.92713514415993,71.8204597509313,67.40039307385706,64.49770309339947,65.30122446515986,67.40039307385706,66.66793545380906,0.10908996537309934,2449.92848,2486.21432,0.09420000000000073,0.10048000000006141,0.001931100000000015,0.002059840000001259,0.0019954700000006367,0.10327233800276826,0.0013956439237389601,0.358257569495584,0.10535654704469406,0.00089564392373896,False,False,False,turn_left,3.0,3.0,forward
14.784,0.032,31.25,75.7344040087599,68.83752285686003,66.74703561894034,62.685609423945344,65.83883268068622,64.09355204138244,71.73499462434273,67.8603922745065,71.04182844111729,75.7344040087599,67.5427140512707,0.108443172561134,2450.02268,2486.30852,0.09420000000000073,0.09420000000000073,0.001931100000000015,0.001931100000000015,0.001931100000000015,0.10342544704469404,0.0013956439237389601,0.358257569495584,0.1052230851926098,0.00089564392373896,False,False,False,turn_left,3.0,3.0,forward
14.816,0.032,31.25,62.64222731913523,60.95642331374782,67.9144845662777,61.40375330437074,65.43362698983411,69.98557772717105,64.22360342888486,67.66554753088663,63.871950398163634,67.66554753088663,66.80856132064929,0.1089854696215835,2450.12316,2486.40272,0.10048000000006141,0.09420000000000073,0.002059840000001259,0.001931100000000015,0.0019954700000006367,0.10322761519260916,0.0013956439237389601,0.358257569495584,0.10529041012584289,0.00089564392373896,False,False,False,turn_left,3.0,3.0,forward
14.848,0.032,31.25,70.44701816875214,64.05114789309683,67.82582985010954,64.48059564786196,72.35912691596936,68.96655886555108,63.89874220161172,61.88173302992541,65.06966032334653,70.44701816875214,66.46078112118875,0.10924426237192347,2450.21736,2486.49692,0.09420000000000073,0.09420000000000073,0.001931100000000015,0.001931100000000015,0.001931100000000015,0.10335931012584287,0.0013956439237389601,0.358257569495584,0.10546763881412129,0.00089564392373896,False,False,False,turn_left,3.0,3.0,forward
14.88,0.032,31.25,66.57953567663638,69.40657296463237,73.26828354482222,69.54350168737074,72.3165082203153,72.82616724226811,65.66995664085522,73.26928899800123,68.7313385700313,73.26928899800123,66.91489261095727,0.10890659017373629,2450.31156,2486.5974,0.09420000000000073,0.10048000000006141,0.001931100000000015,0.002059840000001259,0.0019954700000006367,0.10347216881412065,0.0013956439237389601,0.358257569495584,0.10541909140203143,0.00089564392373896,False,False,False,turn_left,3.0,3.0,forward
14.912,0.032,31.25,67.46607515142267,70.718553702188,64.32907384148588,65.58089030347682,64.2266106035897,71.83240394166316,67.41791072912466,63.54762433780029,67.2875409801339,70.718553702188,66.9894222847926,0.10885137005981245,2450.41204,2486.6916,0.10048000000006141,0.09420000000000073,0.002059840000001259,0.001931100000000015,0.0019954700000006367,0.10342362140203079,0.0013956439237389601,0.358257569495584,0.10536815344400056,0.00089564392373896,False,False,False,turn_left,3.0,3.0,forward
14.944,0.032,31.25,67.29863003782216,71.99800959224845,71.20871104272896,62.543537055979336,71.44067998267353,69.7785650639778,70.97227245369025,70.47623796014985,70.18628751097768,71.99800959224845,67.62879533002962,0.10837994013452057,2450.50624,2486.7858,0.09420000000000073,0.09420000000000073,0.001931100000000015,0.001931100000000015,0.001931100000000015,0.10343705344400055,0.0013956439237389601,0.358257569495584,0.10520788001603833,0.00089564392373896,False,False,False,turn_left,3.0,3.0,forward
14.976,0.032,31.25,64.39190998513877,63.13846209620492,69.91365664996724,63.77395882347855,72.05954803524148,70.53556955002146,67.61294723921296,66.1623142329238,65.32640838837011,67.61294723921296,67.16831794169772,0.10871905192487535,2450.60044,2486.88,0.09420000000000073,0.09420000000000073,0.001931100000000015,0.001931100000000015,0.001931100000000015,0.10327678001603831,0.0013956439237389601,0.358257569495584,0.10522651512263236,0.00089564392373896,False,False,False,turn_left,3.0,3.0,forward
15.008000000000001,0.032,31.25,67.11286393222191,60.45848325446004,63.11681755319321,66.15111191428277,67.26128768641631,61.97120042349389,64.98751479980464,64.25923187378176,64.20452346506708,67.11286393222191,66.5755590463716,0.10915871721108794,2450.69464,2486.98048,0.09420000000000073,0.10048000000006141,0.001931100000000015,0.002059840000001259,0.0019954700000006367,0.10323104512263172,0.0013956439237389601,0.358257569495584,0.10535467851780886,0.00089564392373896,False,False,False,turn_left,3.0,3.0,forward
15.040000000000001,0.032,31.25,63.478018319874884,67.6811983106116,66.42985795867162,72.22491023211676,71.17214521870342,71.04642270691353,63.691247034015504,66.14051414858992,65.24774445327299,67.6811983106116,66.30999612775187,0.10935684794926423,2450.7951199999998,2487.07468,0.10047999999960666,0.09420000000000073,0.002059839999991937,0.001931100000000015,0.001995469999995976,0.10335920851781288,0.0013956439237389601,0.358257569495584,0.10550790824323553,0.00089564392373896,False,False,False,turn_left,3.0,3.0,forward
15.072000000000001,0.032,31.25,72.1663074732002,69.39174241094223,67.06166065652495,67.29828221219711,64.97074559564587,63.972598516990374,64.66887768195194,64.31770547412026,67.63615826005366,72.1663074732002,66.57522855421223,0.10915896333794389,2450.8893199999998,2487.16888,0.09420000000000073,0.09420000000000073,0.001931100000000015,0.001931100000000015,0.001931100000000015,0.10357680824323551,0.0013956439237389601,0.358257569495584,0.10557665756001312,0.00089564392373896,False,False,False,turn_left,3.0,3.0,forward
15.104000000000001,0.032,31.25,64.79011062709178,63.68078033210595,68.79787806323257,63.590433278457525,68.46523030303683,70.13121176670629,67.60483592863676,64.45743871319262,65.13329140025678,67.60483592863676,66.28684112342114,0.10937415749172488,2450.9835199999998,2487.26936,0.09420000000000073,0.10047999999960666,0.001931100000000015,0.002059839999991937,0.001995469999995976,0.10358118756001715,0.0013956439237389601,0.358257569495584,0.10565656288791177,0.00089564392373896,False,False,False,turn_left,3.0,3.0,forward
15.136000000000001,0.032,31.25,68.3484583228814,70.33309626819552,66.20907340232628,67.4251032538489,67.77478836561376,66.89479334241375,69.77980217449966,62.67766458424081,67.78475533745434,70.33309626819552,66.58642396622778,0.10915062641603332,2451.0777199999998,2487.36356,0.09420000000000073,0.09420000000000073,0.001931100000000015,0.001931100000000015,0.001931100000000015,0.10372546288791175,0.0013956439237389601,0.358257569495584,0.10566906878761267,0.00089564392373896,False,False,False,turn_left,3.0,3.0,forward
15.168000000000001,0.032,31.25,66.8966557162706,65.01119922899828,72.84845961061556,65.36905588867722,72.49990849336136,69.05076193162098,64.08377628594414,70.37141659329724,66.59076195612757,70.37141659329724,66.58729156420775,0.1091499803923434,2451.1782,2487.45776,0.10048000000006141,0.09420000000000073,0.002059840000001259,0.001931100000000015,0.0019954700000006367,0.10367359878761204,0.0013956439237389601,0.358257569495584,0.10563555395095342,0.00089564392373896,False,False,False,turn_left,3.0,3.0,forward
15.200000000000001,0.032,31.25,68.56112442298104,66.32621234186561,71.96638298665029,66.1777376743764,66.54426995556636,65.9320894330751,66.43306856500602,74.96703860670424,69.07186098413924,74.96703860670424,67.08420544819404,0.10878122468177262,2451.2724,2487.55196,0.09420000000000073,0.09420000000000073,0.001931100000000015,0.001931100000000015,0.001931100000000015,0.1037044539509534,0.0013956439237389601,0.358257569495584,0.10552324549386302,0.00089564392373896,False,False,False,turn_left,3.0,3.0,forward
15.232000000000001,0.032,31.25,71.0155872755127,63.446315431179876,69.81692142452118,69.53018392125367,68.02840467479697,72.59412743003567,65.42989917573377,64.02773324193996,65.97988378109157,71.0155872755127,66.86334111477355,0.10894481821366177,2451.3666,2487.65244,0.09420000000000073,0.10048000000006141,0.001931100000000015,0.002059840000001259,0.0019954700000006367,0.10352777549386238,0.0013956439237389601,0.358257569495584,0.10546847205251146,0.00089564392373896,False,False,False,turn_left,3.0,3.0,forward
15.264000000000001,0.032,31.25,63.33705743558168,65.47835634458735,65.81328605621897,62.87327122504379,67.73972837583521,69.75448232056674,72.43895108873329,73.90375735186615,68.78953055519212,73.90375735186615,67.24857900285727,0.10865979222583554,2451.46708,2487.74664,0.10048000000006141,0.09420000000000073,0.002059840000001259,0.001931100000000015,0.0019954700000006367,0.10347300205251082,0.0013956439237389601,0.358257569495584,0.10533120889348971,0.00089564392373896,False,False,False,turn_left,3.0,3.0,forward
15.296000000000001,0.032,31.25,69.58697522284234,68.70996893594773,64.0564102581352,75.01994707520669,71.24499457744338,66.79317203939154,63.71575346692893,65.1624319923705,66.79378240452237,69.58697522284234,67.15761968319029,0.1087269557257433,2451.56128,2487.84084,0.09420000000000073,0.09420000000000073,0.001931100000000015,0.001931100000000015,0.001931100000000015,0.10340010889348969,0.0013956439237389601,0.358257569495584,0.10530849209268812,0.00089564392373896,False,False,False,turn_left,3.0,3.0,forward
15.328000000000001,0.032,31.25,63.876496461643214,64.6208679042091,69.39610643438097,68.16684543704079,59.62494653441079,65.5279750798555,63.595390210113734,71.29616259311804,65.84722929227102,71.29616259311804,66.89554160500644,0.10892093677712199,2451.65548,2487.93504,0.09420000000000073,0.09420000000000073,0.001931100000000015,0.001931100000000015,0.001931100000000015,0.1033773920926881,0.0013956439237389601,0.358257569495584,0.10536340893772356,0.00089564392373896,False,False,False,turn_left,3.0,3.0,forward
15.36,0.032,31.25,70.0740588069769,68.22224018600753,67.25603198600568,65.20985067147045,67.57241633996544,70.01782791310995,74.24947663005503,68.48533552911638,70.25777778803896,74.24947663005503,67.56798884161296,0.10842459889572022,2451.74968,2488.03552,0.09420000000000073,0.10048000000006141,0.001931100000000015,0.002059840000001259,0.0019954700000006367,0.10336793893772292,0.0013956439237389601,0.358257569495584,0.10517952564404068,0.00089564392373896,False,False,False,turn_left,3.0,3.0,forward
15.392,0.032,31.25,68.83047389346879,64.96257272846093,65.71962388724492,66.20149944011759,68.25983166016412,65.33190347890284,67.31983108525145,62.86464072147889,65.99437960716502,68.83047389346879,67.25326699472338,0.10865633290549227,2451.85016,2488.12972,0.10048000000006141,0.09420000000000073,0.002059840000001259,0.001931100000000015,0.0019954700000006367,0.10318405564404004,0.0013956439237389601,0.358257569495584,0.10514454039533387,0.00089564392373896,False,False,False,turn_left,3.0,3.0,forward
15.424,0.032,31.25,73.80903312250624,69.71632119026002,62.54943954370064,70.85464143664183,66.07091000422831,70.04554137405174,66.12443654679674,66.89689514093884,69.13667150012546,73.80903312250624,67.6299478958038,0.10837909399854759,2451.94436,2488.22392,0.09420000000000073,0.09420000000000073,0.001931100000000015,0.001931100000000015,0.001931100000000015,0.10321344039533385,0.0013956439237389601,0.358257569495584,0.10506407490007731,0.00089564392373896,False,False,False,turn_left,3.0,3.0,forward
15.456,0.032,31.25,67.74570049309963,60.60045199743664,67.78203825688516,71.45819796837593,72.06650069241581,66.93220734185266,72.49004801541531,69.24929828897663,67.52137469873205,72.49004801541531,67.60823325638944,0.10839503764135337,2452.03856,2488.3244,0.09420000000000073,0.10048000000006141,0.001931100000000015,0.002059840000001259,0.0019954700000006367,0.10306860490007667,0.0013956439237389601,0.358257569495584,0.10497683974804817,0.00089564392373896,False,True,False,turn_left,3.0,3.0,forward
15.488,0.032,31.25,64.96585612622034,63.317099559433444,65.88448131961962,67.33023658232284,66.56108856126106,63.2803114252651,66.05962375689448,67.99013565364936,65.58317877404941,67.99013565364936,67.20322235992144,0.1086932727659926,2452.13904,2488.4186,0.10048000000006141,0.09420000000000073,0.002059840000001259,0.001931100000000015,0.0019954700000006367,0.10298136974804753,0.0013956439237389601,0.358257569495584,0.10502770224045102,0.00089564392373896,False,False,False,turn_left,3.0,3.0,forward
15.52,0.032,31.25,72.52851004456346,68.43857634428159,68.32112680099482,71.35350418058525,63.95146282712656,67.21264306604554,63.58548938776819,64.81977912271674,67.3430887248325,72.52851004456346,67.23119563290365,0.10867262152712068,2452.23324,2488.5128,0.09420000000000073,0.09420000000000073,0.001931100000000015,0.001931100000000015,0.001931100000000015,0.103096602240451,0.0013956439237389601,0.358257569495584,0.10509425335755378,0.00089564392373896,False,False,False,turn_left,3.0,3.0,forward
15.552,0.032,31.25,67.84392583506677,63.878507401790245,73.17424375016596,65.80791115370556,64.3139370924998,65.63137259296477,66.71168655131291,63.39091362578737,65.45625835348932,67.84392583506677,66.87620817702079,0.10893527412360886,2452.32744,2488.607,0.09420000000000073,0.09420000000000073,0.001931100000000015,0.001931100000000015,0.001931100000000015,0.10316315335755376,0.0013956439237389601,0.358257569495584,0.10523105931403565,0.00089564392373896,False,False,False,turn_left,3.0,3.0,forward
15.584,0.032,31.25,63.7625406629631,64.63918103168571,68.4471528538431,69.54047834664904,65.179014788835,62.740322904367105,72.22408286769851,66.76889124702653,66.84867395234346,72.22408286769851,66.87070133208533,0.10893935859830095,2452.42164,2488.70748,0.09420000000000073,0.10048000000006141,0.001931100000000015,0.002059840000001259,0.0019954700000006367,0.10323558931403501,0.0013956439237389601,0.358257569495584,0.1052790078347797,0.00089564392373896,False,False,False,turn_left,3.0,3.0,forward
15.616,0.032,31.25,68.52060955881016,65.89462101032683,71.9557069825651,64.87183973852828,70.57541328662884,67.53125302250173,67.89820482000009,63.72325508410869,66.50917261831145,68.52060955881016,66.79839558933055,0.10899301682260958,2452.52212,2488.80168,0.10048000000006141,0.09420000000000073,0.002059840000001259,0.001931100000000015,0.0019954700000006367,0.10328353783477906,0.0013956439237389601,0.358257569495584,0.10532900190004532,0.00089564392373896,False,False,False,turn_left,3.0,3.0,forward
15.648,0.032,31.25,67.80823960005232,70.34317239802729,67.06327253521984,63.990115796838666,66.79441964876342,68.00403822569177,73.49985412539914,68.08519042079351,69.93411413606806,73.49985412539914,67.42553929867806,0.1085293638816858,2452.61632,2488.89588,0.09420000000000073,0.09420000000000073,0.001931100000000015,0.001931100000000015,0.001931100000000015,0.1033979019000453,0.0013956439237389601,0.358257569495584,0.10523628699754682,0.00089564392373896,False,False,False,turn_left,3.0,3.0,forward
15.68,0.032,31.25,66.29490482650284,68.43983992643822,67.03555919997486,65.59668398077213,65.5941107829492,73.89504966282311,72.44541855729929,62.913164645032396,67.5233319888182,72.44541855729929,67.4450978367061,0.10851496750146168,2452.71052,2488.99636,0.09420000000000073,0.10048000000006141,0.001931100000000015,0.002059840000001259,0.0019954700000006367,0.10324081699754618,0.0013956439237389601,0.358257569495584,0.10513032133823286,0.00089564392373896,False,False,False,turn_left,3.0,3.0,forward
15.712,0.032,31.25,66.3198068300687,64.13857317669753,65.20051926744507,68.76791592580265,68.28708624772653,70.38350009680337,68.67557225760795,63.61086440750154,65.68620416796892,68.67557225760795,67.09331910295867,0.10877448477996968,2452.80472,2489.09056,0.09420000000000073,0.09420000000000073,0.001931100000000015,0.001931100000000015,0.001931100000000015,0.10319922133823284,0.0013956439237389601,0.358257569495584,0.10519660166816706,0.00089564392373896,False,False,False,turn_left,3.0,3.0,forward
15.744,0.032,31.25,62.040327430892496,66.88499644569642,64.18570569966809,69.05248175429378,66.38281024177269,67.40570843725592,67.77256951859925,63.17004851643008,64.96698547790456,67.77256951859925,66.66805237794786,0.10908987840630564,2452.9052,2489.18476,0.10048000000006141,0.09420000000000073,0.002059840000001259,0.001931100000000015,0.0019954700000006367,0.10320113166816643,0.0013956439237389601,0.358257569495584,0.10531081976194723,0.00089564392373896,False,False,False,turn_left,3.0,3.0,forward
15.776,0.032,31.25,66.94536001144472,70.34392512325938,75.23957493950948,65.77351763817515,62.828058820861614,63.48123784555543,69.4112891702143,64.39045317518493,67.77275687002583,70.34392512325938,66.88899327636346,0.10892579248532865,2452.9994,2489.27896,0.09420000000000073,0.09420000000000073,0.001931100000000015,0.001931100000000015,0.001931100000000015,0.10337971976194721,0.0013956439237389601,0.358257569495584,0.1053666422960716,0.00089564392373896,False,False,False,turn_left,3.0,3.0,forward
15.808,0.032,31.25,69.88726239609316,68.29403467089487,68.42526194864867,61.221161357301,63.724878619660714,66.12200593850106,63.65694157945866,66.16649044729517,67.00118227343548,69.88726239609316,66.91143107577787,0.10890915623677437,2453.0936,2489.37944,0.09420000000000073,0.10048000000006141,0.001931100000000015,0.002059840000001259,0.0019954700000006367,0.10337117229607096,0.0013956439237389601,0.358257569495584,0.10535519696257294,0.00089564392373896,False,False,False,turn_left,3.0,3.0,forward
15.84,0.032,31.25,65.10492746848378,66.32511986217793,67.92552267435063,77.5990889955164,69.6301998563355,66.14591645328143,65.07871082590728,63.69479840329251,65.05088913996536,66.32511986217793,66.53932268861537,0.10918571006363086,2453.19408,2489.47364,0.10048000000006141,0.09420000000000073,0.002059840000001259,0.001931100000000015,0.0019954700000006367,0.1033597269625723,0.0013956439237389601,0.358257569495584,0.10544692950827989,0.00089564392373896,False,False,False,turn_left,3.0,3.0,forward
15.872,0.032,31.25,66.10586898387123,66.27665255331041,67.34022840277879,66.26687450867689,66.55922004775934,63.30891235928275,64.73649951248115,67.33436548360552,66.11334663331708,67.33436548360552,66.45412747755572,0.10924922551228214,2453.28828,2489.56784,0.09420000000000073,0.09420000000000073,0.001931100000000015,0.001931100000000015,0.001931100000000015,0.10351582950827987,0.0013956439237389601,0.358257569495584,0.10556986202562942,0.00089564392373896,False,False,False,turn_left,3.0,3.0,forward
15.904,0.032,31.25,65.92409900540385,70.50454069665065,67.32453458493391,73.26188086967656,69.02375246306892,62.57591004271099,67.62671752752526,69.456206331402,68.37789089024545,70.50454069665065,66.83888016009367,0.1089629666376897,2453.38248,2489.66204,0.09420000000000073,0.09420000000000073,0.001931100000000015,0.001931100000000015,0.001931100000000015,0.1036387620256294,0.0013956439237389601,0.358257569495584,0.1055461986294433,0.00089564392373896,False,False,False,turn_left,3.0,3.0,forward
15.936,0.032,31.25,69.82730823741015,65.79740292585824,66.0611518896014,67.79839303890418,66.26998950379394,69.19492397012328,73.22747438692153,69.30566888793615,69.53946360953151,73.22747438692153,67.37899684998123,0.10856363757372148,2453.47668,2489.76252,0.09420000000000073,0.10048000000006141,0.001931100000000015,0.002059840000001259,0.0019954700000006367,0.10355072862944266,0.0013956439237389601,0.358257569495584,0.10534664120392266,0.00089564392373896,False,False,False,turn_left,3.0,3.0,forward
15.968,0.032,31.25,69.99413590350225,66.4087878112241,68.73440151028059,67.61480049783368,71.51615777483553,64.67616061555555,62.567740472984006,67.18687093594026,66.53938378091266,69.99413590350225,67.21107423616752,0.10868747533444087,2453.57716,2489.85672,0.10047999999960666,0.09420000000000073,0.002059839999991937,0.001931100000000015,0.001995469999995976,0.10335117120392669,0.0013956439237389601,0.358257569495584,0.10526294255181394,0.00089564392373896,False,False,False,turn_left,3.0,3.0,forward
16.0,0.032,31.25,69.25267282943406,65.14347628241784,73.5132598068982,71.58967041011917,65.05694961312489,74.29793657720364,65.5808407676345,67.44019894990355,66.85429720734749,69.25267282943406,67.13971883040352,0.1087401833249522,2453.67136,2489.95092,0.09420000000000073,0.09420000000000073,0.001931100000000015,0.001931100000000015,0.001931100000000015,0.10333184255181392,0.0013956439237389601,0.358257569495584,0.1052694215722023,0.00089564392373896,False,False,False,turn_left,3.0,3.0,forward
16.032,0.032,31.25,67.07796801641238,68.60363833387305,70.60060203930827,71.99111423117847,66.09787487644107,67.56728057455574,73.70562070244273,68.38557510328931,69.44320053900438,73.70562070244273,67.6004151721237,0.10840077909904018,2453.76556,2490.0514,0.09420000000000073,0.10047999999960666,0.001931100000000015,0.002059839999991937,0.001995469999995976,0.10327395157220633,0.0013956439237389601,0.358257569495584,0.10511067634119288,0.00089564392373896,False,False,False,turn_left,3.0,3.0,forward
16.064,0.032,31.25,64.52296030635078,64.96934701637038,72.01348377301618,69.26966159974984,72.87675806212151,66.69614052982557,67.43960680193344,64.38475812376215,65.32916806210419,67.43960680193344,67.1461657501198,0.10873541908778533,2453.85976,2490.1456,0.09420000000000073,0.09420000000000073,0.001931100000000015,0.001931100000000015,0.001931100000000015,0.10317957634119286,0.0013956439237389601,0.358257569495584,0.10516999906008676,0.00089564392373896,False,False,False,turn_left,3.0,3.0,forward
16.096,0.032,31.25,62.07322438609754,68.52813736168339,72.19741438182625,67.02558628920313,66.87757455174908,65.70752324025584,67.9651619827279,69.361038942033,66.98189066813546,69.361038942033,67.11331073372294,0.1087597031172809,2453.96024,2490.2398,0.10048000000006141,0.09420000000000073,0.002059840000001259,0.001931100000000015,0.0019954700000006367,0.10317452906008612,0.0013956439237389601,0.358257569495584,0.10517545994302652,0.00089564392373896,False,False,False,turn_left,3.0,3.0,forward
16.128,0.032,31.25,67.8586260073546,59.62884154185365,70.34068855985448,71.2503605748399,67.99525590496319,65.93346931498758,65.50358734809026,69.90260642100468,65.7234153295758,69.90260642100468,66.83533165289352,0.10896559989950286,2454.05444,2490.334,0.09420000000000073,0.09420000000000073,0.001931100000000015,0.001931100000000015,0.001931100000000015,0.1032443599430265,0.0013956439237389601,0.358257569495584,0.10529403746433474,0.00089564392373896,False,False,False,turn_left,3.0,3.0,forward
16.16,0.032,31.25,67.3137961120213,70.20894881924968,66.58303331315315,65.62691918463207,66.31326983793173,62.060501001159366,62.943147935430645,69.61422529795743,67.52002954116476,70.20894881924968,66.97227123054776,0.10886407256305941,2454.14864,2490.43448,0.09420000000000073,0.10048000000006141,0.001931100000000015,0.002059840000001259,0.0019954700000006367,0.1032985674643341,0.0013956439237389601,0.358257569495584,0.10529245179401872,0.00089564392373896,False,False,False,turn_left,3.0,3.0,forward
16.192,0.032,31.25,62.79523953342881,61.37171786331631,63.14787418782947,65.47889147198983,63.027106234488386,68.77661739184084,68.35900095628142,67.31639421561444,64.96058814216025,68.35900095628142,66.56993461287027,0.10916290603704101,2454.24912,2490.52868,0.10048000000006141,0.09420000000000073,0.002059840000001259,0.001931100000000015,0.0019954700000006367,0.10329698179401808,0.0013956439237389601,0.358257569495584,0.1053984935561687,0.00089564392373896,False,False,False,turn_left,3.0,3.0,forward
16.224,0.032,31.25,66.6917522155399,67.47158649342235,60.24477667589848,66.44450504891655,69.46229693405931,65.80873526772737,67.14800338552138,61.4956798683465,65.70175549070754,67.47158649342235,66.39629878843772,0.1092923805616298,2454.34332,2490.62288,0.09420000000000073,0.09420000000000073,0.001931100000000015,0.001931100000000015,0.001931100000000015,0.10346739355616869,0.0013956439237389601,0.358257569495584,0.10555423924308854,0.00089564392373896,False,False,False,turn_left,3.0,3.0,forward
16.256,0.032,31.25,64.23442515059956,63.91687187469477,68.27577862370836,62.95420462679495,68.8801216502626,66.1072404373637,73.0665175159157,70.07864255890145,67.82411427502787,73.0665175159157,66.68186188575575,0.10907960803266677,2454.43752,2490.71708,0.09420000000000073,0.09420000000000073,0.001931100000000015,0.001931100000000015,0.001931100000000015,0.10362313924308852,0.0013956439237389601,0.358257569495584,0.10557796048967133,0.00089564392373896,False,False,False,turn_left,3.0,3.0,forward
16.288,0.032,31.25,71.15480958472907,74.3050918326373,67.53468698943304,74.88771352918478,67.11652806202979,72.35512628111329,71.45327966729101,69.83759913353992,71.68769505454932,74.3050918326373,67.68302851951447,0.1083401400986695,2454.53172,2490.81756,0.09420000000000073,0.10048000000006141,0.001931100000000015,0.002059840000001259,0.0019954700000006367,0.10358249048967069,0.0013956439237389601,0.358257569495584,0.10528695447510222,0.00089564392373896,False,False,False,turn_left,3.0,3.0,forward
16.32,0.032,31.25,69.75052645802518,66.39223187808348,66.74699775931494,67.76702488156369,66.79742039538192,69.06088915150055,64.80520415720706,60.42584015422127,65.34345066188425,69.75052645802518,67.21511294798842,0.10868449359307868,2454.6322,2490.91176,0.10048000000006141,0.09420000000000073,0.002059840000001259,0.001931100000000015,0.0019954700000006367,0.10329148447510159,0.0013956439237389601,0.358257569495584,0.10522357081397558,0.00089564392373896,False,False,False,turn_left,3.0,3.0,forward
16.352,0.032,31.25,62.776859555302266,64.50605659650442,71.74702405294975,65.19221815960603,68.17744342168194,68.4276806898908,68.53470988239124,64.05804938867247,64.9689188557176,68.53470988239124,66.76587412953425,0.10901716829539368,2454.7264,2491.00596,0.09420000000000073,0.09420000000000073,0.001931100000000015,0.001931100000000015,0.001931100000000015,0.10329247081397556,0.0013956439237389601,0.358257569495584,0.10534338701976591,0.00089564392373896,False,False,False,turn_left,3.0,3.0,forward
16.384,0.032,31.25,64.29219926767102,65.71008672175606,66.60770960167693,65.1385001732528,71.4779118262988,70.41499134106185,66.08966940377475,63.02727918281358,64.77980864400385,66.08966940377475,66.36866103242818,0.10931301746659539,2454.8206,2491.10644,0.09420000000000073,0.10048000000006141,0.001931100000000015,0.002059840000001259,0.0019954700000006367,0.10334791701976527,0.0013956439237389601,0.358257569495584,0.10548495940764364,0.00089564392373896,False,False,False,turn_left,3.0,3.0,forward
16.416,0.032,31.25,66.95646580086878,73.46132823042517,66.94724007193545,73.51742975375846,67.66838946182989,69.89354295230441,68.74372422748351,62.4300370984559,67.89788883930834,73.46132823042517,66.67450659380421,0.10908507805183829,2454.9148,2491.20064,0.09420000000000073,0.09420000000000073,0.001931100000000015,0.001931100000000015,0.001931100000000015,0.10355385940764363,0.0013956439237389601,0.358257569495584,0.10553546035546146,0.00089564392373896,False,False,False,turn_left,3.0,3.0,forward
16.448,0.032,31.25,72.23251634493374,67.42335516983414,68.18881108752919,63.00789014158357,62.596583934148384,68.99030344838577,66.92656658248077,67.03661202602287,68.40476253081788,72.23251634493374,67.02055778120695,0.10882831789967007,2455.01528,2491.29484,0.10048000000006141,0.09420000000000073,0.002059840000001259,0.001931100000000015,0.0019954700000006367,0.10353999035546083,0.0013956439237389601,0.358257569495584,0.10543457372814578,0.00089564392373896,False,False,False,turn_left,3.0,3.0,forward
16.48,0.032,31.25,66.68328652664778,73.04534766144656,72.80224449065247,70.6364852088063,69.85066933535813,65.58239531154815,67.91533428218503,66.29792801315014,68.48547412085738,73.04534766144656,67.31354104913703,0.10861187563649112,2455.10948,2491.38904,0.09420000000000073,0.09420000000000073,0.001931100000000015,0.001931100000000015,0.001931100000000015,0.10350347372814576,0.0013956439237389601,0.358257569495584,0.10533359737983618,0.00089564392373896,False,False,False,turn_left,3.0,3.0,forward
16.512,0.032,31.25,66.48747003998362,65.61927635364678,67.79997308393035,66.61308753272263,64.37331812886185,67.71517490561017,66.34587872791914,62.37801411215051,65.207659808425,66.48747003998362,66.89236480099463,0.10892329238266618,2455.20368,2491.48952,0.09420000000000073,0.10048000000006141,0.001931100000000015,0.002059840000001259,0.0019954700000006367,0.10333812737983554,0.0013956439237389601,0.358257569495584,0.10533905501898144,0.00089564392373896,False,False,False,turn_left,3.0,3.0,forward
16.544,0.032,31.25,66.42667036449849,63.87373160698926,67.42307138092,68.31522325704204,64.82370679901874,63.83615822133437,68.90140726601581,67.94569762151396,66.78687671475438,68.90140726601581,66.87126718374658,0.10893893888709248,2455.30416,2491.58372,0.10048000000006141,0.09420000000000073,0.002059840000001259,0.001931100000000015,0.0019954700000006367,0.1033435850189808,0.0013956439237389601,0.358257569495584,0.1053481628962382,0.00089564392373896,False,False,False,turn_left,3.0,3.0,forward
16.576,0.032,31.25,63.86369967380259,68.38400145179565,67.49303795919651,66.97070681964675,69.99117262032422,70.48202063862571,69.82628717518142,69.08944935921761,67.79085941499932,69.82628717518142,67.05518562999714,0.10880269153008523,2455.39836,2491.67792,0.09420000000000073,0.09420000000000073,0.001931100000000015,0.001931100000000015,0.001931100000000015,0.10341706289623818,0.0013956439237389601,0.358257569495584,0.10534650512080605,0.00089564392373896,False,False,False,turn_left,3.0,3.0,forward
16.608,0.032,31.25,66.60969779417823,69.67060485391036,66.58253866858531,61.20206135586315,67.90983139367232,68.38834015251057,66.08859241695046,64.54707973979309,66.72899370120804,69.67060485391036,66.98994724423932,0.10885098130836329,2455.49256,2491.77212,0.09420000000000073,0.09420000000000073,0.001931100000000015,0.001931100000000015,0.001931100000000015,0.10341540512080603,0.0013956439237389601,0.358257569495584,0.10536274143456836,0.00089564392373896,False,False,False,turn_left,3.0,3.0,forward
16.64,0.032,31.25,62.13650721841604,74.25366595697872,65.96222909749675,65.69183049800431,66.19747964833432,70.31167329509674,69.57654495588592,61.62833593397139,66.89876351631302,74.25366595697872,66.97171049865406,0.10886448790528654,2455.58676,2491.8726,0.09420000000000073,0.10048000000006141,0.001931100000000015,0.002059840000001259,0.0019954700000006367,0.10336727143456773,0.0013956439237389601,0.358257569495584,0.10533669084635854,0.00089564392373896,False,False,False,turn_left,3.0,3.0,forward
16.672,0.032,31.25,64.44421045213554,68.24453163640656,66.69715057179693,70.1791847070879,63.37779875428341,70.90475482761295,65.17286846680942,67.98485987283068,66.46161760704554,68.24453163640656,66.86969192033237,0.10894010732097811,2455.68724,2491.9668,0.10048000000006141,0.09420000000000073,0.002059840000001259,0.001931100000000015,0.0019954700000006367,0.1033412208463579,0.0013956439237389601,0.358257569495584,0.10534706430663704,0.00089564392373896,False,False,False,turn_left,3.0,3.0,forward
16.704,0.032,31.25,67.1375202724098,65.99203749206397,71.75531539942709,67.67576840764912,67.09361131839889,72.48815905049833,63.78638622289679,63.0152564093441,64.98280009917866,67.1375202724098,66.49231355610164,0.10922074757098117,2455.78144,2492.061,0.09420000000000073,0.09420000000000073,0.001931100000000015,0.001931100000000015,0.001931100000000015,0.10341596430663702,0.0013956439237389601,0.358257569495584,0.1054955718503696,0.00089564392373896,False,False,False,turn_left,3.0,3.0,forward
16.736,0.032,31.25,66.29667450441762,66.77551778891309,68.07460217576916,62.21040543788518,67.2042868290897,63.630875977625635,71.4716046257786,61.820515294498335,66.5910780534019,71.4716046257786,66.5120664555617,0.10920602232344415,2455.87564,2492.16148,0.09420000000000073,0.10048000000006141,0.001931100000000015,0.002059840000001259,0.0019954700000006367,0.10350010185036897,0.0013956439237389601,0.358257569495584,0.10554429105078797,0.00089564392373896,False,False,False,turn_left,3.0,3.0,forward
16.768,0.032,31.25,71.82352751780789,63.520675756703284,65.30138787770858,72.94621546259907,70.32757315899846,66.25937385116255,68.41781069807344,64.80815775927462,67.1425429329648,71.82352751780789,66.63816175104232,0.1091121152157124,2455.97612,2492.25568,0.10047999999960666,0.09420000000000073,0.002059839999991937,0.001931100000000015,0.001995469999995976,0.103548821050792,0.0013956439237389601,0.358257569495584,0.10554191329670534,0.00089564392373896,False,False,False,turn_left,3.0,3.0,forward
16.8,0.032,31.25,60.071300646420724,64.98428601658304,65.76278672130815,66.52237131706244,66.09368855561915,69.38626764220294,66.5068683332285,69.89718047175158,65.36490886699596,69.89718047175158,66.38351117423305,0.10930192800851725,2456.07032,2492.34988,0.09420000000000073,0.09420000000000073,0.001931100000000015,0.001931100000000015,0.001931100000000015,0.10361081329670532,0.0013956439237389601,0.358257569495584,0.10564969822107963,0.00089564392373896,False,False,False,turn_left,3.0,3.0,forward
16.832,0.032,31.25,75.091625485515,69.88508322884446,63.6140405929661,65.45940263271507,62.539074967091,68.50230122380934,67.50635869349009,68.95661662787383,70.35992100893084,75.091625485515,67.1787931411726,0.1087113140318588,2456.16452,2492.44408,0.09420000000000073,0.09420000000000073,0.001931100000000015,0.001931100000000015,0.001931100000000015,0.10371859822107961,0.0013956439237389601,0.358257569495584,0.10550727645263154,0.00089564392373896,False,False,False,turn_left,3.0,3.0,forward
16.864,0.032,31.25,71.42876765511701,65.13333383762695,67.32813938288012,65.7077750343551,60.58223249447301,62.75642109285849,71.2477024664378,68.18770144078607,68.99937634999196,71.42876765511701,67.54290978293648,0.10844302869950868,2456.25872,2492.54456,0.09420000000000073,0.10047999999960666,0.001931100000000015,0.002059839999991937,0.001995469999995976,0.10351180645263557,0.0013956439237389601,0.358257569495584,0.10527845414944288,0.00089564392373896,False,False,False,turn_left,3.0,3.0,forward
16.896,0.032,31.25,70.99407152865253,67.4217831999935,60.3995084730785,76.70996731686012,67.69466412395032,68.67726957656944,67.86447661821109,67.80806701542481,68.52209959057048,70.99407152865253,67.73874774446328,0.10829927994025267,2456.3592,2492.63876,0.10048000000006141,0.09420000000000073,0.002059840000001259,0.001931100000000015,0.0019954700000006367,0.10328298414944224,0.0013956439237389601,0.358257569495584,0.10508011008732891,0.00089564392373896,False,False,False,turn_left,3.0,3.0,forward
16.928,0.032,31.25,68.13630107519596,71.22566736243444,68.15998201781477,64.41437794175444,68.36480367135037,65.24658121378994,70.31550246972262,64.91453847925723,68.64800234665256,71.22566736243444,67.92059866490115,0.10816613875560596,2456.4534,2492.73296,0.09420000000000073,0.09420000000000073,0.001931100000000015,0.001931100000000015,0.001931100000000015,0.1031490100873289,0.0013956439237389601,0.358257569495584,0.10494643440987245,0.00089564392373896,False,True,False,turn_left,3.0,3.0,forward
16.96,0.032,31.25,76.52479727740473,69.63192149211498,65.84162599371584,68.09393125492115,60.003273886181155,67.73942688379542,68.80453862327707,66.85480114925282,70.45401463551241,76.52479727740473,68.42728185902341,0.10779689420706928,2456.5476,2492.83344,0.09420000000000073,0.10048000000006141,0.001931100000000015,0.002059840000001259,0.0019954700000006367,0.10295096440987181,0.0013956439237389601,0.358257569495584,0.104687055440962,0.00089564392373896,False,True,False,turn_left,3.0,3.0,forward
16.992,0.032,31.25,69.7849391449129,64.08520369077803,66.7596728924475,61.72556946380022,62.84343845555218,60.51412826376482,65.86512871685446,69.70776802252868,67.36075989376852,69.7849391449129,68.21397746597243,0.10795203174190063,2456.6418,2492.92764,0.09420000000000073,0.09420000000000073,0.001931100000000015,0.001931100000000015,0.001931100000000015,0.10275595544096199,0.0013956439237389601,0.358257569495584,0.10461748910744986,0.00089564392373896,False,True,False,turn_left,3.0,3.0,forward
17.024,0.032,31.25,65.58520361702303,71.00132696615255,64.16775846043974,68.5276325156754,64.48723648656959,70.88261291524648,67.72833988123891,68.76206577910199,68.26923406087911,71.00132696615255,68.22502878495378,0.10794398308542713,2456.74228,2493.02184,0.10048000000006141,0.09420000000000073,0.002059840000001259,0.001931100000000015,0.0019954700000006367,0.10262201910744922,0.0013956439237389601,0.358257569495584,0.10452865298714265,0.00089564392373896,False,True,False,turn_left,3.0,3.0,forward
17.056,0.032,31.25,70.08431598416698,65.03035361588721,70.59989082145528,69.26968763054835,73.26530448066784,61.630529475281,69.58654306479436,67.78600093478579,68.12180339990857,70.08431598416698,68.20438370794474,0.10795901983257122,2456.83648,2493.11604,0.09420000000000073,0.09420000000000073,0.001931100000000015,0.001931100000000015,0.001931100000000015,0.10259755298714263,0.0013956439237389601,0.358257569495584,0.10451833906811703,0.00089564392373896,False,True,False,turn_left,3.0,3.0,forward
17.088,0.032,31.25,70.68123913765497,61.06540496703558,69.55456547164695,66.69219504256706,70.5739430762184,68.80727899694331,68.79831028192339,68.1442252412393,67.17229490696332,70.68123913765497,67.99796594774845,0.10810959392272253,2456.93068,2493.21652,0.09420000000000073,0.10048000000006141,0.001931100000000015,0.002059840000001259,0.0019954700000006367,0.10252286906811639,0.0013956439237389601,0.358257569495584,0.10452435553596816,0.00089564392373896,False,True,False,turn_left,3.0,3.0,forward
17.12,0.032,31.25,68.6130540400232,59.09602836036151,69.293572740042,66.91045643186291,64.64886220897377,66.33114349855886,71.07571474137987,68.79592327740367,66.89518010479206,71.07571474137987,67.77740877915718,0.10827094704245939,2457.03116,2493.31072,0.10048000000006141,0.09420000000000073,0.002059840000001259,0.001931100000000015,0.0019954700000006367,0.10252888553596752,0.0013956439237389601,0.358257569495584,0.10458602253517744,0.00089564392373896,False,True,False,turn_left,3.0,3.0,forward
17.152,0.032,31.25,71.81131430694883,63.79551995133488,64.02944043091945,66.12198565074917,65.0155582376568,64.84613533292749,68.91097009638784,66.70781904652323,67.80640585029869,71.81131430694883,67.78320819338549,0.10826669819660967,2457.12536,2493.40492,0.09420000000000073,0.09420000000000073,0.001931100000000015,0.001931100000000015,0.001931100000000015,0.10265492253517743,0.0013956439237389601,0.358257569495584,0.10466538364419661,0.00089564392373896,False,True,False,turn_left,3.0,3.0,forward
17.184,0.032,31.25,65.18057534895058,70.79050987479573,68.47477228190237,64.09572259399307,63.52045054165354,67.9167128802904,73.54070197016438,71.96054205230956,70.36808231155507,73.54070197016438,68.3001830170194,0.10788928020516192,2457.21956,2493.49912,0.09420000000000073,0.09420000000000073,0.001931100000000015,0.001931100000000015,0.001931100000000015,0.1027342836441966,0.0013956439237389601,0.358257569495584,0.10458110018288612,0.00089564392373896,False,True,False,turn_left,3.0,3.0,forward
17.216,0.032,31.25,62.46952746789104,67.34601854292941,65.15150340665593,67.8689183257747,69.94418248061308,67.81448702248066,64.429904704229,64.29659706284076,64.63551194447255,67.34601854292941,67.56724880251004,0.10842514263725875,2457.31376,2493.5996,0.09420000000000073,0.10048000000006141,0.001931100000000015,0.002059840000001259,0.0019954700000006367,0.10258563018288548,0.0013956439237389601,0.358257569495584,0.10467767972182844,0.00089564392373896,False,True,False,turn_left,3.0,3.0,forward
17.248,0.032,31.25,65.24125080452488,64.63256613087049,71.61926749103236,68.53269663268031,64.240669381292,74.1566592619333,61.78105165007177,64.8793901955583,64.13356469525635,65.24125080452488,66.8805119810593,0.10893208216800913,2457.41424,2493.6938,0.10048000000006141,0.09420000000000073,0.002059840000001259,0.001931100000000015,0.0019954700000006367,0.1026822097218278,0.0013956439237389601,0.358257569495584,0.10492127383405414,0.00089564392373896,False,True,False,turn_left,3.0,3.0,forward
17.28,0.032,31.25,69.27940228812741,62.96833330393951,67.97449639032419,66.79318269399727,65.36191588171958,69.02080677829271,70.26869631273367,58.648545002076034,65.29124422671916,70.26869631273367,66.56265843019128,0.10916832548872538,2457.50844,2493.788,0.09420000000000073,0.09420000000000073,0.001931100000000015,0.001931100000000015,0.001931100000000015,0.10299017383405412,0.0013956439237389601,0.358257569495584,0.10520354342983176,0.00089564392373896,False,False,False,turn_left,3.0,3.0,forward
17.312,0.032,31.25,68.70262621635644,69.62756391200286,67.07508559231218,72.24704623782475,58.27166754586195,68.78072303071592,65.8397360662748,65.6743311060798,67.46106432517847,69.62756391200286,66.74233960918872,0.10903465245689807,2457.60264,2493.88848,0.09420000000000073,0.10048000000006141,0.001931100000000015,0.002059840000001259,0.0019954700000006367,0.10320807342983113,0.0013956439237389601,0.358257569495584,0.10529548947054207,0.00089564392373896,False,False,False,turn_left,3.0,3.0,forward
17.344,0.032,31.25,72.20487948422827,66.82466346202182,63.894070277025804,65.89131392409396,61.08991947284855,68.49818035801937,60.13635841172456,65.46155186869478,66.15686330666736,72.20487948422827,66.62524434868445,0.10912172778345693,2457.69684,2493.98268,0.09420000000000073,0.09420000000000073,0.001931100000000015,0.001931100000000015,0.001931100000000015,0.10336438947054205,0.0013956439237389601,0.358257569495584,0.10542699950129074,0.00089564392373896,False,False,False,turn_left,3.0,3.0,forward
17.376,0.032,31.25,70.8148107333055,64.91715798378851,63.75332682055161,70.3102316197753,68.59730812527032,65.49262732095097,65.14365471224204,66.85697340019904,66.93314920738378,70.8148107333055,66.68682532042432,0.10907591711150218,2457.79732,2494.07688,0.10048000000006141,0.09420000000000073,0.002059840000001259,0.001931100000000015,0.0019954700000006367,0.1034315295012901,0.0013956439237389601,0.358257569495584,0.10545367408781567,0.00089564392373896,False,False,False,turn_left,3.0,3.0,forward
17.408,0.032,31.25,62.16286850324258,72.02473776532797,68.21994115919533,65.27056066273119,64.9492477878263,66.05084073214687,67.38138696425972,68.2275807843796,67.44914350430247,72.02473776532797,66.83928895719995,0.1089626632873686,2457.89152,2494.17108,0.09420000000000073,0.09420000000000073,0.001931100000000015,0.001931100000000015,0.001931100000000015,0.10352257408781565,0.0013956439237389601,0.358257569495584,0.10547152722228667,0.00089564392373896,False,False,False,turn_left,3.0,3.0,forward
17.44,0.032,31.25,62.570283197200844,63.288117551883204,71.43696315181697,72.69861536308494,70.9935060832805,72.27164354537196,68.83370832646501,66.53123893913707,65.30583700367154,68.83370832646501,66.53259856649427,0.10919072040300605,2457.98572,2494.27156,0.09420000000000073,0.10048000000006141,0.001931100000000015,0.002059840000001259,0.0019954700000006367,0.10347605722228603,0.0013956439237389601,0.358257569495584,0.1055233785638967,0.00089564392373896,False,False,False,turn_left,3.0,3.0,forward
17.472,0.032,31.25,72.95920645181378,65.29590138531677,67.1421530315755,66.70096657088753,67.8853865854702,69.60546391389433,66.89249900183341,70.85976253536978,69.00184234358343,72.95920645181378,67.0264473219121,0.10882395848801442,2458.0862,2494.36576,0.10048000000006141,0.09420000000000073,0.002059840000001259,0.001931100000000015,0.0019954700000006367,0.10352790856389606,0.0013956439237389601,0.358257569495584,0.10542525853763797,0.00089564392373896,False,False,False,turn_left,3.0,3.0,forward
17.504,0.032,31.25,66.13948831340156,64.97661599197572,68.05515966606774,69.74798650372624,70.57860088631013,64.2766376365983,64.01661244019093,67.59669142476987,65.68235204258453,67.59669142476987,66.7576282660466,0.1090232936375527,2458.1804,2494.45996,0.09420000000000073,0.09420000000000073,0.001931100000000015,0.001931100000000015,0.001931100000000015,0.10349415853763795,0.0013956439237389601,0.358257569495584,0.10547501303994614,0.00089564392373896,False,False,False,turn_left,3.0,3.0,forward
17.536,0.032,31.25,68.24797943142971,73.46651399085437,71.63147895088412,70.1844924515055,65.33528022011879,68.22938088324716,72.5656747120055,64.55540959883986,69.70889443328235,73.46651399085437,67.34788149949375,0.10858656288217468,2458.2746,2494.55416,0.09420000000000073,0.09420000000000073,0.001931100000000015,0.001931100000000015,0.001931100000000015,0.10354391303994612,0.0013956439237389601,0.358257569495584,0.10535048051624021,0.00089564392373896,False,False,False,turn_left,3.0,3.0,forward
17.568,0.032,31.25,72.72810192657457,72.46792013561624,66.23557406285605,65.88024750057204,72.72059932810296,67.3646733021263,67.89061620831922,70.3492031021673,70.85896034316933,72.72810192657457,68.05009726822887,0.10807152643076011,2458.3688,2494.65464,0.09420000000000073,0.10048000000006141,0.001931100000000015,0.002059840000001259,0.0019954700000006367,0.10335501051623958,0.0013956439237389601,0.358257569495584,0.10504473804426294,0.00089564392373896,False,False,False,turn_left,3.0,3.0,forward
17.6,0.032,31.25,60.18526378741432,70.2192755053517,63.644656263566915,69.67265696427982,73.78387740413191,64.47782246550592,69.42460685868413,70.85789245158306,67.6717596507583,70.85789245158306,67.97442974473476,0.10812678938922766,2458.46928,2494.74884,0.10047999999960666,0.09420000000000073,0.002059839999991937,0.001931100000000015,0.001995469999995976,0.10304926804426696,0.0013956439237389601,0.358257569495584,0.10486832850037453,0.00089564392373896,False,True,False,turn_left,3.0,3.0,forward
17.632,0.032,31.25,68.99572051542386,62.250228899776786,71.45725101564346,66.15507095869602,66.26261070912007,67.99595785534297,61.415438647872335,69.99997166146699,65.665339931135,69.99997166146699,67.51261178201482,0.10846530209663584,2458.56348,2494.84304,0.09420000000000073,0.09420000000000073,0.001931100000000015,0.001931100000000015,0.001931100000000015,0.10293722850037451,0.0013956439237389601,0.358257569495584,0.1049177027109638,0.00089564392373896,False,True,False,turn_left,3.0,3.0,forward
17.664,0.032,31.25,71.44201299086608,69.14414985106838,69.89476262903153,71.23639350687867,66.06354502573309,70.43503972092022,67.64427135859303,66.66728903174959,68.72443080806927,71.44201299086608,67.75497558722572,0.10828738549352307,2458.65768,2494.94352,0.09420000000000073,0.10047999999960666,0.001931100000000015,0.002059839999991937,0.001995469999995976,0.10292223271096783,0.0013956439237389601,0.358257569495584,0.10484433930681854,0.00089564392373896,False,True,False,turn_left,3.0,3.0,forward
17.696,0.032,31.25,78.38893710825451,65.61590636277558,61.28929772035272,65.6855474645729,62.540531841728786,69.27749887409006,64.22852383772616,70.79385137014839,69.75680466972617,78.38893710825451,68.15534140372581,0.10799475637128553,2458.75188,2495.03772,0.09420000000000073,0.09420000000000073,0.001931100000000015,0.001931100000000015,0.001931100000000015,0.10291323930681852,0.0013956439237389601,0.358257569495584,0.1047337312596848,0.00089564392373896,False,True,False,turn_left,3.0,3.0,forward
17.728,0.032,31.25,76.79586931029422,71.60113644541914,67.89232349110365,68.6765258051155,66.47836728250924,66.43891635317271,67.33591240400592,63.02288054956819,69.68894967732187,76.79586931029422,68.46206305844503,0.10777163990844775,2458.85236,2495.13192,0.10048000000006141,0.09420000000000073,0.002059840000001259,0.001931100000000015,0.0019954700000006367,0.10273826125968416,0.0013956439237389601,0.358257569495584,0.10454150726074117,0.00089564392373896,False,True,False,turn_left,3.0,3.0,forward
17.76,0.032,31.25,66.17705998364737,70.11546341866267,67.20611626694873,68.85881994942723,69.17334581646584,64.53728922703212,65.96896763718618,66.50199152571923,67.19087064130386,70.11546341866267,68.2078245750168,0.1079565134019051,2458.94656,2495.22612,0.09420000000000073,0.09420000000000073,0.001931100000000015,0.001931100000000015,0.001931100000000015,0.10261040726074115,0.0013956439237389601,0.358257569495584,0.10452569025313996,0.00089564392373896,False,True,False,turn_left,3.0,3.0,forward
17.792,0.032,31.25,60.014195151013794,70.94079277280015,73.41068307427214,69.25906760838492,72.3863386184937,64.7015016772624,66.36850846940959,66.73884873522049,66.015586282111,70.94079277280015,67.76937691643565,0.10827683200591748,2459.04076,2495.3266,0.09420000000000073,0.10048000000006141,0.001931100000000015,0.002059840000001259,0.0019954700000006367,0.10253022025313932,0.0013956439237389601,0.358257569495584,0.10458898741252438,0.00089564392373896,False,True,False,turn_left,3.0,3.0,forward
17.824,0.032,31.25,67.37234078879757,67.13317300882687,65.21317607263123,69.14160824648009,71.29921680954978,57.47874549231853,66.59876056538933,66.0438875411231,66.7870404760342,67.37234078879757,67.57290962835536,0.10842098350092898,2459.14124,2495.4208,0.10048000000006141,0.09420000000000073,0.002059840000001259,0.001931100000000015,0.0019954700000006367,0.10259351741252375,0.0013956439237389601,0.358257569495584,0.10468125124967374,0.00089564392373896,False,True,False,turn_left,3.0,3.0,forward
17.856,0.032,31.25,66.18693826174223,69.7095369376031,64.18265149355311,66.56839934237802,67.2942872079845,66.06820661033454,64.7026382804091,71.39839643739897,67.99937747928836,71.39839643739897,67.65820319854197,0.10835835499424519,2459.23544,2495.515,0.09420000000000073,0.09420000000000073,0.001931100000000015,0.001931100000000015,0.001931100000000015,0.10275015124967372,0.0013956439237389601,0.358257569495584,0.10475933269243994,0.00089564392373896,False,True,False,turn_left,3.0,3.0,forward
17.888,0.032,31.25,65.18909128079989,66.91657131096336,71.15983482856322,69.69966438188374,68.43309115532574,62.94165177352889,69.05283246551886,67.4621215502541,67.15515415188405,69.05283246551886,67.55759338921038,0.10843223742337034,2459.32964,2495.6092,0.09420000000000073,0.09420000000000073,0.001931100000000015,0.001931100000000015,0.001931100000000015,0.10282823269243992,0.0013956439237389601,0.358257569495584,0.10483590980678481,0.00089564392373896,False,True,False,turn_left,3.0,3.0,forward
17.92,0.032,31.25,75.0753612257756,66.23077423428632,63.82346620680777,69.49702626021212,72.17448633183292,64.97517554267988,66.19208154463023,62.7115357042595,67.55243817723792,75.0753612257756,67.5565623468159,0.10843299508695327,2459.42384,2495.70968,0.09420000000000073,0.10048000000006141,0.001931100000000015,0.002059840000001259,0.0019954700000006367,0.10284043980678417,0.0013956439237389601,0.358257569495584,0.10484401506872724,0.00089564392373896,False,True,False,turn_left,3.0,3.0,forward
17.952,0.032,31.25,61.93574611227628,74.72037733680767,65.46877465542812,70.00461836364573,67.48132023747439,63.59489435516176,66.33639027745667,64.75696206076174,66.93736894682559,74.72037733680767,67.43272366681784,0.10852407526675209,2459.52432,2495.80388,0.10048000000006141,0.09420000000000073,0.002059840000001259,0.001931100000000015,0.0019954700000006367,0.10284854506872661,0.0013956439237389601,0.358257569495584,0.10488184672307001,0.00089564392373896,False,True,False,turn_left,3.0,3.0,forward
17.984,0.032,31.25,61.62817235583312,69.26305495449941,62.455559849511374,69.79105065744406,75.38504900055814,70.98606217018218,67.86577853020675,65.75719353995053,66.12854984512246,69.26305495449941,67.17188890247877,0.10871641397904568,2459.61852,2495.89808,0.09420000000000073,0.09420000000000073,0.001931100000000015,0.001931100000000015,0.001931100000000015,0.10295074672306999,0.0013956439237389601,0.358257569495584,0.1050163406607161,0.00089564392373896,False,False,False,turn_left,3.0,3.0,forward
18.016000000000002,0.032,31.25,67.42896202997363,66.11335093491341,67.59660945271973,64.9732869911104,69.60285487513978,67.20928501297381,65.69291682788592,67.81415796535893,66.76234693953299,67.81415796535893,67.08998050988961,0.10877695370232399,2459.71272,2495.99856,0.09420000000000073,0.10048000000006141,0.001931100000000015,0.002059840000001259,0.0019954700000006367,0.10302087066071547,0.0013956439237389601,0.358257569495584,0.10508303098101689,0.00089564392373896,False,False,False,turn_left,3.0,3.0,forward
18.048000000000002,0.032,31.25,67.2059857031072,68.96363003976164,68.41821144175488,57.87979900559274,71.92647327674399,68.17858362269662,63.70811053452544,70.71065940113972,67.6470964196335,70.71065940113972,67.2014036918384,0.10869461566749396,2459.80692,2496.09276,0.09420000000000073,0.09420000000000073,0.001931100000000015,0.001931100000000015,0.001931100000000015,0.10315193098101687,0.0013956439237389601,0.358257569495584,0.10513763972527454,0.00089564392373896,False,False,False,turn_left,3.0,3.0,forward
18.080000000000002,0.032,31.25,67.2282172773354,65.39959246932403,70.92357691715827,63.59435083237925,65.82052703909251,71.44951209213716,70.81210393836471,70.10022586911961,68.38503488853594,70.81210393836471,67.43812993117791,0.10852009590374335,2459.9074,2496.18696,0.10048000000006141,0.09420000000000073,0.002059840000001259,0.001931100000000015,0.0019954700000006367,0.1031421697252739,0.0013956439237389601,0.358257569495584,0.10506885248689904,0.00089564392373896,False,False,False,turn_left,3.0,3.0,forward
18.112000000000002,0.032,31.25,65.72078316515055,67.27241958240263,64.90134790417531,65.69153859983729,68.39494275421974,70.57175777469675,73.21352760088266,66.35859772836609,68.14133201920049,73.21352760088266,67.57877034878243,0.10841667783371665,2460.0016,2496.28116,0.09420000000000073,0.09420000000000073,0.001931100000000015,0.001931100000000015,0.001931100000000015,0.10313775248689902,0.0013956439237389601,0.358257569495584,0.10502896745119854,0.00089564392373896,False,False,False,turn_left,3.0,3.0,forward
18.144000000000002,0.032,31.25,60.89549933782821,62.397624546951135,65.75025052005091,70.2195077282699,66.85417696291532,67.84459013342673,63.931310694264695,69.69009791974453,64.22863312469714,69.69009791974453,66.90874290396538,0.10891114908293267,2460.0958,2496.38164,0.09420000000000073,0.10048000000006141,0.001931100000000015,0.002059840000001259,0.0019954700000006367,0.1030334974511979,0.0013956439237389601,0.358257569495584,0.10513921063912496,0.00089564392373896,False,False,False,turn_left,3.0,3.0,forward
18.176000000000002,0.032,31.25,68.65596055458767,68.33501403666713,62.33595428812576,63.75942716639322,63.495248582678634,68.3336517440173,68.91260459409717,67.77110515079637,68.41867108403709,68.91260459409717,67.21072853997973,0.10868773056615025,2460.19628,2496.47584,0.10048000000006141,0.09420000000000073,0.002059840000001259,0.001931100000000015,0.0019954700000006367,0.10314374063912432,0.0013956439237389601,0.358257569495584,0.10512991699568863,0.00089564392373896,False,False,False,turn_left,3.0,3.0,forward
18.208000000000002,0.032,31.25,66.19189298868014,64.5066790101535,64.58771157910478,65.55535981379961,67.92872044447418,67.65005778172085,69.39444696472471,63.831984530233136,65.98125087344786,69.39444696472471,66.96483300667336,0.108869582420942,2460.29048,2496.57004,0.09420000000000073,0.09420000000000073,0.001931100000000015,0.001931100000000015,0.001931100000000015,0.10319881699568861,0.0013956439237389601,0.358257569495584,0.10523041163411949,0.00089564392373896,False,False,False,turn_left,3.0,3.0,forward
18.240000000000002,0.032,31.25,64.95587851227296,67.53856498541442,64.85255740070977,69.57225644667605,65.47645965055109,66.82036970912618,69.5926715126939,65.96237479456273,67.012372451236,69.5926715126939,66.9743408955859,0.10886253955965543,2460.38468,2496.66424,0.09420000000000073,0.09420000000000073,0.001931100000000015,0.001931100000000015,0.001931100000000015,0.10329931163411947,0.0013956439237389601,0.358257569495584,0.10529238014927195,0.00089564392373896,False,False,False,turn_left,3.0,3.0,forward
18.272000000000002,0.032,31.25,66.81760121832204,71.92692960749332,65.17199262759515,66.15161378472814,68.88864520778213,66.8941231951775,64.55842945085548,72.97849988871207,69.07036504134572,72.97849988871207,67.39354572473786,0.10855292150906329,2460.47888,2496.76472,0.09420000000000073,0.10048000000006141,0.001931100000000015,0.002059840000001259,0.0019954700000006367,0.10329691014927131,0.0013956439237389601,0.358257569495584,0.10517991600427157,0.00089564392373896,False,False,False,turn_left,3.0,3.0,forward
18.304000000000002,0.032,31.25,70.23790397289243,64.94190870240541,71.43852534425186,67.15185783945981,64.0925862105811,63.51459953165129,71.01837299410852,71.93353618884885,69.5329304645638,71.93353618884885,67.82142267270305,0.10823870932040885,2460.57936,2496.85892,0.10048000000006141,0.09420000000000073,0.002059840000001259,0.001931100000000015,0.0019954700000006367,0.10318444600427093,0.0013956439237389601,0.358257569495584,0.10499517409550119,0.00089564392373896,False,True,False,turn_left,3.0,3.0,forward
18.336000000000002,0.032,31.25,69.79944290846692,67.59909482059038,66.13988315718815,67.90038993985196,74.5739844063107,72.08872799340578,65.59829454879389,67.19992700647278,67.54918982108099,69.79944290846692,67.76697610237865,0.1082785912118455,2460.67356,2496.95312,0.09420000000000073,0.09420000000000073,0.001931100000000015,0.001931100000000015,0.001931100000000015,0.10306407409550117,0.0013956439237389601,0.358257569495584,0.10493221432369582,0.00089564392373896,False,True,False,turn_left,3.0,3.0,forward
18.368000000000002,0.032,31.25,66.19434490922633,67.70143848014787,70.52417365476603,69.56834475606797,67.53370612492313,70.27503552021335,70.04637426638222,69.29748278556018,68.30991011032916,70.04637426638222,67.87556290396876,0.10819908094206541,2460.76776,2497.0536,0.09420000000000073,0.10048000000006141,0.001931100000000015,0.002059840000001259,0.0019954700000006367,0.10293674432369518,0.0013956439237389601,0.358257569495584,0.10482201625046011,0.00089564392373896,False,True,False,turn_left,3.0,3.0,forward
18.400000000000002,0.032,31.25,69.56644810654713,64.32146773390171,65.82432089408125,65.82089963344612,69.03728301635105,68.24203282234517,61.71944349065817,67.27030106905463,65.71941510004041,69.56644810654713,67.44433334318309,0.10851553014763413,2460.86824,2497.1478,0.10047999999960666,0.09420000000000073,0.002059839999991937,0.001931100000000015,0.001995469999995976,0.10282654625046414,0.0013956439237389601,0.358257569495584,0.10486466779436378,0.00089564392373896,False,True,False,turn_left,3.0,3.0,forward
18.432000000000002,0.032,31.25,71.04236834491758,68.07834437336284,64.71237846277499,66.12291360576945,63.82580045747121,69.19031676078617,64.374901970595,68.05977964349884,67.88884858309356,71.04236834491758,67.53323639116519,0.10845013904241944,2460.96244,2497.242,0.09420000000000073,0.09420000000000073,0.001931100000000015,0.001931100000000015,0.001931100000000015,0.10293356779436376,0.0013956439237389601,0.358257569495584,0.10490992120164142,0.00089564392373896,False,True,False,turn_left,3.0,3.0,forward
18.464,0.032,31.25,66.70500039489447,65.71830550190876,64.73726180401304,71.95389932227305,63.081412774640256,70.45819775118935,68.30795011087004,62.85674199964585,65.89699950182978,68.30795011087004,67.20598901329811,0.10869122993735406,2461.05664,2497.3362,0.09420000000000073,0.09420000000000073,0.001931100000000015,0.001931100000000015,0.001931100000000015,0.1029788212016414,0.0013956439237389601,0.358257569495584,0.10502533487126316,0.00089564392373896,False,False,False,turn_left,3.0,3.0,forward
18.496,0.032,31.25,66.04537141616268,67.81978123334233,67.14000467353524,64.38451502687953,67.28565851478845,63.4139267566553,63.706094049125205,59.559454440836404,64.28267528486666,67.81978123334233,66.62132626761182,0.10912464378338085,2461.15084,2497.43668,0.09420000000000073,0.10047999999960666,0.001931100000000015,0.002059839999991937,0.001995469999995976,0.10302986487126718,0.0013956439237389601,0.358257569495584,0.10521336555093397,0.00089564392373896,False,False,False,turn_left,3.0,3.0,forward
18.528,0.032,31.25,64.78326723475547,68.9432651428268,62.35471840457285,62.890738250387436,69.17918607802385,66.14588777056815,66.82972071483528,65.45839401945294,66.50366177796762,68.9432651428268,66.59779336968299,0.10914216123057187,2461.25132,2497.53088,0.10048000000006141,0.09420000000000073,0.002059840000001259,0.001931100000000015,0.0019954700000006367,0.10321789555093333,0.0013956439237389601,0.358257569495584,0.10534030857436674,0.00089564392373896,False,False,False,turn_left,3.0,3.0,forward
18.56,0.032,31.25,70.16352830342773,70.42179262399698,66.23257160075579,67.71324776251464,63.389607727854674,70.61890288858517,71.85234147895402,70.15449154509344,70.64803848786804,71.85234147895402,67.40784239332,0.1085423932690644,2461.34552,2497.62508,0.09420000000000073,0.09420000000000073,0.001931100000000015,0.001931100000000015,0.001931100000000015,0.10340920857436672,0.0013956439237389601,0.358257569495584,0.10524821084686105,0.00089564392373896,False,False,False,turn_left,3.0,3.0,forward
18.592,0.032,31.25,64.84017586782143,75.24760720626253,69.51696717082355,68.97361620114678,65.22232982668709,65.15271360935367,66.27713521232131,68.0633409492056,68.60706480890272,75.24760720626253,67.64768687643655,0.10836607290292388,2461.43972,2497.71928,0.09420000000000073,0.09420000000000073,0.001931100000000015,0.001931100000000015,0.001931100000000015,0.10331711084686103,0.0013956439237389601,0.358257569495584,0.10512593972154154,0.00089564392373896,False,False,False,turn_left,3.0,3.0,forward
18.624,0.032,31.25,64.46706946516817,63.46693388857757,68.00479320101083,66.70027222512287,64.24627403745065,67.23645144085519,70.18857744481325,69.12756868779073,66.81253737158744,70.18857744481325,67.48065697546673,0.10848880340058145,2461.53392,2497.81976,0.09420000000000073,0.10048000000006141,0.001931100000000015,0.002059840000001259,0.0019954700000006367,0.1031304697215409,0.0013956439237389601,0.358257569495584,0.1050501333219403,0.00089564392373896,False,False,False,turn_left,3.0,3.0,forward
18.656,0.032,31.25,63.84898849449715,64.86973625631956,69.458616010633,64.78628924349866,68.26924779488452,66.21628056049764,67.15027876428957,66.10321272394725,65.49305405976338,67.15027876428957,67.08313639232607,0.10878201534485898,2461.6344,2497.91396,0.10048000000006141,0.09420000000000073,0.002059840000001259,0.001931100000000015,0.0019954700000006367,0.10305466332193966,0.0013956439237389601,0.358257569495584,0.10510653053731635,0.00089564392373896,False,False,False,turn_left,3.0,3.0,forward
18.688,0.032,31.25,65.8440528919235,67.52690947409745,68.88641502322896,67.60942999720645,67.03676186568232,71.26219154885482,71.11405467723772,71.29291514812397,68.94448304784567,71.29291514812397,67.45540572342999,0.10850738175045198,2461.7286,2498.00816,0.09420000000000073,0.09420000000000073,0.001931100000000015,0.001931100000000015,0.001931100000000015,0.10317543053731633,0.0013956439237389601,0.358257569495584,0.10508564241960333,0.00089564392373896,False,False,False,turn_left,3.0,3.0,forward
18.72,0.032,31.25,71.39538704806183,68.4017279460492,66.95532074770139,61.641469077342435,69.0117950679851,64.29954664633462,66.93051363074764,71.0892455778984,69.45421855068926,71.39538704806183,67.85516828888186,0.1082140055377634,2461.8228,2498.10864,0.09420000000000073,0.10048000000006141,0.001931100000000015,0.002059840000001259,0.0019954700000006367,0.1030901724196027,0.0013956439237389601,0.358257569495584,0.10492582441901593,0.00089564392373896,False,True,False,turn_left,3.0,3.0,forward
18.752,0.032,31.25,66.09902691941728,69.42651508506093,61.283282431022194,70.2584068656588,59.620705774105105,65.7943736163365,64.31351899829056,69.41415417409318,67.31330379421549,69.42651508506093,67.74679538994859,0.10829338096823793,2461.92328,2498.20284,0.10048000000006141,0.09420000000000073,0.002059840000001259,0.001931100000000015,0.0019954700000006367,0.1029303544190153,0.0013956439237389601,0.358257569495584,0.10485169927568008,0.00089564392373896,False,True,False,turn_left,3.0,3.0,forward
18.784,0.032,31.25,67.28732118955946,67.42421081171463,65.06437216509553,65.6211770606323,63.776334305676315,67.74863070100179,65.4726348397878,70.49522066225786,67.66984687582993,70.49522066225786,67.73140568712486,0.1083046622725965,2462.01748,2498.29704,0.09420000000000073,0.09420000000000073,0.001931100000000015,0.001931100000000015,0.001931100000000015,0.10292059927568006,0.0013956439237389601,0.358257569495584,0.10484948059896645,0.00089564392373896,False,True,False,turn_left,3.0,3.0,forward
18.816,0.032,31.25,73.8171877563979,74.36492046710255,72.07930010824214,63.32106182284692,63.40837332877047,67.80748927655408,71.27776626859928,71.40507820908121,72.71623817529525,74.36492046710255,68.72837218475894,0.10757866683381621,2462.11168,2498.39124,0.09420000000000073,0.09420000000000073,0.001931100000000015,0.001931100000000015,0.001931100000000015,0.10291838059896644,0.0013956439237389601,0.358257569495584,0.10458796341861744,0.00089564392373896,False,True,False,turn_left,3.0,3.0,forward
18.848,0.032,31.25,80.22205571284546,62.71924919576413,66.62477096036214,70.1706476973677,66.42905648684207,68.4454732020294,67.63153124396703,62.88913423096275,68.36549259588485,80.22205571284546,68.65579626698413,0.10763118830068477,2462.20588,2498.49172,0.09420000000000073,0.10048000000006141,0.001931100000000015,0.002059840000001259,0.0019954700000006367,0.1025924934186168,0.0013956439237389601,0.358257569495584,0.10439764400049631,0.00089564392373896,False,True,False,turn_left,3.0,3.0,forward
18.88,0.032,31.25,71.3032709888537,61.22766681792312,74.17741705136275,66.44832127660575,64.87977641016974,62.55160421150951,66.25206318357358,68.83242545717397,66.90385661188108,71.3032709888537,68.30540833596352,0.10788547888796082,2462.30636,2498.58592,0.10048000000006141,0.09420000000000073,0.002059840000001259,0.001931100000000015,0.0019954700000006367,0.10240217400049567,0.0013956439237389601,0.358257569495584,0.1043666094822822,0.00089564392373896,False,True,False,turn_left,3.0,3.0,forward
18.912,0.032,31.25,83.64798708016143,66.15147156346379,65.83696479931804,66.8391163159323,64.6343643307805,65.90973465037236,65.27037616969265,63.177513396771225,69.56183705252228,83.64798708016143,68.55669407927527,0.10770298907878104,2462.40056,2498.68012,0.09420000000000073,0.09420000000000073,0.001931100000000015,0.001931100000000015,0.001931100000000015,0.10243550948228218,0.0013956439237389601,0.358257569495584,0.10432262391989144,0.00089564392373896,False,True,False,turn_left,3.0,3.0,forward
18.944,0.032,31.25,66.67563530779991,64.02232263645466,64.01879598091755,66.1050046498892,62.19919340555021,65.17897261666418,71.3523891539981,64.44041573345403,66.62269070792668,71.3523891539981,68.16989340500555,0.1079841500342166,2462.49476,2498.7806,0.09420000000000073,0.10048000000006141,0.001931100000000015,0.002059840000001259,0.0019954700000006367,0.1023271539198908,0.0013956439237389601,0.358257569495584,0.10435381559845514,0.00089564392373896,False,True,False,turn_left,3.0,3.0,forward
18.976,0.032,31.25,71.2704467909781,69.73934354563205,70.2036210656752,63.94709171635987,65.96511257209497,68.78182652975532,69.3048682240796,66.45658599082279,69.19281113787812,71.2704467909781,68.37447695158006,0.10783525798187903,2462.58896,2498.8748,0.09420000000000073,0.09420000000000073,0.001931100000000015,0.001931100000000015,0.001931100000000015,0.10242271559845512,0.0013956439237389601,0.358257569495584,0.1043617998775324,0.00089564392373896,False,True,False,turn_left,3.0,3.0,forward
19.008,0.032,31.25,63.70010737314727,64.23443482172776,63.6464955667155,64.08434351053378,67.51649242465749,65.52992849678964,64.43047927264718,62.79725745149859,63.7905697297552,64.43047927264718,67.45769550721509,0.10850569680316971,2462.68944,2498.969,0.10048000000006141,0.09420000000000073,0.002059840000001259,0.001931100000000015,0.0019954700000006367,0.10236632987753176,0.0013956439237389601,0.358257569495584,0.1045658045505524,0.00089564392373896,False,True,False,turn_left,3.0,3.0,forward
19.04,0.032,31.25,59.7288003907935,68.02960711185133,69.8046980600094,67.00866102925944,66.90293653057722,65.21128057040401,73.32065022824203,65.6579454152595,66.6842507865366,73.32065022824203,67.30300656307939,0.10861964309702218,2462.78364,2499.0632,0.09420000000000073,0.09420000000000073,0.001931100000000015,0.001931100000000015,0.001931100000000015,0.10263470455055237,0.0013956439237389601,0.358257569495584,0.10477885408779108,0.00089564392373896,False,True,False,turn_left,3.0,3.0,forward
19.072,0.032,31.25,61.878172857256764,62.630669631314426,69.01258109166542,75.63042524046196,65.60624400201071,68.61534344431678,71.57880629133153,69.04751022798924,66.28378975197299,71.57880629133153,67.09916320085811,0.10877016328198028,2462.87784,2499.16368,0.09420000000000073,0.10048000000006141,0.001931100000000015,0.002059840000001259,0.0019954700000006367,0.10278338408779045,0.0013956439237389601,0.358257569495584,0.10492819305100763,0.00089564392373896,False,True,False,turn_left,3.0,3.0,forward
19.104,0.032,31.25,63.451729146175126,65.82318500013102,62.24843244024944,66.37646972637387,64.26564891769569,67.06686515155452,67.75430599721369,68.88553130809424,66.47868786290351,68.88553130809424,66.9750681332672,0.10886200090407351,2462.97832,2499.25788,0.10048000000006141,0.09420000000000073,0.002059840000001259,0.001931100000000015,0.0019954700000006367,0.102932723051007,0.0013956439237389601,0.358257569495584,0.1050569317235106,0.00089564392373896,False,False,False,turn_left,3.0,3.0,forward
