time,raw_ps0,raw_ps7,l_encoder,r_encoder,z_procesado,simple_filt,kalman_est,turning,decision
0.032,63.661986392768526,69.98390175304829,459.77764,477.8452,0.10562062049337459,0.1056206204933746,0.08530896270618717,0,forward
0.064,67.79212422639874,67.0684301241127,459.87184,477.9394,0.10668922807199652,0.105834342009099,0.09507820317714893,0,forward
0.096,69.65102445933502,65.04791981242943,459.96604,478.0336,0.10691540574349837,0.10605055475597888,0.09882552062459425,0,forward
0.128,62.822918280007435,70.8050159716955,460.06024,478.13408,0.10609726670499496,0.10605989714578211,0.1003498951774148,0,forward
0.16,72.76020843703861,64.9405119371097,460.16072,478.22828,0.1033406387051152,0.10551604545764874,0.10018444144169779,0,forward
0.192,66.83767316804558,59.88680879021298,460.25492,478.32248,0.10589140521827196,0.1055911174097734,0.1010171297997223,0,forward
0.224,67.05578931199047,64.9923054327153,460.34912,478.41668,0.10474052429463535,0.1054209987867458,0.10112012807611337,0,forward
0.256,71.16212433205023,72.53495022642717,460.44331999999997,478.51716,0.10489399299143672,0.10531559762768399,0.10119506410328892,0,forward
0.28800000000000003,70.14256897284444,68.78820378143172,460.5438,478.61136,0.10553986706167111,0.10536045151448142,0.10147262747837736,0,forward
0.32,63.284387955928416,63.746205481911275,460.638,478.70556,0.10800126855976823,0.10588861492353879,0.10257316325933775,0,forward
0.352,68.09786643640629,66.56417159222529,460.7322,478.79976,0.10708113891220153,0.10612711972127134,0.10294918339249598,0,forward
0.384,68.15500764082111,73.45421843247843,460.83268,478.90024,0.10426562504073604,0.10575482078516428,0.10209898070088995,0,forward
0.41600000000000004,66.61884897556057,68.48916154555997,460.92688,478.99444,0.10761425254147,0.10612670713642543,0.10283565323175409,0,forward
0.448,69.8089163927495,69.76329198996213,461.02108,479.08864,0.10614750893480213,0.10613086749610078,0.10278289729879515,0,forward
0.48,67.51036077066911,65.36160816712817,461.11528,479.18912,0.10573643157497366,0.10605198031187535,0.10256045156767386,0,forward
0.512,72.05570758177198,63.58387453688988,461.21576,479.28332,0.10412823093376446,0.10566723043625317,0.10184154441173078,0,forward
0.544,61.20973534693474,67.34719874909506,461.30996,479.37752,0.10607426418848702,0.10574863718669995,0.10211868077657649,0,forward
0.5760000000000001,62.09980496563806,67.00608341256661,461.40416,479.47172,0.10817826491535247,0.10623456273243045,0.10305030453429091,0,forward
0.608,67.68560293462238,64.65618201947163,461.49836,479.5722,0.10749387567837264,0.1064864253216189,0.10336166998996899,0,forward
0.64,63.67526268489749,70.41759489663002,461.59884,479.6664,0.10637053471700249,0.10646324720069562,0.10315904085839993,0,forward
0.672,67.98643925551187,65.15718145869552,461.69304,479.7606,0.10492319112649996,0.1061552359858565,0.10255179226007789,0,forward
0.704,67.5216815757565,68.8061899604429,461.78724,479.8548,0.10752240887461252,0.1064286705636077,0.10309328449663255,0,forward
0.736,63.59491020911424,71.37169846118785,461.88772,479.95528,0.10570007579126457,0.10628295160913909,0.10270530048668101,0,forward
0.768,70.30293326684695,59.7798550276289,461.98192,480.04948,0.10645168162881886,0.10631669761307505,0.10280820108387603,0,forward
0.8,61.13992342024029,67.00692401750649,462.07612,480.14368,0.10551265938113101,0.10615588996668626,0.10253782493349779,0,forward
0.8320000000000001,61.60455394270448,71.0005288591915,462.17032,480.24416,0.10595989378898171,0.10611669073114535,0.10248322923689257,0,forward
0.864,71.00232970353942,64.19443077571722,462.2708,480.33836,0.10595863011790983,0.10608507860849825,0.1024477401419085,0,forward
0.896,66.0489140725588,61.02928552364988,462.365,480.43256,0.10700906773855375,0.10626987643450936,0.10284260147288615,0,forward
0.928,68.19446888992493,77.66088018593223,462.4592,480.52676,0.101483639956411,0.1053126291388897,0.10111647441541145,0,forward
0.96,67.38995048102235,71.82952717308947,462.5534,480.62724,0.10516473314698375,0.10528304994050852,0.10128621598148775,0,forward
0.992,70.05887111468668,67.68694847738888,462.65388,480.72144,0.10662481918694133,0.10555140378979509,0.10191823322258231,0,forward
1.024,68.26566612316678,71.61977178193285,462.74808,480.81564,0.1055271341722635,0.10554654986628878,0.10197188049782022,0,forward
1.056,61.08304121625122,62.70426522033861,462.84228,480.90984,0.10579690781543595,0.10559662145611823,0.10210295668033717,0,forward
1.088,67.84275555263676,70.89638077656744,462.94276,481.01032,0.10603302688678287,0.10568390254225117,0.10218904735239549,0,forward
1.12,66.70523222625043,68.10650436049521,463.03696,481.10452,0.1065158342036401,0.10585028887452896,0.10249988268590089,0,forward
1.1520000000000001,63.93030761970016,72.79515824438434,463.13116,481.19872,0.10471535998810386,0.10562330309724395,0.10205432539191371,0,forward
1.184,68.88363469423108,62.97697019426108,463.22536,481.2992,0.10535524148509134,0.10556969077481343,0.10195632580076573,0,forward
1.216,64.86489478572544,68.41774510566636,463.32583999999997,481.3934,0.1068583330899975,0.10582741923785025,0.10243192925005724,0,forward
1.248,69.4342126191179,67.71404436049659,463.42004,481.4876,0.10707052768954087,0.10607604092818838,0.10285447344530557,0,forward
1.28,67.1313692535349,67.76805542177145,463.51424,481.5818,0.10290548153423812,0.10544192904939834,0.10163347867172408,0,forward
1.312,60.621618139376125,61.11794510113439,463.60844,481.68228,0.10670320717193095,0.10569418467390486,0.102169169514412,0,forward
1.344,64.77210952035684,66.51169494972697,463.70892,481.77648,0.10667266986084376,0.10588988171129264,0.10250200483494848,0,forward
1.3760000000000001,70.29119634312704,68.57975809255444,463.80312,481.87068,0.10645999492525629,0.10600390435408537,0.10268071593724268,0,forward
1.408,65.15052413343444,70.8206671296129,463.89732,481.97116,0.10608625664180264,0.10602037481162882,0.10262019890507793,0,forward
1.44,68.34520883388896,67.05204824742592,463.9978,482.06536,0.10651302012820553,0.10611890387494416,0.10273425380715777,0,forward
1.472,68.63351018003742,66.73442120859,464.092,482.15956,0.10550110253192196,0.10599534360633973,0.10248622949890665,0,forward
1.504,65.1365713039673,64.69402976096212,464.1862,482.25376,0.10804269661251346,0.1064048142075745,0.10323760709446247,0,forward
1.536,62.48991501690449,66.94675070478714,464.2804,482.35424,0.10608901425342143,0.10634165421674388,0.10297856752507474,0,forward
1.568,65.9944812720689,70.22348529640429,464.38088,482.44844,0.10467948260010891,0.1060092198934169,0.1023073554579762,0,forward
1.6,67.60971276276068,66.00593063955688,464.47508,482.54264,0.10746474467177344,0.10630032484908822,0.10291576037510686,0,forward
1.6320000000000001,71.37435306265381,65.07857736679142,464.56928,482.63684,0.10444158295836983,0.10592857647094454,0.10222312905772103,0,forward
1.6640000000000001,61.153708158092876,63.08182565680517,464.66976,482.73732,0.10586344728339254,0.10591555063343415,0.1022054138893903,0,forward
1.696,70.2062665483798,67.10887273323281,464.76396,482.83152,0.10306195203587688,0.10534483091392272,0.10127300635638375,0,forward
1.728,69.1366384977363,71.51532887478574,464.85816,482.92572,0.10559987638757404,0.10539584000865299,0.10158387148973418,0,forward
1.76,60.904616637598785,67.03607790637399,464.95236,483.0262,0.10819694723427191,0.10595606145377677,0.10267247816506378,0,forward
1.792,72.45259490509656,62.8848646310633,465.05284,483.1204,0.10495065702200856,0.10575498056742313,0.10220807521743036,0,forward
1.824,68.73590609219423,65.57290647603891,465.14704,483.2146,0.10612943236976494,0.1058298709278915,0.10237366229240279,0,forward
1.856,60.29108144058894,66.63059164575631,465.24124,483.3088,0.10911774835263759,0.10648744641284073,0.10355051336526447,0,forward
1.8880000000000001,75.4279720122619,71.96117762388212,465.33544,483.40928,0.10294157346875595,0.10577827182402379,0.10205177827017375,0,forward
1.92,60.268951833539525,71.33692337953762,465.43592,483.50348,0.10572436417168087,0.10576749029355521,0.10208693220121276,0,forward
1.952,61.885831857473555,74.6173265692092,465.53012,483.59768,0.10348128735001859,0.1053102497048479,0.1013472016802905,0,forward
1.984,70.76601770912937,72.23577039255221,465.62432,483.69188,0.10442967813799582,0.10513413539147748,0.10121225339650827,0,forward
2.016,60.78097719868294,69.71000640987208,465.7248,483.79236,0.10687328378168408,0.1054819650695188,0.1019184736550921,0,forward
2.048,67.37960832659486,60.85448232322236,465.819,483.88656,0.1085631871442067,0.10609820948445639,0.10305972375214972,0,forward
2.08,66.7032468900493,69.96420362073705,465.9132,483.98076,0.10669212794584214,0.10621699317673355,0.10312179124246044,0,forward
2.112,67.83762730613402,68.18043214114003,466.0074,484.08124,0.10542158633743531,0.10605791180887392,0.10266513247572533,0,forward
2.144,70.5076591173661,75.63123849289813,466.10788,484.17544,0.10280712378145165,0.10540775420338946,0.10143542416800566,0,forward
2.176,66.08602105610824,66.79946687366517,466.20208,484.26964,0.10805413512642839,0.10593703038799725,0.10256735866161688,0,forward
2.208,66.72391550832374,70.0269417669678,466.29628,484.36384,0.10621955103244964,0.10599353451688773,0.10263651541617465,0,forward
2.24,63.34576561301847,74.71773851384467,466.39048,484.46432,0.10341412790601426,0.10547765319471304,0.10163452320899531,0,forward
2.2720000000000002,60.36291461183162,69.10410288785047,466.49096,484.55852,0.1073075769889075,0.10584363795355194,0.10238635990000608,0,forward
2.3040000000000003,68.36067932833865,71.53001024521781,466.58516,484.65272,0.10558964507497583,0.10579283937783672,0.10229469225364489,0,forward
2.336,68.7264704705018,62.58123120969895,466.67936,484.74692,0.10433859782136103,0.10550199106654158,0.10178766808706627,0,forward
2.368,68.56132646115717,71.31185980027549,466.77984,484.8474,0.10574187655296316,0.1055499681638259,0.10188240647328707,0,forward
2.4,65.26129212817548,68.4387569915544,466.87404,484.9416,0.10482268691805927,0.10540451191467258,0.10169651539151946,0,forward
2.432,64.81013447868897,64.7106811975101,466.96824,485.0358,0.10597579225950315,0.1055187679836387,0.10199032991389488,0,forward
2.464,69.03915285321173,65.30879983693104,467.06244,485.13628,0.10735434074667856,0.10588588253624667,0.10263144962979727,0,forward
2.496,67.77168696535405,66.16316989963474,467.16292,485.23048,0.10827513936246323,0.10636373390148998,0.10337276642861068,0,forward
2.528,65.48249230302575,70.79079678743362,467.25712,485.32468,0.10610727140433404,0.10631244140205881,0.10311315472743983,0,forward
2.56,70.59869007395541,65.60137246063553,467.35132,485.41888,0.10547599604716616,0.10614515233108028,0.10272039170820163,0,forward
2.592,64.23016064158219,71.11838989277229,467.44552,485.51936,0.10587725300245045,0.10609157246535432,0.10257078339491521,0,forward
2.624,59.832674288544,69.13723735200934,467.546,485.61356,0.10728373600105737,0.10633000517249493,0.10297865657294089,0,forward
2.656,65.77550385139455,71.92590419699032,467.6402,485.70776,0.10531449580352054,0.10612690329870006,0.1025762198508737,0,forward
2.688,69.29070547317664,70.30367564669554,467.7344,485.80196,0.10645115584271983,0.10619175380750402,0.10272517619371636,0,forward
2.72,67.93520466652288,69.7482531874856,467.83488,485.90244,0.10684598757868591,0.10632260056174041,0.10287960133679501,0,forward
2.7520000000000002,62.878848063033566,70.9829678040987,467.92908,485.99664,0.10597221814291063,0.10625252407797446,0.1027482859095881,0,forward
2.7840000000000003,63.31035688223175,66.82993731702197,468.02328,486.09084,0.1089696031501685,0.10679593989241327,0.10373785109571232,0,forward
2.816,70.49219948433083,69.84881064336533,468.11748,486.19132,0.10631780288164314,0.10670031249025926,0.103381560584157,0,forward
2.848,65.58070426648344,68.93950300486259,468.21796,486.28552,0.10669517671499422,0.10669928533520626,0.10328811087763343,0,forward
2.88,61.34995364993642,70.25356921721892,468.31216,486.37972,0.10475109306427727,0.10630964688102046,0.10257296651248869,0,forward
2.912,68.00648819466039,75.58912269614915,468.40636,486.47392,0.10283495223021785,0.10561470795085995,0.1014275560714178,0,forward
2.944,69.59578310628815,68.4556110702302,468.50684,486.5744,0.10695488647986798,0.10588274365666156,0.10208587730129792,0,forward
2.976,64.79178938318461,68.13487056538186,468.60104,486.6686,0.10361845585002129,0.10542988609533352,0.10139566635967753,0,forward
3.008,63.60838699323437,64.98553436669727,468.69524,486.7628,0.1097543481500159,0.10629477850627,0.10315095857452407,0,forward
3.04,68.32764581326215,66.86874069966451,468.78944,486.86328,0.10652266730227465,0.10634035626547095,0.10307832098057673,0,forward
3.072,69.04186430802119,68.13464477872323,468.88992,486.95748,0.09796885953975128,0.10466605692032702,0.09996723997555652,0,forward
3.104,67.24590520971445,65.31357526605306,468.98412,487.05168,0.09229612260356133,0.1021920700569739,0.09597973530300309,0,forward
3.136,68.61769208373626,65.43536554679173,469.07832,487.14588,0.08860699372638017,0.09947505479085515,0.09209912601769603,0,forward
3.168,70.93692358233122,152.64412461572437,469.17252,487.24636,0.0687745715754842,0.09333495814778098,0.08246235006586311,0,forward
3.2,66.77777676183692,161.56859081372122,469.273,487.34056,0.06623377627904427,0.08791472177403364,0.07536776289681896,0,forward
3.232,68.28215426354151,173.55879758866126,469.3672,487.43476,0.06310173479350611,0.08295212437792814,0.06973409667361448,1,start_turn_left
3.2640000000000002,73.94233252468666,153.66934567729425,469.44884,487.35312,0.06847282408235343,0.0800562643188132,0.06973409667361448,1,forward
3.2960000000000003,133.36560431749027,61.25514033199267,469.5242,487.27776,0.07498865644807413,0.0790427427446654,0.06973409667361448,1,forward
3.3280000000000003,119.71944296301673,71.70354758576525,469.60584,487.19612,0.0801123804604383,0.07925667028781999,0.06973409667361448,1,forward
3.36,105.96648547837813,82.82097502559232,469.68748,487.11448,0.08603700800626403,0.08061273783150881,0.06973409667361448,1,forward
3.392,114.01659425290921,73.32802440949463,469.76912,487.03912,0.08246717277772278,0.08098362482075161,0.06973409667361448,1,forward
3.424,94.50229855805051,88.72017752971266,469.84448,486.95748,0.09168933665751908,0.0831247671881051,0.06973409667361448,1,forward
3.456,94.39338755038409,77.06168581671459,469.92612,486.87584,0.09174659787704068,0.08484913332589222,0.06973409667361448,1,forward
3.488,74.94325266365091,63.59222379844891,470.00776,486.7942,0.10326361248354984,0.08853202915742375,0.06973409667361448,1,forward
3.52,103.75007141937789,90.3500325256368,470.0894,486.71884,0.059493377572818244,0.08272429884050266,0.06973409667361448,1,forward
3.552,101.88953719031778,68.9623213416489,470.16476,486.6372,0.06858532712094643,0.07989650449659141,0.06973409667361448,1,forward
3.584,99.65628641487203,63.23630220348764,470.2464,486.55556,0.08905894872530057,0.08172899334233326,0.06973409667361448,1,forward
3.616,68.04586081768818,62.14592013976451,470.32804,486.47392,0.0982406988310132,0.08503133444006925,0.06973409667361448,1,forward
3.648,67.19207135257955,118.50906316817161,470.4034,486.39856,0.08060085390884761,0.08414523833382492,0.06973409667361448,1,forward
3.68,68.30417592445228,121.41245457667466,470.48504,486.31692,0.0794389802439404,0.08320398671584803,0.06973409667361448,1,forward
3.712,63.338577243608135,113.67047573994954,470.56668,486.23528,0.08261455412276653,0.08308610019723173,0.06973409667361448,1,forward
3.744,67.06090920549175,115.52174964691966,470.64832,486.15992,0.08183232826472446,0.08283534581073028,0.06973409667361448,1,forward
3.7760000000000002,66.95661287858161,95.70251216706109,470.72368,486.07828,0.09106301214855093,0.08448087907829442,0.06973409667361448,1,forward
3.8080000000000003,68.89152251938246,89.4040939493259,470.80532,485.99664,0.08452210892549024,0.08448912504773358,0.06973409667361448,1,forward
3.84,70.01713705767929,123.30469699140917,470.88696,485.915,0.07869960820765541,0.08333122167971795,0.06973409667361448,1,forward
3.872,65.12775001582355,115.00324649479947,470.9686,485.83964,0.08204991602756062,0.08307496054928648,0.06973409667361448,1,forward
3.904,62.221170499832084,109.5439805455659,471.04396,485.758,0.08441312646250794,0.08334259373193077,0.06973409667361448,1,forward
3.936,68.57198649158245,89.77862332740146,471.1256,485.67636,0.07506795074237053,0.08168766513401873,0.06973409667361448,1,forward
3.968,62.741357078252506,62.78878000035506,471.20724,485.59472,0.07240740804762578,0.07983161371674015,0.06973409667361448,1,forward
4.0,68.6541066967871,70.40164845726241,471.2826,485.51936,0.0772814782304658,0.07932158661948528,0.06973409667361448,1,forward
4.032,63.61273271775925,60.416262485432235,471.36424,485.43772,0.08894983085045972,0.08124723546568018,0.06973409667361448,1,forward
4.064,67.29429356598513,70.21798838476265,471.44588,485.35608,0.08653428384775765,0.08230464514209568,0.06973409667361448,1,forward
4.096,69.15457076019166,63.5066894154129,471.52752,485.27444,0.08865176563931082,0.08357406924153872,0.06973409667361448,1,forward
4.128,70.16092211464958,63.14294344815014,471.60288,485.19908,0.07717252683749318,0.08229376076072961,0.06973409667361448,1,forward
4.16,64.33853481109279,67.24252521827722,471.68452,485.11744,0.08076278186897135,0.08198756498237797,0.06973409667361448,1,forward
4.192,69.94150085125264,64.64545533686356,471.76616,485.0358,0.08543623397643932,0.08267729878119025,0.06973409667361448,1,forward
4.224,64.35046199872325,67.38366840840658,471.8478,484.96044,0.08487999681013995,0.0831178383869802,0.06973409667361448,1,forward
4.256,68.55767477026036,65.2908228038838,471.92316,484.8788,0.10746939406840657,0.08798814952326547,0.10746939406840657,0,normal_exit
4.288,60.98449355060235,63.82712644318421,472.02364,484.973,0.106155432183693,0.09162160605535098,0.10612328557448138,0,forward
4.32,67.23851169109348,69.6572456933259,472.11784,485.0672,0.10691096128273551,0.09467947710082789,0.10564807686084708,0,forward
4.352,71.48710521325958,65.51191917776,472.21204,485.16768,0.10561955076952338,0.09686749183456698,0.1044861889879863,0,forward
4.384,66.84506501871203,64.38671850683932,472.30624,485.26188,0.10866200235176797,0.0992263939380072,0.10490111431064125,0,forward
4.416,67.85657363093152,59.24585223856266,472.40672,485.35608,0.1082129769890245,0.10102371054821066,0.10486272432981804,0,forward
4.448,65.25337620761546,74.64733177081035,472.50092,485.45028,0.10346120955848265,0.10151121035026506,0.10312362539333397,0,forward
4.48,68.58888459647903,68.62640401350974,472.59512,485.55076,0.10765247336903638,0.10273946295401934,0.10347704316986026,0,forward
4.5120000000000005,69.45824979730648,69.0632615031162,472.6956,485.64496,0.10502105522708272,0.10319578140863202,0.10275218618891077,0,forward
4.5440000000000005,72.87197360773766,67.73285431947568,472.7898,485.73916,0.10466274243999266,0.10348917361490415,0.10219853541811023,0,forward
4.5760000000000005,74.4842948296132,65.40734682777288,472.884,485.83964,0.1035703986456813,0.10350541862105958,0.10140985193338281,0,forward
4.6080000000000005,61.9986111199907,64.14171950096224,472.9782,485.93384,0.10671154613003903,0.10414664412285549,0.10207032130320834,0,forward
4.64,66.52479607829254,69.65607787233895,473.07868,486.02804,0.1069117955479795,0.1046996744078803,0.10252438084703724,0,forward
4.672,65.90812263861945,65.70351135054564,473.17288,486.12224,0.10859262651064376,0.105478264828433,0.10345917565274115,0,forward
4.704,70.6482685204039,64.47638861938425,473.26708,486.22272,0.10233650400388104,0.10484991266352262,0.10177639535435451,0,forward
4.736,72.82419004505626,64.79484051511702,473.36128,486.31692,0.10417576561785012,0.10471508325438812,0.10139672541082395,0,forward
4.768,63.249610909352015,70.34414409900349,473.46176,486.41112,0.10642250215920483,0.10505656703535146,0.10191667441582387,0,forward
4.8,65.86101620109507,66.89483466182433,473.55596,486.50532,0.10625001025086796,0.10529525567845477,0.10222985751931496,0,forward
4.832,65.99565043683128,67.3813504153878,473.65015999999997,486.6058,0.1085619038969633,0.10594858532215648,0.10321778414361393,0,forward
4.864,73.90347353927008,63.974667855846725,473.75064,486.7,0.10396126631877112,0.10555112152147941,0.10220356460756702,0,forward
4.896,68.99457322926986,61.82014878534003,473.84484,486.7942,0.10444194247310268,0.10532928571180407,0.1017662116856587,0,forward
4.928,70.00034342924152,63.88573214370267,473.93904,486.89468,0.10666642245087628,0.10559671305961851,0.10224117156560786,0,forward
4.96,60.67732885884598,72.58473115995142,474.03324,486.98888,0.1048597712128059,0.105449324690256,0.10194003591645828,0,forward
4.992,66.80424161514716,61.42465641848882,474.13372,487.08308,0.10752099094382844,0.1058636579409705,0.10265887754135775,0,forward
5.024,66.27601915401507,66.0690520005602,474.22792,487.17728,0.10656358726738538,0.10600364380625349,0.10281850055273876,0,forward
5.056,74.29085672186261,64.13896468404165,474.32212,487.27776,0.1037002473117569,0.10554296450735418,0.10185381523632447,0,forward
5.088,66.06017338933395,61.95590667852057,474.41632,487.37196,0.10954389296355856,0.10634315019859507,0.10336957498537809,0,forward
5.12,67.1475714330736,68.4172108524812,474.5168,487.46616,0.10780420887913833,0.10663536193470373,0.10367773837818355,0,forward
5.152,65.02890841220187,63.47948022130154,474.611,487.56664,0.1036980926078229,0.10604790806932757,0.10240445266725319,0,forward
5.184,72.95082362305331,71.2302426915379,474.7052,487.66084,0.1046087861509784,0.10576008368565774,0.10195490301596753,0,forward
5.216,59.60676809541395,76.4801722659458,474.80568,487.75504,0.10224937618810395,0.10505794218614699,0.10077982249110565,0,forward
5.248,61.26758851522545,68.65163370170846,474.89988,487.84924,0.10610088112316766,0.10526652997355113,0.10144686321623182,0,forward
5.28,66.62180367495901,69.00809178740818,474.99408,487.94972,0.10737671899608923,0.10568856777805875,0.10229070116758746,0,forward
5.312,67.34316393099962,68.22503051937932,475.08828,488.04392,0.1079439818223422,0.10613965058691546,0.10307676294709049,0,forward
5.344,66.78940128050517,75.08626846163159,475.18876,488.13812,0.10316838594874315,0.10554539765928102,0.10182900981317393,0,forward
5.376,65.10607133549408,69.3043614533476,475.28296,488.23232,0.10716364776121723,0.10586904767966826,0.10250091543103194,0,forward
5.408,65.24916511314251,66.37258844095366,475.37716,488.3328,0.10699784697094684,0.10609480753792398,0.10283139742691129,0,forward
5.44,67.11523967246951,67.28020313922504,475.47764,488.427,0.1041245166897124,0.10570074936828168,0.10201408942327167,0,forward
5.472,70.61991296048323,65.79591786250518,475.57184,488.5212,0.10622765400347678,0.10580613029532071,0.10228436202114155,0,forward
5.5040000000000004,67.88570313475225,61.62308577457527,475.66604,488.62168,0.1081916619446366,0.1062832366251839,0.10312011916621566,0,forward
5.5360000000000005,63.565086064149945,72.28425317827435,475.76024,488.71588,0.10506667410496677,0.10603992412114047,0.10257821839991517,0,forward
5.5680000000000005,66.69632611823131,69.0964090896977,475.86072,488.81008,0.10374821999846635,0.10558158329660565,0.10171680256111938,0,forward
5.6000000000000005,65.41139324059296,70.10044929613004,475.95492,488.90427999999997,0.1065952838584376,0.10578432340897205,0.10222528660597956,0,forward
5.632,66.52975546767864,67.145790863529,476.04912,489.00476,0.10434560290101517,0.10549657930738068,0.10170432820060221,0,forward
5.664,70.41281035980957,63.67175174893762,476.14332,489.09896,0.10601035655816538,0.10559933475753763,0.10200772664661477,0,forward
5.696,72.71036610537845,67.62652366231134,476.2438,489.19316,0.10477350299166419,0.10543416840436294,0.10171800918996186,0,forward
5.728,66.8427387029869,71.11571766513093,476.338,489.28736,0.10587912526383024,0.10552315977625641,0.10196949171342787,0,forward
5.76,69.88610074335125,66.86127235370951,476.4322,489.38784,0.10674772324217488,0.10576807246944012,0.10240075155960526,0,forward
5.792,64.7099256228854,60.74554478250925,476.53268,489.48204,0.10779847826087656,0.10617415362772742,0.10305395024060546,0,forward
5.824,73.27015763525002,70.78391604087581,476.62687999999997,489.57624,0.10439083672163083,0.1058174902465081,0.1022936311344424,0,forward
5.856,66.93576444629261,70.45973143472558,476.72108,489.67672,0.10634074544351643,0.10592214128590977,0.10246296270248338,0,forward
5.888,64.59474787597883,64.29718320688188,476.81528,489.77092,0.10376742621851433,0.10549119827243068,0.1016910278236852,0,forward
5.92,63.938543204770156,66.73218105373265,476.91576,489.86512,0.1054006185192022,0.10547308232178498,0.10173943900228588,0,forward
5.952,70.17436453508148,70.4848960311054,477.00996,489.95932,0.10375302952499166,0.10512907176242632,0.1012215542413627,0,forward
5.984,67.35150451248666,62.60996936462518,477.10416,490.0598,0.10701713157996959,0.10550668372593498,0.10201728592471701,0,forward
6.016,68.71556553218683,69.1380421088716,477.19836,490.154,0.10357996036915411,0.10512133905457881,0.10133785706554682,0,forward
6.048,63.49943352126944,63.27460052317562,477.29884,490.2482,0.1079314297552292,0.1056833571947089,0.1024194766238462,0,forward
6.08,69.38683939105034,66.27319749358601,477.39304,490.3424,0.10710448166131124,0.10596758208802938,0.1028586463340959,0,forward
6.112,61.51960268930723,64.75782855887331,477.48724,490.44288,0.10951198980694325,0.10667646363181216,0.10396167922789883,0,forward
6.144,65.92249592568824,66.92542459205725,477.58772,490.53708,0.10861295069172043,0.10706376104379382,0.10434745466979303,0,forward
6.176,66.17817428681059,68.06556652485276,477.68192,490.63128,0.10806023558025833,0.10726305595108673,0.10443831772729885,0,forward
6.208,62.264949155519986,67.22290650265604,477.77612,490.73176,0.10762078428516972,0.10733460161790334,0.10429788269352397,0,forward
6.24,63.77346436847521,64.1314483538202,477.87032,490.82596,0.10889989799268078,0.10764766089285883,0.10470732070183429,0,forward
6.272,65.19709356557614,64.41824439819462,477.9708,490.92016,0.10841480034428601,0.10780108878314427,0.10475497557969472,0,forward
6.304,70.19576620886389,69.95281456393279,478.065,491.01436,0.10543093633007787,0.107327058292531,0.1037578748276543,0,forward
6.336,67.6577074901461,63.468323520594105,478.1592,491.11484,0.10835871876899997,0.1075333903878248,0.1041255842279106,0,forward
6.368,65.29998339192213,60.997507311106034,478.2534,491.20904,0.1078675111797251,0.10760021454620487,0.10422688907535059,0,forward
6.4,64.86728033107745,66.40226064588029,478.35388,491.30324,0.10768109764743407,0.10761639116645072,0.10418380767511734,0,forward
6.432,69.3567135586375,68.4099494354058,478.44808,491.40372,0.10541040096039116,0.10717519312523881,0.10334266623646046,0,forward
6.464,65.73612604090287,65.24676606041918,478.54228,491.49792,0.10924039334608285,0.10758823316940763,0.10421630280875491,0,forward
6.496,71.10118220627608,68.58856438198099,478.64276,491.59212,0.10588931050292888,0.1072484486361119,0.1035350927112184,0,forward
6.5280000000000005,63.35227148025809,68.78511117968426,478.73696,491.68632,0.10753764185905121,0.10730628728069977,0.10372976743316051,0,forward
6.5600000000000005,69.60032601959377,70.44824757935382,478.83116,491.78679999999997,0.10634886253201993,0.10711480233096382,0.10338750030975738,0,forward
6.5920000000000005,70.07210814456415,65.58813696500367,478.92536,491.881,0.1066154144019036,0.10701492474515178,0.10330465615940314,0,forward
6.6240000000000006,68.16722530173111,72.70686718193173,479.02584,491.9752,0.10477590363331821,0.10656712052278508,0.10255116393573578,0,forward
6.656000000000001,68.30044750423151,73.63904586813312,479.12004,492.0694,0.10414019372219119,0.10608173516266631,0.10188117707734029,0,forward
6.688,71.22767840101962,70.12887500977462,479.21424,492.16988,0.10580073812660028,0.10602553575545312,0.10200481172453905,0,forward
6.72,69.41876177314019,64.3469049769392,479.31472,492.26408,0.10708159945999628,0.10623674849636176,0.10254303159169027,0,forward
6.752,72.69025695623101,62.54944253591661,479.40892,492.35828,0.10478730155380139,0.10594685910784969,0.10210778948606106,0,forward
6.784,68.04637545134838,65.95499497900997,479.50312,492.45876,0.10784648668187405,0.10632678462265457,0.10288314342770546,0,forward
6.816,66.63914643099761,68.6109147280898,479.59732,492.55296,0.1076636936746864,0.10659416643306094,0.10335654293249327,0,forward
6.848,71.48307941106188,69.26660709810037,479.6978,492.64716,0.10562235770625363,0.10639980468769948,0.10288771045846953,0,forward
6.88,66.79186278754912,68.27677369751855,479.792,492.74136,0.1054527016237999,0.10621038407491956,0.10256736915159134,0,forward
6.912,63.48905338436671,73.79166248161798,479.8862,492.84184,0.10403684921419201,0.10577567710277405,0.1018132437394422,0,forward
6.944,64.55491804187372,64.50282091831345,479.9804,492.93604,0.10700050146994317,0.10602064197620788,0.10243234927877157,0,forward
6.976,68.30748162241255,69.63647417204123,480.08088,493.03024,0.10692580193786412,0.10620167396853913,0.10276158493926285,0,forward
7.008,71.91467898128649,72.4801869916592,480.17508,493.12444,0.10357021979659181,0.10567538313414968,0.10181201569031184,0,forward
7.04,66.26564174709698,70.75548029120213,480.26928,493.22492,0.10613212845791144,0.10576673219890204,0.10207915102258024,0,forward
7.072,69.08798602381435,69.59050710449966,480.36976,493.31912,0.10695865873910607,0.10600511750694286,0.10254669382963905,0,forward
7.104,64.90410125055166,64.13330911472099,480.46396,493.41332,0.10409651819834058,0.10562339764522241,0.101862661333568,0,forward
7.136,72.10965938422126,67.54687418610669,480.55816,493.5138,0.10354043783635397,0.10520680568344873,0.10118315969781422,0,forward
7.168,58.66625780475143,67.86580421001469,480.65236,493.608,0.10685768587748601,0.1055369817222562,0.1019768328474354,0,forward
7.2,69.12468203367885,69.95847372370622,480.75284,493.7022,0.10669620464048933,0.10576882630590284,0.10238700574776224,0,forward
7.232,68.10431501274738,63.44213589690457,480.84704,493.7964,0.10492201739600965,0.1055994645239242,0.10205592405195926,0,forward
7.264,59.54145484204364,69.98527441888596,480.94124,493.89688,0.10295158217024165,0.1050698880531877,0.10109622258471541,0,forward
7.296,68.55019058437429,67.23738260337392,481.03544,493.99108,0.09581288247945303,0.10321848693844078,0.09796415719223849,0,forward
7.328,76.34770790411228,70.28769517824662,481.13592,494.08528,0.09217205671872308,0.10100920089449725,0.09460851558652396,0,forward
7.36,81.27254847092733,66.60850970332532,481.23012,494.17948,0.08698536577893715,0.09820443387138522,0.09063819565701009,0,forward
7.392,91.2810084117067,66.3825737093209,481.32432,494.27996,0.08529321688352194,0.09562219047381257,0.08744273878481605,0,forward
7.424,83.78496049815992,64.07692838253212,481.4248,494.37416,0.08379406018656035,0.09325656441636213,0.08485499429053572,0,forward
7.456,95.78627767618042,67.05074758214414,481.519,494.46836,0.08098603292434266,0.09080245811795824,0.08222964078746399,0,forward
7.488,105.08962471492038,68.8351037887729,481.6132,494.56884,0.08002822291922242,0.08864761107821108,0.08016038840474493,0,forward
7.5200000000000005,103.76866173250856,67.18075938322342,481.7074,494.66304,0.07564754284280975,0.08604759743113082,0.07730435851467,0,forward
7.5520000000000005,108.1773703883092,62.15704353603053,481.80788,494.75724,0.07314161360998776,0.08346640066690221,0.07453244587488973,1,start_turn_left
7.5840000000000005,113.08497438804726,71.90185800032485,481.88324,494.6756,0.07332766940503699,0.08143865441452917,0.07453244587488973,1,forward
7.6160000000000005,133.17378443545786,72.1495334820569,481.96488,494.60024,0.07505613339075605,0.08016215020977455,0.07453244587488973,1,forward
7.648000000000001,144.47642703933784,70.26186076340757,482.04652,494.5186,0.07127697197887116,0.07838511456359387,0.07453244587488973,1,forward
7.68,157.26731876771294,71.5632812843863,482.12816,494.43696,0.06743448732467096,0.0761949891158093,0.07453244587488973,1,forward
7.712,196.16561429604445,62.20046419544113,482.20352,494.3616,0.05793624974196931,0.0725432412410413,0.07453244587488973,1,forward
7.744,177.81483646864515,65.91136728401496,482.28516,494.27996,0.06206004363114256,0.07044660171906156,0.07453244587488973,1,forward
7.776,152.71441290169162,70.50497312533948,482.3668,494.19832,0.0687537991330132,0.07010804120185189,0.07453244587488973,1,forward
7.808,146.44998347935828,68.75275596329983,482.44216,494.11668,0.07065577905621025,0.07021758877272356,0.07453244587488973,1,forward
7.84,138.6681562213704,94.43305491554923,482.5238,494.04132,0.07317023327256794,0.07080811767269245,0.07453244587488973,1,forward
7.872,118.58796693520398,103.87625385794799,482.60544,493.95968,0.08056882925449628,0.07276025998905322,0.07453244587488973,1,forward
7.904,118.48322560475418,110.84262036342699,482.68708,493.87804,0.08061134612887287,0.07433047721701716,0.07453244587488973,1,forward
7.936,107.0838368825286,117.11522860321503,482.76244,493.7964,0.08117079595208422,0.07569854096403057,0.07453244587488973,1,forward
7.968,104.48111336668713,134.40406814224127,482.84408,493.72104,0.07462544968776051,0.07548392270877656,0.07453244587488973,1,forward
8.0,64.71546412039652,136.8295827340392,482.92572,493.6394,0.07379066914326643,0.07514527199567454,0.07453244587488973,1,forward
8.032,69.22295959134034,168.38011391255344,483.00736,493.55776,0.06441739537019893,0.07299969667057943,0.07453244587488973,1,forward
8.064,66.55801726647493,194.83148778670093,483.08272,493.47612,0.0582174922126017,0.07004325577898389,0.07453244587488973,1,forward
8.096,63.937648727580225,178.40228090534256,483.16436,493.40076,0.06191895808327284,0.06841839623984168,0.07453244587488973,1,forward
8.128,70.86043084292936,152.37505844023462,483.246,493.31912,0.06885420538415958,0.06850555806870527,0.07453244587488973,1,forward
8.16,64.81505008331384,146.14923821006934,483.32764,493.23748,0.070749740864206,0.06895439462780542,0.07453244587488973,1,forward
8.192,70.23107386931568,121.55172364297574,483.403,493.16212,0.07871699372402279,0.0709069144470489,0.07453244587488973,1,forward
8.224,63.35419002122878,117.79335520948014,483.48464,493.08048,0.07888893111707862,0.07250331778105484,0.07453244587488973,1,forward
8.256,68.87320304391052,116.09725454426561,483.56628,492.99884,0.07229552107608485,0.07246175844006085,0.07453244587488973,1,forward
8.288,66.13627620292623,111.831034029795,483.64164,492.9172,0.07041934387956093,0.07205327552796087,0.07453244587488973,1,forward
8.32,66.0883911234001,66.87188991269002,483.72328,492.84184,0.06315808419420854,0.0702742372612104,0.07453244587488973,1,forward
8.352,74.45328265962246,70.63946662219782,483.80492,492.7602,0.05546341216421748,0.06731207224181182,0.07453244587488973,1,forward
8.384,66.99738691760977,64.40611796335381,483.88656,492.67856,0.05836804545505342,0.06552326688446014,0.07453244587488973,1,forward
8.416,70.75367020945798,71.90290802728666,483.96192,492.59692,0.06585702381733786,0.0655900182710357,0.07453244587488973,1,forward
8.448,67.88816819539042,67.18266460689614,484.04356,492.52156,0.06723533413241757,0.06591908144331207,0.07453244587488973,1,forward
8.48,66.85478274466098,65.71837992203676,484.1252,492.43992,0.07323865733382903,0.06738299662141546,0.07453244587488973,1,forward
8.512,65.96296616578792,67.6772305632599,484.20684,492.35828,0.0751607351512474,0.06893854432738185,0.07453244587488973,1,forward
8.544,63.12315416781499,64.15090680862663,484.2822,492.28292,0.07740984826701766,0.07063280511530902,0.07453244587488973,1,forward
8.576,64.5649471996903,68.16471723432582,484.36384,492.20128,0.07939730623466647,0.07238570533918051,0.07453244587488973,1,forward
8.608,70.28467909632232,61.50285862789802,484.44548,492.11964,0.10646461167039577,0.07920148660542357,0.10646461167039577,0,normal_exit
8.64,69.72434969629474,67.40348965526023,484.53968,492.21384,0.1068630455397193,0.08473379839228272,0.106753161866638,0,forward
8.672,69.06347870600017,68.94424472157279,484.63388,492.31432,0.10733682145951395,0.08925440300572897,0.10613880333135946,0,forward
8.704,71.2192230998467,65.96422135035017,484.73436,492.40852,0.10580665388973434,0.09256485318253005,0.10484824122580857,0,forward
8.736,62.44230937020462,71.53820923805928,484.82856,492.50272,0.10558393213466556,0.09516866897295716,0.10394161277628268,0,forward
8.768,67.92292721426281,69.66208885076199,484.92276,492.59692,0.10690750157813622,0.09751643549399297,0.10381627840640323,0,forward
8.8,61.26114815137732,66.1026280257563,485.01696,492.6974,0.1070175985242778,0.09941666810004994,0.10370490406371055,0,forward
8.832,65.21711914238072,66.89875204152885,485.11744,492.7916,0.1066672536368373,0.10086678520740743,0.10349435040851614,0,forward
8.864,66.64698397396701,70.95509006231059,485.21164,492.8858,0.10599178863989012,0.10189178589390398,0.10315301926203095,0,forward
8.896,65.68988278945083,63.674680119716115,485.30584,492.98628,0.10635928535132183,0.10278528578538755,0.10302266339468528,0,forward
8.928,65.85851632514542,65.43125810826808,485.40004,493.08048,0.10911780095576797,0.10405178881946364,0.10396801030459588,0,forward
8.96,60.601688122703486,63.04033494799962,485.50052,493.17468,0.10256474550776748,0.1037543801571244,0.10218473227680767,0,forward
8.992,69.09591394009968,70.33483027137018,485.59472,493.26888,0.10372369975964812,0.10374824407762916,0.10149688255265986,0,forward
9.024000000000001,64.30411361048691,69.69767650083419,485.68892,493.36936,0.10688208644247622,0.10437501255059858,0.10214565820135776,0,forward
9.056000000000001,66.39821695417541,70.59879956487337,485.7894,493.46356,0.10371940735909115,0.1042438915122971,0.10142890060035213,0,forward
9.088000000000001,68.18989810706987,62.55375324664799,485.8836,493.55776,0.10796957285468753,0.1049890277807752,0.10253288947227764,0,forward
9.120000000000001,66.35063316133044,70.61299114939428,485.9778,493.65196,0.10623253597114653,0.10523772941884947,0.10261905040372943,0,forward
9.152000000000001,70.28468885051342,65.54460220183114,486.072,493.75244,0.10451999781259182,0.10509418309759794,0.10201950239656705,0,forward
9.184000000000001,64.750919879087,63.98366709505021,486.17248,493.84664,0.10916497068441558,0.10590834061496146,0.10329884366011337,0,forward
9.216000000000001,56.04013993878939,68.98343024477518,486.26668,493.94084,0.10739449329172039,0.10620557115031326,0.10352687258751213,0,forward
9.248,65.92279483674892,69.86473606634391,486.36088,494.04132,0.10676294116927501,0.10631704515410562,0.10340564097477557,0,forward
9.28,66.81441352740174,65.97195720367596,486.46136,494.13552,0.10558533997308717,0.10617070411790193,0.10290595690200315,0,forward
9.312,62.888644290863965,66.70949362864667,486.55556,494.22972,0.10744506165293011,0.10642557562490756,0.10329285674913788,0,forward
9.344,65.65242234563254,68.86197520385431,486.64976,494.32392,0.10726896515896053,0.10659425353171817,0.10347805888366203,0,forward
9.376,71.88873339506542,68.3140898539537,486.74396,494.4244,0.10534026877677427,0.1063434565807294,0.10286463190797451,0,forward
9.408,68.42830129232395,66.61595381777066,486.84444,494.5186,0.10448255292303113,0.10597127584918975,0.10216368659140423,0,forward
9.44,70.78077196916679,67.61961380455442,486.93864,494.6128,0.10611432605791304,0.10599988589093441,0.10233976427757692,0,forward
9.472,70.006954306222,67.66680448917668,487.03284,494.707,0.106661721611505,0.10613225303504853,0.10264886940016324,0,forward
9.504,66.55500137205657,62.9870278424167,487.12704,494.80748,0.10737354298566555,0.10638051102517194,0.10306094170786252,0,forward
9.536,72.34962823577574,66.13872962921673,487.22752,494.90168,0.10502158873166699,0.10610872656647097,0.10248278057747404,0,forward
9.568,67.79810657074057,66.30095975930054,487.32172,494.99588,0.10825578467300544,0.10653813818777788,0.10331173418589873,0,forward
9.6,64.87753800770832,67.38773075244902,487.41591999999997,495.09636,0.10519704456062817,0.10626991946234794,0.10270658313069966,0,forward
9.632,65.91702002862529,67.52466663926971,487.5164,495.19056,0.1075506567733301,0.10652606692454437,0.10316143141257018,0,forward
9.664,68.03732331413005,62.426239757934205,487.6106,495.28476,0.10808085178660355,0.1068370238969562,0.10368458219155251,0,forward
9.696,66.83734791449064,63.231204899135676,487.7048,495.37896,0.10475395829050163,0.1064204107756653,0.1028284254660918,0,forward
9.728,63.5840540730814,69.358662041689,487.799,495.47944,0.10712468752253605,0.10656126612503947,0.10308701610055111,0,forward
9.76,63.57081141054887,65.01578267851926,487.89948,495.57364,0.10978676742360118,0.10720636638475181,0.10420667495797327,0,forward
9.792,69.17434360538417,69.83770993714184,487.99368,495.66784,0.1067821979307621,0.10712153269395387,0.10389010675083757,0,forward
9.824,66.90141340971621,64.13594070698393,488.08788,495.76204,0.10321037875067739,0.10633930190529858,0.102407320242035,0,forward
9.856,77.3208622956346,66.75827253688432,488.18208,495.86252,0.10170297674782053,0.10541203687380298,0.10087440608590902,0,forward
9.888,65.5195290540403,73.50901087974135,488.28256,495.95672,0.10422840918787737,0.10517531133661785,0.10079542531750217,0,forward
9.92,66.31234005606213,65.36063730344306,488.37676,496.05092,0.1093550960491051,0.1060112682791153,0.10262272334194164,0,forward
9.952,65.32702753136729,61.46280018984712,488.47096,496.1514,0.10936865363292511,0.10668274534987728,0.10375892616417734,0,forward
9.984,68.38628580625148,64.57149307062406,488.57144,496.2456,0.10782667625289348,0.10691153153048052,0.10393565065647754,0,forward
10.016,69.52353969920165,63.061051069223545,488.66564,496.3398,0.10700656252645838,0.1069305377296761,0.10379655927160493,0,forward
10.048,68.55921129271378,62.03676108925885,488.75984,496.434,0.10733898746255699,0.10701222767625229,0.10382639217786097,0,forward
10.08,68.45893524661109,63.091965637786316,488.85404,496.53448,0.10777391049869621,0.10716456424074108,0.10396004272922438,0,forward
10.112,60.34677498069522,65.5419122976293,488.95452,496.62868,0.1065597878906209,0.10704360897071705,0.10361084334425552,0,forward
10.144,72.18001363112685,70.27463784295846,489.04872,496.72288,0.10513864217927343,0.10666261561242832,0.10291892003402013,0,forward
10.176,69.08827914755342,64.78251941891581,489.14292,496.82336,0.10246073628827933,0.10582223974759854,0.10147419447108996,0,forward
10.208,68.69283979907486,68.55959799715431,489.23712,496.91756,0.1075364087331712,0.10616507354471308,0.10240675981083756,0,forward
10.24,66.46272359107526,68.24898353410309,489.3376,497.01176,0.1079265410026867,0.10651736703630782,0.10310368543697819,0,forward
10.272,69.4172622551655,64.86478881387647,489.4318,497.10596,0.10708267410679896,0.10663042845040605,0.10328991943933155,0,forward
10.304,67.54724698390909,69.32715780036165,489.526,497.20644,0.10714728811346365,0.10673380038301757,0.10339127319737584,0,forward
10.336,65.35304304118573,60.2611822571055,489.62648,497.30064,0.10778900333847242,0.10694484097410854,0.1036862155412239,0,forward
10.368,67.81607037444566,65.55052854109458,489.72068,497.39484,0.10707583575491825,0.10697103993027049,0.10366130383294805,0,forward
10.4,69.84729719009584,68.59361024058215,489.81488,497.48904,0.10677536598943421,0.10693190514210324,0.10353767136484188,0,forward
10.432,68.43331796256903,67.30727183924257,489.90908,497.58952,0.10718741553108607,0.10698300721989981,0.10356464207132253,0,forward
10.464,69.95576538647211,63.41636331067165,490.00956,497.68372,0.10669813167079072,0.106926032110078,0.10340666067146902,0,forward
10.496,63.27897740098028,64.88272624172023,490.10376,497.77792,0.10578870453437254,0.10669856659493693,0.10302077710867762,0,forward
10.528,66.20009445876694,63.5622652461634,490.19796,497.8784,0.10943905377921974,0.1072466640317935,0.10403959554121757,0,forward
10.56,62.852890912836116,69.32903213397275,490.29843999999997,497.9726,0.10628273489749855,0.10705387820493453,0.10356263942724038,0,forward
10.592,63.318041697280925,62.122386785885965,490.39264,498.0668,0.10781041255240871,0.10720518507442939,0.10384516749528476,0,forward
10.624,72.5293506954927,67.18807719365435,490.48684,498.161,0.10489784377265304,0.10674371681407413,0.10298302793233328,0,forward
10.656,66.9803317526509,63.614628797513376,490.58104,498.26148,0.10878835163732693,0.10715264377872469,0.10378225132522073,0,forward
10.688,66.7771335896692,66.47392709215092,490.68152,498.35568,0.1090088054501028,0.10752387611300032,0.10437412613503942,0,forward
10.72,69.77812392898721,66.4076301716271,490.77572,498.44988,0.10670733284657122,0.1073605674597145,0.1039707462930965,0,forward
10.752,67.49026965630068,70.7965321347472,490.86992,498.54408,0.10463669272870087,0.1068157925135118,0.10297005783698328,0,forward
10.784,65.01857565685825,70.25264115950867,490.96412,498.64456,0.10648731281212123,0.10675009657323369,0.10294956328787377,0,forward
10.816,66.64537541664964,67.88516870233558,491.0646,498.73876,0.10736176750741933,0.10687243076007082,0.10324969107988764,0,forward
10.848,66.2013978683262,71.66214528675862,491.1588,498.83296,0.10549765051620258,0.10659747471129717,0.10281577075631941,0,forward
10.88,65.65768554690084,63.5975248450521,491.253,498.93344,0.10883675280857914,0.10704533033075357,0.10369225538453983,0,forward
10.912,63.04066468092556,70.68159359456376,491.35348,499.02764,0.10618417033105523,0.1068730983308139,0.10330442500886947,0,forward
10.944,69.95355900979213,67.98511055815894,491.44768,499.12184,0.10669970159864751,0.10683841898438064,0.10328153974014151,0,forward
10.976,68.64238590349687,67.71310185101599,491.54188,499.21604,0.106002649053547,0.10667126499821392,0.10301712894154687,0,forward
11.008000000000001,62.45733898636502,68.13846071916785,491.63608,499.31652,0.10758387129947335,0.10685378625846581,0.10337262119141145,0,forward
11.040000000000001,67.59105269254565,69.98290113955461,491.73656,499.41072,0.10667882724252999,0.10681879445527866,0.1032765167677381,0,forward
11.072000000000001,59.90638480754249,68.93717197336589,491.83076,499.50492,0.10742784885737756,0.10694060533569845,0.10352449410479427,0,forward
11.104000000000001,67.89453356203832,64.4724033703867,491.92496,499.59912,0.10811773197661405,0.10717603066388158,0.1039307875333204,0,forward
11.136000000000001,66.39398634372421,68.26544611515313,492.01916,499.6996,0.10727371292853062,0.10719556711681139,0.10384783809261516,0,forward
11.168000000000001,65.38875454009944,62.73331000880368,492.11964,499.7938,0.10861666826359766,0.10747978734616864,0.10427572983120988,0,forward
11.200000000000001,62.642374473803216,73.43787205314021,492.21384,499.888,0.10427673289459276,0.10683917645585347,0.10303682037871238,0,forward
11.232000000000001,70.2886842554913,68.11943088738163,492.30804,499.98848,0.1064617744127691,0.10676369604723661,0.10298325831878896,0,forward
11.264,69.82669831584757,63.200929074942756,492.40852,500.08268,0.10414691661664276,0.10624034016111784,0.10211956994450275,0,forward
11.296,65.39575338891088,69.4938391121135,492.50272,500.17688,0.10702782198268877,0.10639783652543203,0.10263871958262794,0,forward
11.328,66.92837963564871,69.00370644934085,492.59692,500.27108,0.10737987920749995,0.10659424506184562,0.10309800709887809,0,forward
11.36,69.62583369611168,68.22471989899489,492.69112,500.37156,0.10693340584818938,0.10666207721911437,0.10319148996505408,0,forward
11.392,64.76540431887368,70.0329729756219,492.7916,500.46576,0.1066432243704173,0.10665830664937496,0.1031475221758651,0,forward
11.424,71.64313643546973,67.74176493387876,492.8858,500.55996,0.10551087491393749,0.10642882030228748,0.10275494237612057,0,forward
11.456,63.89735710815693,65.78521118210985,492.98,500.66044,0.10521477891575096,0.10618601202498018,0.1023556196683663,0,forward
11.488,68.819955317934,63.44073385758801,493.0742,500.75464,0.1041462779511589,0.10577806521021593,0.10175786774500963,0,forward
11.52,69.27089561393497,68.10062068269332,493.17468,500.84884,0.10718767335181945,0.10605998683853665,0.10242255893674013,0,forward
11.552,72.5808989231523,70.64590877090362,493.26888,500.94304,0.10486240488108826,0.10582047044704698,0.10205738340715886,0,forward
11.584,71.73922700474,73.256960733641,493.36308,501.04352,0.10439982577892716,0.10553634151342303,0.10161600335015336,0,forward
11.616,69.56243835543839,71.53538929165595,493.46356,501.13772,0.1055858969630206,0.10554625260334255,0.10175767001925691,0,forward
11.648,75.03456851370132,69.5587761107554,493.55776,501.23192,0.10320278988995919,0.10507756006066589,0.1010361263442174,0,forward
11.68,65.23658723859369,64.88600364441147,493.65196,501.32612,0.10687857696999227,0.10543776344253117,0.10188995969775837,0,forward
11.712,67.61546013059147,72.71807484303295,493.74616,501.4266,0.10476821434820442,0.10530385362366582,0.10164053844541784,0,forward
11.744,63.938169349732924,64.56439113146912,493.84664,501.5208,0.10408831891872768,0.1050607466826782,0.1012368965606459,0,forward
11.776,64.51224494105757,67.10386955145665,493.94084,501.615,0.107453741774786,0.10553934570109977,0.1022248596094469,0,forward
11.808,70.94683928264152,67.07985206180943,494.03504,501.71548,0.10599758216891633,0.10563099299466308,0.1022958882561849,0,forward
11.84,71.05412734307866,66.78676554146914,494.13552,501.80968,0.10592229607642777,0.10568925361101603,0.1023144985400662,0,forward
11.872,63.83668719255497,68.07215772674692,494.22972,501.90388,0.10805542544687219,0.10616248797818727,0.10313196025280323,0,forward
11.904,65.2288279054189,63.55824864129515,494.32392,501.99808,0.11017096420016619,0.10696418322258305,0.10441446789110821,0,forward
11.936,66.13193361376045,65.49597218602138,494.41812,502.09856,0.10713629005476884,0.10699860458902022,0.1041090035162618,0,forward
11.968,67.76497290912397,69.91730233791364,494.5186,502.19276,0.10563863200239496,0.10672661007169518,0.1033764267321364,0,forward
12.0,66.15484109283352,60.77895180659387,494.6128,502.28696,0.10871361019063319,0.10712401009548278,0.1040492442983824,0,forward
12.032,64.00042608805008,61.75805621312485,494.707,502.38116,0.10646802918043373,0.10699281391247298,0.10367652348381168,0,forward
12.064,64.58962971726234,69.58204805737223,494.8012,502.48164,0.10658064210574669,0.10691037955112773,0.1034363681950343,0,forward
12.096,71.64730373434239,73.43776448080948,494.90168,502.57583999999997,0.1042768060010489,0.10638366484111197,0.10245688363293098,0,forward
12.128,65.44213621550105,84.1596798842606,494.99588,502.67004,0.09746607700064149,0.10460014727301789,0.09942962057147742,0,forward
12.16,63.47896880529076,92.31138385607905,495.09008,502.77052,0.09285515351303662,0.10225114852102164,0.09579369021459296,0,forward
12.192,66.69507478379312,105.33889233314225,495.19056,502.86472,0.08632834586731197,0.09906658799027972,0.09112208118649863,0,forward
12.224,67.50285329615177,110.17007935904397,495.28476,502.95892,0.08413521230009986,0.09608031285224375,0.087379713713326,0,forward
12.256,65.04126827741098,102.4810211811739,495.37896,503.05312,0.08730978578794722,0.09432620743938444,0.08611539269719283,0,forward
12.288,71.11410473049521,115.78828967567995,495.47316,503.1536,0.08172092430299961,0.09180515081210748,0.08326046336326533,0,forward
12.32,67.61150113020099,128.0075638386579,495.57364,503.2478,0.07692027974718497,0.08882817659912298,0.07970846682301398,0,forward
12.352,67.73489687867031,146.48541668154294,495.66784,503.342,0.07064472509723357,0.0851914862987451,0.0752220439342531,0,forward
12.384,70.09732887777618,133.96480838855388,495.76204,503.4362,0.07477865224894584,0.08310891948878524,0.07382392669919327,1,start_turn_right
12.416,92.92540437757668,143.7710093255743,495.6804,503.51784,0.07150166613728275,0.08078746881848474,0.07382392669919327,1,forward
12.448,94.17918018281962,147.1174767858441,495.60504,503.59947999999997,0.07044812326392162,0.07871959970757211,0.07382392669919327,1,forward
12.48,99.49110934252639,141.5730287357815,495.5234,503.68112,0.07221095496726486,0.07741787075951068,0.07382392669919327,1,forward
12.512,116.36187090636868,137.41892621775978,495.44176,503.75648,0.07359064952779187,0.07665242651316692,0.07382392669919327,1,forward
12.544,117.17734088682205,139.2220627540304,495.3664,503.83812,0.0729853546627384,0.07591901214308122,0.07382392669919327,1,forward
12.576,115.77105320397716,122.13602375913331,495.28476,503.91976,0.07915461926304493,0.07656613356707397,0.07382392669919327,1,forward
12.608,119.90306831111059,120.22032510333175,495.20312,504.0014,0.07991196693813456,0.07723530024128608,0.07382392669919327,1,forward
12.64,134.37056673698623,123.68899524094067,495.12148,504.07676,0.07463711200442265,0.0767156625939134,0.07382392669919327,1,forward
12.672,133.050333699277,114.19471186176666,495.04612,504.1584,0.07509962421642664,0.07639245491841605,0.07382392669919327,1,forward
12.704,141.78942161088145,110.71699926463779,494.96448,504.24004,0.0721405010382831,0.07554206414238945,0.07382392669919327,1,forward
12.736,138.93711933656797,109.61423649809615,494.88284,504.3154,0.07308034402062036,0.07504972011803564,0.07382392669919327,1,forward
12.768,146.47520876701134,97.15376704952288,494.8012,504.39704,0.07064790926613147,0.07416935794765481,0.07382392669919327,1,forward
12.8,139.81334246726516,76.95529580858316,494.72584,504.47868,0.0727890300943981,0.07389329237700347,0.07382392669919327,1,forward
12.832,133.60414367282434,66.8390438978862,494.6442,504.56032,0.07490491394449288,0.07409561669050135,0.07382392669919327,1,forward
12.864,137.11339233325754,68.19415579960045,494.56256,504.63568,0.07369421032969192,0.07401533541833948,0.07382392669919327,1,forward
12.896,128.51336491957147,59.81654208719058,494.4872,504.71732,0.07610311563494128,0.07443289146165984,0.07382392669919327,1,forward
12.928,133.31721461371032,66.44862409537112,494.40556,504.79896,0.07233503559505082,0.07401332028833804,0.07382392669919327,1,forward
12.96,128.71060284850427,67.05210937517543,494.32392,504.8806,0.07099138078518566,0.07340893238770757,0.07382392669919327,1,forward
12.992,113.9177787688502,67.39656639468167,494.24228,504.95596,0.07164611273254953,0.07305636845667597,0.07382392669919327,1,forward
13.024000000000001,111.83881941310254,68.86305881911777,494.16692,505.0376,0.07266080432785758,0.0729772556309123,0.07382392669919327,1,forward
13.056000000000001,114.13899952590945,67.6214696848577,494.08528,505.11924,0.07115314045251751,0.07261243259523334,0.07382392669919327,1,forward
13.088000000000001,100.05963400375872,65.2787693459122,494.00364,505.20088,0.07022748419537829,0.07213544291526233,0.07382392669919327,1,forward
13.120000000000001,91.71484376957788,73.90269415266494,493.922,505.27624,0.07310298477885137,0.07232895128798014,0.07382392669919327,1,forward
13.152000000000001,68.62163862185658,73.33034678604378,493.84664,505.35788,0.07073850895176609,0.07201086282073733,0.07382392669919327,1,forward
13.184000000000001,70.71050185152005,69.09362147753876,493.765,505.43952,0.07235019069737611,0.07207872839606509,0.07382392669919327,1,forward
13.216000000000001,65.98847841823088,69.22132539735117,493.68336,505.51488,0.07120076964631943,0.07190313664611597,0.07382392669919327,1,forward
13.248000000000001,62.51832390884837,59.369735731661514,493.60172,505.59652,0.0735605284936069,0.07223461501561416,0.07382392669919327,1,forward
13.280000000000001,69.8237780129159,69.59626834602344,493.52636,505.67816,0.07804364957708844,0.07339642192790902,0.07382392669919327,1,forward
13.312000000000001,66.50331027905028,70.74853274837628,493.44472,505.7598,0.08073619025384954,0.07486437559309712,0.07382392669919327,1,forward
13.344,71.77565742645271,66.01693517122769,493.36308,505.83516,0.07818300129176811,0.07552810073283132,0.07382392669919327,1,forward
13.376,72.45093065159118,61.04604978096225,493.28772,505.9168,0.08442809627151523,0.0773080998405681,0.07382392669919327,1,forward
13.408,67.12527302348366,66.47888860194708,493.20608,505.99844,0.08770994163578276,0.07938846819961104,0.07382392669919327,1,forward
13.44,68.14668203102015,66.35460709337676,493.12444,506.08008,0.09690272330693372,0.08289131922107558,0.07382392669919327,1,forward
13.472,66.49054290246737,67.22725473291304,493.0428,506.15544,0.10465573761792876,0.08724420290044622,0.07382392669919327,1,forward
13.504,65.9087487992576,62.10366317495114,492.96744,506.23708,0.10812192096801382,0.09141974651395975,0.10812192096801382,0,normal_exit
13.536,60.095369776970145,65.44277953526068,493.06164,506.33128,0.10486575357669212,0.09410894792650622,0.10492825675552804,0,forward
13.568,66.11577476175367,68.46030424674457,493.15584,506.43176,0.10777291668086318,0.09684174167737761,0.10552465299950678,0,forward
13.6,71.2692669679917,63.49567385503132,493.25004,506.52596,0.10548292753191482,0.09856997884828506,0.1043942615681346,0,forward
13.632,72.08946758338259,70.83222311911281,493.35052,506.62016,0.10520123618177603,0.09989623031498326,0.10347537570111619,0,forward
13.664,65.21235364261173,65.00857793022014,493.44472,506.71436,0.11018346303633558,0.10195367685925374,0.10472997781181065,0,forward
13.696,66.80794100064286,64.21750322123539,493.53892,506.81484,0.10673848112176348,0.10291063771175571,0.10418614787310716,0,forward
13.728,67.0104657353817,69.72702246456319,493.6394,506.90904,0.10686113793378092,0.10370073775616076,0.10387213892208212,0,forward
13.76,64.34683153052933,70.09617684347124,493.7336,507.00324,0.10659831806832565,0.10428025381859375,0.10361292181932537,0,forward
13.792,73.36619186420889,68.73194762693588,493.8278,507.10372,0.10432546968478211,0.10428929699183143,0.10258842810601973,0,forward
13.824,68.09460372579622,69.93256830212417,493.922,507.19792,0.1067146396622709,0.10477436552591933,0.10282815035937877,0,forward
13.856,66.90906430526735,68.5362131908958,494.02248,507.29212,0.10643800062733579,0.10510709254620262,0.1028411124977103,0,forward
13.888,60.49759931296574,62.776267948811764,494.11668,507.38632,0.10880049656964495,0.1058457733508911,0.10373700262039522,0,forward
13.92,56.39035895704523,63.3709121794608,494.21088,507.4868,0.10609133087149687,0.10589488485501226,0.10329991811064938,0,forward
13.952,68.81042550145136,70.39928887329545,494.30508,507.581,0.10638348172961956,0.10599260422993373,0.10316537703936347,0,forward
13.984,69.5314417447669,62.822275253631055,494.40556,507.6752,0.10700090772421077,0.10619426492878914,0.10325891566228923,0,forward
14.016,72.37545014382782,62.75583226364553,494.49976,507.7694,0.10500379152217457,0.10595617024746623,0.10264476404357334,0,forward
14.048,71.3193547358359,67.66233392044956,494.59396,507.86988,0.10573663909637881,0.10591226401724875,0.102471875173668,0,forward
14.08,69.75167757340834,73.91670020606125,494.69444,507.96408,0.10395233251869,0.10552027771753701,0.10172168280954029,0,forward
14.112,68.46280672069699,72.06267900442026,494.78864,508.05828,0.10521976927379335,0.10546017602878828,0.10173563018395476,0,forward
14.144,67.01778668529087,63.74452435018903,494.88284,508.15876,0.10883036917328862,0.10613421465768835,0.10299679651947764,0,forward
14.176,65.06460184516038,65.00354415543642,494.97704,508.25296,0.10715738035738222,0.10633884779762713,0.10324808840865439,0,forward
14.208,66.12073579134359,71.62403097367654,495.07752,508.34716,0.10552416986445745,0.1061759122109932,0.10278293406368229,0,forward
14.24,63.72338120793519,66.38640982674718,495.17172,508.44136,0.10929976367981489,0.10680068250475755,0.10387836880540607,0,forward
14.272,69.91142015050876,63.63348523860328,495.26592,508.54184,0.10541514215956498,0.10652357443571904,0.1031483517260866,0,forward
14.304,71.44747498270529,67.05897198776562,495.3664,508.63604,0.10564718891369525,0.10634829733131429,0.10276300129660418,0,forward
14.336,75.8918418732544,61.146239389218835,495.4606,508.73024,0.10263526177982148,0.10560569022101574,0.10147796884039774,0,forward
14.368,69.66046871159459,67.14377472441065,495.5548,508.82444,0.10690865889798218,0.10586628395640904,0.10218428585381983,0,forward
14.4,63.047223707713044,69.87878864502139,495.649,508.92492,0.10675293111619022,0.10604361338836528,0.10254045983369918,0,forward
14.432,68.65603253366942,67.68962993147261,495.74948,509.01912,0.10763101723689637,0.1063610941580715,0.10308361278858932,0,forward
14.464,69.35106493963814,66.78923569647523,495.84368,509.11332,0.10713013667807843,0.10651490266207289,0.1032940417946109,0,forward
14.496,70.22821747993385,65.55725961536591,495.93788,509.2138,0.10539555092492993,0.1062910323146443,0.10276634558011717,0,forward
14.528,67.4486114022856,70.01744989729198,496.03208,509.308,0.10590390494475313,0.10621360684066608,0.10265113116469475,0,forward
14.56,68.71784083148148,64.58115487489871,496.13256,509.4022,0.10758628494432139,0.10648814246139715,0.10313860959507322,0,forward
14.592,61.171934642159805,70.24007012783882,496.22676,509.4964,0.10649622292099338,0.10648975855331641,0.10310223117697664,0,forward
14.624,68.93216565199904,64.58223471423823,496.32096,509.59688,0.10474005530141996,0.10613981790293713,0.10240841629926237,0,forward
14.656,64.07096715927933,61.858199498046865,496.42144,509.69108,0.1031160267484276,0.10553505967203523,0.10138134533113133,0,forward
14.688,66.46144646945062,60.508219430114714,496.51564,509.78528,0.10755244435556344,0.10593853660874088,0.10235291946119389,0,forward
14.72,68.90096840279102,66.28616645393228,496.60984,509.87948,0.10745396871240291,0.10624162302947329,0.10294114016026222,0,forward
14.752,63.758848111018764,64.49770309339947,496.70404,509.97996,0.10854787878335558,0.10670287418024976,0.10366921894436999,0,forward
14.784,75.7344040087599,67.8603922745065,496.80452,510.07416,0.10273901969085789,0.10591010328237138,0.10205539025286145,0,forward
14.816,62.64222731913523,67.66554753088663,496.89872,510.16836,0.10835296565472283,0.10639867575684167,0.1030722755025004,0,forward
14.848,70.44701816875214,61.88173302992541,496.99292,510.26884,0.10634973158493082,0.10638888692245951,0.10296587118492176,0,forward
14.88,66.57953567663638,73.26928899800123,497.08712,510.36304,0.10439142834549624,0.10598939520706686,0.10223731902089911,0,forward
14.912,67.46607515142267,63.54762433780029,497.1876,510.45724,0.10615813121200171,0.10602314240805384,0.10236140189913387,0,forward
14.944,67.29863003782216,70.47623796014985,497.2818,510.55144,0.10526453631150683,0.10587142118874444,0.10216220297008251,0,forward
14.976,64.39190998513877,66.1623142329238,497.376,510.65192,0.10839157607273657,0.10637545216554288,0.10311334526952183,0,forward
15.008000000000001,67.11286393222191,64.25923187378176,497.47648,510.74612,0.10876003343508796,0.10685236841945189,0.10385573627961835,0,forward
15.040000000000001,63.478018319874884,66.14051414858992,497.57068,510.84032,0.10834148275495355,0.10715019128655223,0.10422352010169823,0,forward
15.072000000000001,72.1663074732002,64.31770547412026,497.66488,510.9408,0.10514811238892649,0.10674977550702709,0.10327418451949631,0,forward
15.104000000000001,64.79011062709178,64.45743871319262,497.75908,511.035,0.10839753250181858,0.1070793269059854,0.1038703939077761,0,forward
15.136000000000001,68.3484583228814,62.67766458424081,497.85956,511.1292,0.10643032304380844,0.10694952613355001,0.1035069301303333,0,forward
15.168000000000001,66.8966557162706,70.37141659329724,497.95376,511.2234,0.1064032005715187,0.10684026102114375,0.1033052721316472,0,forward
15.200000000000001,68.56112442298104,74.96703860670424,498.04796,511.32388,0.1032477625168208,0.10612176132027916,0.10200409110901856,0,forward
15.232000000000001,71.0155872755127,64.02773324193996,498.14216,511.41808,0.1059493280704171,0.10608727467030676,0.10217823330634626,0,forward
15.264000000000001,63.33705743558168,73.90375735186615,498.24264,511.51228,0.10396107460469349,0.10566203465718411,0.10153637192888981,0,forward
15.296000000000001,69.58697522284234,65.1624319923705,498.33684,511.60648,0.10696118412826063,0.10592186455139942,0.1022405831548593,0,forward
15.328000000000001,63.876496461643214,71.29616259311804,498.43104,511.70696,0.1057528474336056,0.10588806112784066,0.10221830065099043,0,forward
15.36,70.0740588069769,68.48533552911638,498.53152,511.80116,0.10372806669790963,0.10545606224185446,0.10147860799766797,0,forward
15.392,68.83047389346879,62.86464072147889,498.62572,511.89536,0.10750486497444484,0.10586582278837255,0.10239829136777677,0,forward
15.424,73.80903312250624,66.89689514093884,498.71992,511.99584,0.1040250996653511,0.10549767816376827,0.10170052998670231,0,forward
15.456,67.74570049309963,69.24929828897663,498.81412,512.09004,0.10492488007074764,0.10538311854516416,0.10161640900346781,0,forward
15.488,64.96585612622034,67.99013565364936,498.9146,512.18424,0.10811531410070337,0.10592955765627202,0.1026641131801872,0,forward
15.52,72.52851004456346,64.81977912271674,499.0088,512.27844,0.10489842191027346,0.1057233305070723,0.10222530238778357,0,forward
15.552,67.84392583506677,63.39091362578737,499.103,512.37892,0.10822223442476389,0.10622311129061063,0.10309317091598404,0,forward
15.584,63.7625406629631,66.76889124702653,499.20348,512.47312,0.10510820429055219,0.10600012989059894,0.10253449410741063,0,forward
15.616,68.52060955881016,63.72325508410869,499.29768,512.56732,0.10772915656304542,0.10634593522508826,0.10315625244556922,0,forward
15.648,67.80823960005232,68.08519042079351,499.39188,512.66152,0.10423462674387345,0.1059236735288453,0.10230331939313911,0,forward
15.68,66.29490482650284,62.913164645032396,499.48608,512.762,0.10495559756022527,0.10573005833512131,0.10197294035510729,0,forward
15.712,66.3198068300687,63.61086440750154,499.58656,512.8562,0.1076168718037758,0.1061074210288522,0.10271434375050828,0,forward
15.744,62.040327430892496,63.17004851643008,499.68076,512.9504,0.10827449270269457,0.10654083536362068,0.10346704039260488,0,forward
15.776,66.94536001144472,64.39045317518493,499.77496,513.05088,0.1064226571634498,0.1065171997235865,0.1032453347054891,0,forward
15.808,69.88726239609316,66.16649044729517,499.86916,513.14508,0.10674689592847646,0.1065631389645645,0.10326052671112945,0,forward
15.84,65.10492746848378,63.69479840329251,499.96964,513.23928,0.10934554514679523,0.10711962020101065,0.10415995285842822,0,forward
15.872,66.10586898387123,67.33436548360552,500.06384,513.33348,0.10859652429005359,0.10741500101881923,0.10451011934886878,0,forward
15.904,65.92409900540385,69.456206331402,500.15803999999997,513.43396,0.10630908493484455,0.1071938178020243,0.10387403461950873,0,forward
15.936,69.82730823741015,69.30566888793615,500.25852,513.52816,0.10441991597145096,0.10663903743590963,0.10278902297808984,0,forward
15.968,69.99413590350225,67.18687093594026,500.35272,513.62236,0.10667083685387205,0.10664539731950212,0.10294044337491472,0,forward
16.0,69.25267282943406,67.44019894990355,500.44692,513.71656,0.10720076027237918,0.10675646991007753,0.10322746534433422,0,forward
16.032,67.07796801641238,68.38557510328931,500.54112,513.81704,0.10409508726407768,0.10622419338087757,0.10225771969674355,0,forward
16.064,64.52296030635078,64.38475812376215,500.6416,513.91124,0.10851900888133803,0.10668315648096968,0.10322029617412667,0,forward
16.096,62.07322438609754,69.361038942033,500.7358,514.00544,0.10712298276265739,0.10677112173730724,0.10337919437828962,0,forward
16.128,67.8586260073546,69.90260642100468,500.83,514.10592,0.10673596932039767,0.10676409125392533,0.10330120664259462,0,forward
16.16,67.3137961120213,69.61422529795743,500.9242,514.20012,0.10651828753061321,0.10671493050926292,0.10321448141485977,0,forward
16.192,62.79523953342881,67.31639421561444,501.02468,514.29432,0.10784650676311103,0.10694124576003256,0.10359336179016752,0,forward
16.224,66.6917522155399,61.4956798683465,501.11888,514.38852,0.10849547618255022,0.1072520918445361,0.10411031257022478,0,forward
16.256,64.23442515059956,70.07864255890145,501.21308,514.489,0.10452971858026584,0.10670761719168206,0.10297999018021488,0,forward
16.288,71.15480958472907,69.83759913353992,501.31356,514.5832,0.10369068065073285,0.10610422988349222,0.10195402265304764,0,forward
16.32,69.75052645802518,60.42584015422127,501.40776,514.6774,0.10684436561553441,0.10625225702990067,0.1024667562292409,0,forward
16.352,62.776859555302266,64.05804938867247,501.50196,514.77788,0.10771892988964459,0.10654559160184945,0.10306780943158754,0,forward
16.384,64.29219926767102,63.02727918281358,501.59616,514.87208,0.10952177566900965,0.1071408284152815,0.10414072288186585,0,forward
16.416,66.95646580086878,62.4300370984559,501.69664,514.96628,0.10426079445875569,0.10656482162397635,0.10290316166536922,0,forward
16.448,72.23251634493374,67.03661202602287,501.79084,515.06048,0.10510238143700287,0.10627233358658165,0.10245177998799423,0,forward
16.48,66.68328652664778,66.29792801315014,501.88504,515.16096,0.1045441775557516,0.10592670238041564,0.1019208194872384,0,forward
16.512,66.48747003998362,62.37801411215051,501.97924,515.25516,0.10922435888634581,0.10658623368160168,0.10329809895353077,0,forward
16.544,66.42667036449849,67.94569762151396,502.07972,515.34936,0.10745365200891373,0.10675971734706409,0.10350627952326354,0,forward
16.576,63.86369967380259,69.08944935921761,502.17392,515.44356,0.10679033900968471,0.10676584167958822,0.10344354988540061,0,forward
16.608,66.60969779417823,64.54707973979309,502.26812,515.54404,0.10690141872291617,0.10679295708825381,0.10340177980296515,0,forward
16.64,62.13650721841604,61.62833593397139,502.3686,515.63824,0.10372524957988612,0.10617941558658028,0.10223708753125145,0,forward
16.672,64.44421045213554,67.98485987283068,502.4628,515.73244,0.10792978212000805,0.10652948889326584,0.10303726965095296,0,forward
16.704,67.1375202724098,63.0152564093441,502.557,515.83292,0.10874180814232608,0.1069719527430779,0.10380038597816799,0,forward
16.736,66.29667450441762,61.820515294498335,502.6512,515.92712,0.10563035916552903,0.10670363402756813,0.10321671891696695,0,forward
16.768,71.82352751780789,64.80815775927462,502.75168,516.02132,0.1053855108071001,0.10644000938347453,0.1027131272604691,0,forward
16.8,60.071300646420724,69.89718047175158,502.84588,516.11552,0.1067398329284468,0.106499974092469,0.10291645623860579,0,forward
16.832,75.091625485515,68.95661662787383,502.94008,516.216,0.10316482240683165,0.10583294375534155,0.10172485753058026,0,forward
16.864,71.42876765511701,68.18770144078607,503.03428,516.3102,0.10566024044018123,0.10579840309230949,0.10189546943926127,0,forward
16.896,70.99407152865253,67.80806701542481,503.13475999999997,516.4044,0.10596442521230943,0.10583160751630949,0.10207262587710023,0,forward
16.928,68.13630107519596,64.91453847925723,503.22896,516.4986,0.10580214509256329,0.10582571503156026,0.10216948555907202,0,forward
16.96,76.52479727740473,66.85480114925282,503.32316,516.59908,0.10222022502698806,0.10510461703064583,0.1009070855897268,0,forward
16.992,69.7849391449129,69.70776802252868,503.42364,516.69328,0.10681981840991657,0.10544765730649999,0.10174478911116608,0,forward
17.024,65.58520361702303,68.76206577910199,503.51784,516.78748,0.10595933374536805,0.10554999259427361,0.10201541282079885,0,forward
17.056,70.08431598416698,67.78600093478579,503.61204,516.88796,0.10660674231735119,0.10576134253888914,0.10237971359918802,0,forward
17.088,70.68123913765497,68.1442252412393,503.70624,516.98216,0.10618442011472436,0.1058459580540562,0.10250350970054099,0,forward
17.12,68.6130540400232,68.79592327740367,503.80672,517.07636,0.10590716070673387,0.10585819858459172,0.10244231566963218,0,forward
17.152,71.81131430694883,66.70781904652323,503.90092,517.17056,0.10539398906493516,0.10576535668066042,0.10226050619863111,0,forward
17.184,65.18057534895058,71.96054205230956,503.99512,517.27104,0.1042068962476743,0.1054536645940632,0.10167723739909341,0,forward
17.216,62.46952746789104,64.29659706284076,504.0956,517.36524,0.10858793578693396,0.10608051883263736,0.10287246963923953,0,forward
17.248,65.24125080452488,64.8793901955583,504.1898,517.45944,0.11016154096286213,0.10689672325868232,0.10424456580797344,0,forward
17.28,69.27940228812741,58.648545002076034,504.284,517.55364,0.1064759353917691,0.10681256568529968,0.10380470204416335,0,forward
17.312,68.70262621635644,65.6743311060798,504.3782,517.65412,0.10693216932549758,0.10683648641333926,0.10364456310325205,0,forward
17.344,72.20487948422827,65.46155186869478,504.47868,517.74832,0.1051214655812526,0.10649348224692194,0.10289309682760385,0,forward
17.376,70.8148107333055,66.85697340019904,504.57288,517.84252,0.1060903761520725,0.10641286102795205,0.10279927753983938,0,forward
17.408,62.16286850324258,68.2275807843796,504.66708,517.943,0.10524602926596263,0.10617949467555418,0.10239526709860111,0,forward
17.44,62.570283197200844,66.53123893913707,504.76128,518.0372,0.10750252869399844,0.10644410147924305,0.1029857134169992,0,forward
17.472,72.95920645181378,70.85976253536978,504.86176,518.1314,0.10460305313521893,0.10607589181043822,0.10228455984569859,0,forward
17.504,66.13948831340156,67.59669142476987,504.95596,518.2256,0.10840351396464203,0.106541416241279,0.10323745266865916,0,forward
17.536,68.24797943142971,64.55540959883986,505.05016,518.32608,0.10425727140028411,0.10608458727308004,0.10232223268097813,0,forward
17.568,72.72810192657457,70.3492031021673,505.15064,518.42028,0.1047613359831588,0.1058199370150958,0.10191548213396735,0,forward
17.6,60.18526378741432,70.85789245158306,505.24484,518.51448,0.10606007905840992,0.10586796542375863,0.10216104654710993,0,forward
17.632,68.99572051542386,69.99997166146699,505.33904,518.60868,0.10666668681851618,0.10602770970271015,0.10253595747221828,0,forward
17.664,67.25076472756412,66.66728903174959,505.43324,518.70916,0.10727876363891713,0.10627792048995155,0.10295452591429016,0,forward
17.696,65.01326887505009,70.79385137014839,505.53372,518.80336,0.1061051220233467,0.10624336079663059,0.10280267305098431,0,forward
17.728,65.38040023839685,63.02288054956819,505.62792,518.89756,0.10554010593291609,0.1061027098238877,0.10254411029437539,0,forward
17.76,66.17705998364737,66.50199152571923,505.72212,518.99804,0.10658462250072798,0.10619909235925576,0.10271107660914221,0,forward
17.792,60.014195151013794,66.73884873522049,505.81632,519.09224,0.10704135025347387,0.10636754393809938,0.10302316111266417,0,forward
17.824,67.37234078879757,66.0438875411231,505.9168,519.18644,0.10856854084261267,0.10680774331900206,0.10372925760884691,0,forward
17.856,66.18693826174223,71.39839643739897,506.011,519.28064,0.10568143637251645,0.10658248192970493,0.10318937162039296,0,forward
17.888,65.18909128079989,67.4621215502541,506.1052,519.38112,0.10734448809418876,0.10673488316260171,0.10339739578146705,0,forward
17.92,70.98999269125869,62.7115357042595,506.20568,519.47532,0.10596728773089273,0.10658136407625993,0.10303750125733625,0,forward
17.952,61.93574611227628,64.75696206076174,506.29988,519.56952,0.10341236413332888,0.10594756408767372,0.1019325299126364,0,forward
17.984,61.62817235583312,65.75719353995053,506.39408,519.67,0.10719330382777814,0.10619671203569461,0.10253666422134254,0,forward
18.016000000000002,67.42896202997363,67.81415796535893,506.48828,519.7642,0.10824402899044143,0.10660617542664398,0.10334210204419754,0,forward
18.048000000000002,67.2059857031072,70.71065940113972,506.58876,519.8584,0.10616369182894707,0.1065176787071046,0.1030723801747968,0,forward
18.080000000000002,67.2282172773354,70.10022586911961,506.68296,519.9526,0.10609228027571997,0.10643259902082769,0.1029150134375259,0,forward
18.112000000000002,65.72078316515055,66.35859772836609,506.77716,520.05308,0.10442942115189459,0.10603196344704108,0.10217698369670193,0,forward
18.144000000000002,60.89549933782821,69.69009791974453,506.87136,520.14728,0.10688749771931011,0.10620307030149488,0.10262529219396932,0,forward
18.176000000000002,68.65596055458767,67.77110515079637,506.97184,520.24148,0.1074455721435567,0.10645157066990726,0.10307161620519811,0,forward
18.208000000000002,66.19189298868014,63.831984530233136,507.06604,520.33568,0.10709902760828821,0.10658106205758347,0.10327519801828088,0,forward
18.240000000000002,64.95587851227296,65.96237479456273,507.16024,520.43616,0.1069571111887142,0.10665627188380963,0.10331369351401579,0,forward
18.272000000000002,66.81760121832204,72.97849988871207,507.26072,520.53036,0.10458986074278144,0.106242989655604,0.1024903123158646,0,forward
18.304000000000002,70.23790397289243,71.93353618884885,507.35492,520.62456,0.1053092055996938,0.10605623284442196,0.10226093336484958,0,forward
18.336000000000002,69.79944290846692,67.19992700647278,507.44912,520.72504,0.10680947598567907,0.10620688147267339,0.10260990542113597,0,forward
18.368000000000002,66.19434490922633,69.29748278556018,507.54332,520.81924,0.10663369960272868,0.10629224509868446,0.10281219133723676,0,forward
18.400000000000002,69.56644810654713,67.27030106905463,507.6438,520.91344,0.10697586392238205,0.10642896886342398,0.10302328078996763,0,forward
18.432000000000002,71.04236834491758,68.05977964349884,507.738,521.00764,0.10593054237247324,0.10632928356523384,0.10282556045085688,0,forward
18.464,66.70500039489447,62.85674199964585,507.8322,521.10812,0.10788362989333303,0.1066401528308537,0.10335707434785996,0,forward
18.496,66.04537141616268,59.559454440836404,507.93268,521.20232,0.10823991123855778,0.10696010451239452,0.10382580985676605,0,forward
18.528,64.78326723475547,65.45839401945294,508.02688,521.29652,0.10742345405585847,0.10705277442108732,0.10387542431589569,0,forward
18.56,70.16352830342773,70.15449154509344,508.12108,521.39072,0.10536551392075519,0.1067153223210209,0.1031699913885162,0,forward
18.592,64.84017586782143,68.0633409492056,508.21528,521.4912,0.10306116975279589,0.10598449180737592,0.10185042744599544,0,forward
18.624,64.46706946516817,69.12756868779073,508.31576,521.5854,0.10653273552630323,0.10609414055116138,0.10224732199067736,0,forward
18.656,63.84898849449715,66.10321272394725,508.40996,521.6796,0.10873237981172537,0.10662178840327419,0.10333137423613727,0,forward
18.688,65.8440528919235,71.29291514812397,508.50416,521.78008,0.10575511737833283,0.10644845419828593,0.10291912079554354,0,forward
18.72,71.39538704806183,71.0892455778984,508.59836,521.87428,0.10568353707448601,0.10629547077352595,0.1026702250451644,0,forward
18.752,66.09902691941728,69.41415417409318,508.69884,521.96848,0.1070760433039077,0.10645158527960231,0.10296806501838236,0,forward
18.784,67.28732118955946,70.49522066225786,508.79304,522.06268,0.10631566856137764,0.1064244019359574,0.10292810051978357,0,forward
18.816,73.8171877563979,71.40507820908121,508.88724,522.16316,0.1036504922982799,0.1058696200084219,0.10190632507477294,0,forward
18.848,69.22293702766716,62.88913423096275,508.98772,522.25736,0.10722212227355818,0.10614012046144916,0.10253017189134249,0,forward
18.88,60.91726368406497,68.83242545717397,509.08192,522.35156,0.1075034553179673,0.1064127874327528,0.10307261951663067,0,forward
18.912,70.88920585678359,63.177513396771225,509.17612,522.44576,0.10603806885421872,0.106337843717046,0.10289574538123017,0,forward
18.944,66.67563530779991,64.44041573345403,509.27032,522.54624,0.10571356084587678,0.10621298714281216,0.10262467133308248,0,forward
18.976,71.2704467909781,66.45658599082279,509.3708,522.64044,0.10577082529615596,0.10612455477348093,0.10247122703735377,0,forward
19.008,63.70010737314727,62.79725745149859,509.465,522.73464,0.11077994119091832,0.10705563205696841,0.10420861796809627,0,forward
19.04,59.7288003907935,65.6579454152595,509.5592,522.83512,0.10435645802559193,0.10651579725069313,0.10298100501997044,0,forward
19.072,61.878172857256764,69.04751022798924,509.6534,522.92932,0.1055556537979875,0.10632376856015201,0.10266412362594052,0,forward
19.104,63.451729146175126,68.88553130809424,509.75388,523.02352,0.1074651100038097,0.10655203684888356,0.10310353556905866,0,forward
19.136,69.26826793937089,67.81142706164665,509.84808,523.11772,0.10565587895471687,0.10637280527005022,0.10277866309937561,0,forward
19.168,82.0270311039842,79.95255683460292,509.94228,523.2182,0.09874895497981241,0.10484803521200266,0.10005441189488522,0,forward
19.2,91.38076678251771,92.54202893253742,510.04276,523.3124,0.09273102964528067,0.10242463409865826,0.0961501770018561,0,forward
19.232,98.9239531074801,103.0199570798345,510.13696,523.4066,0.08742216015830828,0.09942413931058827,0.09178403009342305,0,forward
19.264,110.24646554935353,111.04907711065881,510.23116,523.50708,0.08374811457860398,0.09628893436419142,0.08762452476461381,0,forward
19.296,109.34895559529949,116.90266705217748,510.32536,523.60128,0.08125842193777975,0.0932828318789091,0.08410455143116619,0,forward
19.328,108.95499331126773,109.00334745646255,510.42584,523.69548,0.08465458530402825,0.09155718256393293,0.0830210274617993,0,forward
19.36,117.65398885796134,125.64970903782002,510.52004,523.78968,0.07780220100898622,0.08880618625294359,0.07991207457364814,0,forward
19.392,131.1605587557043,126.81813157133763,510.61424,523.89016,0.07577172599979103,0.08619929420231308,0.07714818558891452,0,forward
19.424,132.07021757075438,137.48936541533988,510.70844,523.98436,0.07356681541391585,0.08367279844463364,0.07462586380700843,1,start_turn_left
19.456,142.18775734022256,149.7450861630673,510.79008,523.90272,0.06964240353172822,0.08086671946205255,0.07462586380700843,1,forward
19.488,123.09479661114659,156.3344040707265,510.87172,523.82108,0.06770068057975923,0.07823351168559389,0.07462586380700843,1,forward
19.52,112.33796555090036,154.32544754692762,510.95336,523.74572,0.06828110291689822,0.07624302993185476,0.07462586380700843,1,forward
19.552,116.17069761766281,165.87585793838605,511.02872,523.66408,0.06507348925655577,0.07400912179679497,0.07462586380700843,1,forward
19.584,108.62386784999246,147.88580905984682,511.11036,523.58244,0.07021060269618684,0.07324941797667335,0.07462586380700843,1,forward
19.616,97.30967361846507,156.99872776810028,511.192,523.50708,0.06751091092630573,0.07210171656659983,0.07462586380700843,1,forward
19.648,80.7506405263744,161.46892529006226,511.27364,523.42544,0.06626111405755483,0.07093359606479084,0.07462586380700843,1,forward
19.68,65.92956028161336,151.631348160012,511.349,523.3438,0.06907527900302651,0.07056193265243799,0.07462586380700843,1,forward
19.712,64.14523682139956,153.76766979545934,511.43064,523.26216,0.06844402399185305,0.070138350920321,0.07462586380700843,1,forward
19.744,68.00376491493395,142.817035346756,511.51228,523.1868,0.06772839003016695,0.06965635874229019,0.07462586380700843,1,forward
19.776,83.72663729757117,130.31376317696203,511.58764,523.10516,0.06839915856658015,0.06940491870714818,0.07462586380700843,1,forward
19.808,103.08450601031727,133.75087084661808,511.66928,523.02352,0.0668753943422616,0.06889901383417087,0.07462586380700843,1,forward
19.84,107.66077680349326,131.50027239450512,511.75092,522.94188,0.06390656608698865,0.06790052428473442,0.07462586380700843,1,forward
19.872,114.27432369280427,115.93209923277584,511.83256,522.86652,0.06333148731548176,0.0669867168908839,0.07462586380700843,1,forward
19.904,111.21193788655381,117.96450012535875,511.90792,522.78488,0.06128089770003676,0.06584555305271447,0.07462586380700843,1,forward
19.936,114.15036452680883,114.44268480876947,511.98956,522.70324,0.06471888906585811,0.0656202202553432,0.07462586380700843,1,forward
19.968,132.63098467084237,101.29603750179653,512.0712,522.62788,0.0641441661108797,0.0653250094264505,0.07462586380700843,1,forward
20.0,126.11723818076094,76.69153659354328,512.15284,522.54624,0.0667968865732453,0.06561938485580947,0.07462586380700843,1,forward
20.032,140.57630947615027,68.3115946790832,512.2282,522.4646,0.06734863476940864,0.0659652348385293,0.07462586380700843,1,forward
20.064,143.77357969516873,70.47052786174324,512.30984,522.38296,0.0713638309198707,0.06704495405479757,0.07462586380700843,1,forward
20.096,145.55484041969441,74.4190750733174,512.39148,522.3076,0.07093618549807434,0.06782320034345293,0.07462586380700843,1,forward
20.128,142.55099119375123,80.44574961705499,512.47312,522.22596,0.07189363621423064,0.06863728751760848,0.07462586380700843,1,forward
20.16,144.86574068278816,109.07659266609237,512.54848,522.14432,0.07115356902041718,0.06914054381817022,0.07462586380700843,1,forward
20.192,136.87003143764628,117.20116962747666,512.63012,522.06268,0.07377690635232036,0.07006781632500025,0.07462586380700843,1,forward
20.224,141.61047746613335,114.52393306948872,512.71176,521.98732,0.07219875243689744,0.0704940035473797,0.07462586380700843,1,forward
20.256,150.22902848112838,111.41595624708644,512.78712,521.90568,0.06949601492720325,0.07029440582334441,0.07462586380700843,1,forward
20.288,136.44612549919313,125.20795540585516,512.86876,521.82404,0.07392139712872636,0.07101980408442081,0.07462586380700843,1,forward
20.32,128.26458339484867,134.2530014283287,512.9504,521.74868,0.0746780670204626,0.07175145667162917,0.07462586380700843,1,forward
20.352,117.59779592928587,136.23715279839425,513.03204,521.66704,0.07399283514853428,0.0721997323670102,0.07462586380700843,1,forward
20.384,110.56460454827518,134.73700982666776,513.1074,521.5854,0.0745097457253174,0.07266173503867165,0.07462586380700843,1,forward
20.416,114.76955710615077,148.31257511424127,513.18904,521.5037599999999,0.07007936374943012,0.07214526078082335,0.07462586380700843,1,forward
20.448,102.99815132240714,148.10962583652915,513.27068,521.42212,0.07014171340347612,0.07174455130535391,0.07462586380700843,1,forward
20.48,90.39027646959086,146.48654356366845,513.35232,521.34676,0.07064437360492538,0.0715245157652682,0.07462586380700843,1,forward
20.512,75.0996853534974,153.18947322058048,513.42768,521.26512,0.06861373191089613,0.0709423589943938,0.07462586380700843,1,forward
20.544,61.22689448612101,145.12107128319772,513.50932,521.18348,0.0710728671856413,0.07096846063264331,0.07462586380700843,1,forward
20.576,63.51961804987103,142.9787010259718,513.59096,521.10812,0.07175573239228968,0.07112591498457259,0.07462586380700843,1,forward
20.608,71.65737499607134,140.07636271972518,513.66632,521.02648,0.07270203761217442,0.07144113951009295,0.07462586380700843,1,forward
20.64,69.009135085231,134.18602296864316,513.74796,520.94484,0.07470141972028867,0.0720931955521321,0.07462586380700843,1,forward
20.672,68.73691439263881,120.88001782044606,513.8296,520.8632,0.06963341679653712,0.07160123980101311,0.07462586380700843,1,forward
20.704,67.04381604469361,120.56399881048463,513.91124,520.78784,0.06662676182660086,0.07060634420613067,0.07462586380700843,1,forward
20.736,69.47574403468441,112.63396441498219,513.9866,520.7062,0.06869574239667481,0.0702242238442395,0.07462586380700843,1,forward
20.768,61.47042851446661,105.88861102249706,514.06824,520.62456,0.07022506266334727,0.07022439160806106,0.07462586380700843,1,forward
20.8,67.16722029792962,107.6489145199928,514.14988,520.54292,0.07060800512630663,0.07030111431171018,0.07462586380700843,1,forward
20.832,67.83929027866937,96.65577606944095,514.23152,520.46756,0.06782962524626286,0.06980681649862072,0.07462586380700843,1,forward
20.864,71.80596224745882,67.85169203182667,514.30688,520.38592,0.07138218962590787,0.07012189112407816,0.07462586380700843,1,forward
20.896,63.58973076905156,61.08573967422953,514.38852,520.30428,0.07079643892380726,0.07025680068402398,0.07462586380700843,1,forward
20.928,65.23961234646038,68.93692536163225,514.47016,520.22892,0.07222163044206834,0.07064976663563285,0.07462586380700843,1,forward
20.96,71.2796827648095,62.62283691361019,514.5518,520.14728,0.07529606660387417,0.07157902662928112,0.07462586380700843,1,forward
20.992,64.01827338579153,66.34463674571572,514.62716,520.06564,0.0796040260224011,0.07318402650790512,0.07462586380700843,1,forward
21.024,76.4520794692991,67.23156990801569,514.7088,519.984,0.07869995504489127,0.07428721221530235,0.07462586380700843,1,forward
21.056,61.39611912302179,68.80432417924223,514.79044,519.90864,0.08128616313837497,0.07568700239991688,0.07462586380700843,1,forward
21.088,65.64424778171204,61.22540448087864,514.8658,519.827,0.08743837186263816,0.07803727629246114,0.07462586380700843,1,forward
21.12,68.69009867902146,69.01648851462087,514.94744,519.74536,0.08702085927111114,0.07983399288819114,0.07462586380700843,1,forward
21.152,64.1490720593813,57.991302378468426,515.02908,519.66372,0.10094947931176355,0.08405709017290564,0.07462586380700843,1,forward
21.184,71.0761455233342,66.39219396058537,515.11072,519.58836,0.10590685872064924,0.08842704388245436,0.10590685872064924,0,normal_exit
21.216,68.76175827176303,71.68315339820066,515.20492,519.68256,0.10548303909529481,0.09183824292502245,0.10541194096441531,0,forward
21.248,64.04435210628398,65.19479155271087,515.29912,519.77676,0.1053578016057589,0.09454215466116975,0.1044859443402794,0,forward
21.28,71.37526639705153,70.96797011392356,515.39332,519.87724,0.10434727446820716,0.09650317862257723,0.10327737802039062,0,forward
21.312,69.82356648735554,67.27606230166361,515.4938,519.97144,0.10679227824516066,0.09856099854709392,0.1033987659671867,0,forward
21.344,70.1862560840307,70.2937461854374,515.588,520.06564,0.10554781330272464,0.09995836149822007,0.10297222113822438,0,forward
21.376,67.19785582669002,68.53620699914386,515.6822,520.15984,0.10771784417581245,0.10151025803373856,0.10346176630472738,0,forward
21.408,68.81963150652395,65.31480656815876,515.78268,520.26032,0.10565500856247344,0.10233920813948554,0.10293312281675893,0,forward
21.44,65.66695025292874,67.167863021706,515.87688,520.35452,0.10210272334186617,0.10229191117996167,0.10139715532334224,0,forward
21.472,69.0479470658988,61.52974016570701,515.97108,520.44872,0.10587642438922418,0.10300881382181418,0.10176453216551064,0,forward
21.504,70.94463303546299,72.06153461841255,516.06528,520.54292,0.10522056113763975,0.1034511632849793,0.10176407405932973,0,forward
21.536,70.35710778254153,65.44687242680754,516.16576,520.6434,0.10387507885412477,0.1035359463988084,0.10119868189271117,0,forward
21.568,69.05686628066508,66.0895696322484,516.25996,520.7376,0.09907429259457277,0.10264361563796129,0.09919833050944032,0,forward
21.6,66.4152931670072,66.3306559040231,516.35416,520.8318,0.10281248834458324,0.10267739017928568,0.09925390870717431,0,forward
21.632,64.3725385033014,60.070398879497326,516.45464,520.93228,0.10683518484839828,0.1035089491131082,0.10064810562816769,0,forward
21.664,68.82553413321443,66.44262375777474,516.54884,521.02648,0.10185572312208617,0.1031783039149038,0.0998414794987955,0,forward
21.696,64.7034709811035,64.5619361015127,516.64304,521.12068,0.10270240363326244,0.10308312385857554,0.0996271612915784,0,forward
21.728,64.39351141474698,66.79392498335433,516.73724,521.21488,0.10157123824009254,0.10278074673487894,0.09908437372347151,0,forward
21.76,66.57104935081531,66.19572473890777,516.83772,521.31536,0.10575679429919242,0.10337595624774165,0.10015293306160146,0,forward
21.792,73.32984271423982,64.880677335568,516.93192,521.40956,0.10435020160960534,0.1035708053201144,0.10041736773925948,0,forward
21.824,68.78809418484948,67.53522048608008,517.02612,521.5037599999999,0.0991314191376356,0.10268292808361863,0.09871739812232733,0,forward
21.856,65.21868234093257,67.81958251606031,517.12032,521.59796,0.10338540522497537,0.10282342351188999,0.09915047824064117,0,forward
21.888,65.09547921525522,65.55345149393777,517.2208,521.69844,0.10363776667741369,0.10298629214499473,0.09943619658072782,0,forward
21.92,65.07694283222354,66.54732188266739,517.315,521.79264,0.10074043490475,0.10253712069694579,0.09866418102908596,0,forward
21.952,66.29346461052218,66.64417464173253,517.4092,521.88684,0.10071902598667869,0.10217350175489237,0.0981610759837141,0,forward
21.984,71.28181029443553,67.25469728210805,517.50968,521.98732,0.10184638387142075,0.10210807817819806,0.09815947870353127,0,forward
22.016000000000002,69.33595534670735,72.19706395232187,517.60388,522.08152,0.09969496655027074,0.10162545585261261,0.09747031004023882,0,forward
22.048000000000002,66.45147244212156,65.85991815280644,517.69808,522.17572,0.10378364860543168,0.10205709440317642,0.09849284256274621,0,forward
22.080000000000002,62.95388846339369,69.20727713564463,517.79228,522.26992,0.09938637112155307,0.10152294974685176,0.09757368712499248,0,forward
22.112000000000002,66.83778876697147,71.67345153589196,517.89276,522.3704,0.10205428282316399,0.10162921636211422,0.09785700772169995,0,forward
22.144000000000002,67.15968855351372,67.04343459346346,517.98696,522.4646,0.09580667718778163,0.1004647085272477,0.09588319248040841,0,forward
22.176000000000002,69.39366397839387,65.4718806881052,518.08116,522.5588,0.09782055590325783,0.09993587800244974,0.09533799878396486,0,forward
22.208000000000002,62.85339150977758,67.033829021248,518.17536,522.65928,0.09721856649581727,0.09939241570112325,0.09473114863388826,0,forward
22.240000000000002,67.09047183193867,65.45125386831705,518.27584,522.75348,0.10001233573675192,0.09951639970824899,0.09534259612161379,0,forward
22.272000000000002,66.74789252975057,67.50518226232604,518.37004,522.84768,0.0966922036336241,0.09895156049332401,0.09458683442109272,0,forward
22.304000000000002,71.0789897081325,70.92150383912688,518.46424,522.94188,0.09385515496673204,0.09793227938800562,0.09308543591057655,0,forward
22.336000000000002,69.75414203800862,63.906447434324264,518.56472,523.04236,0.09705902346525037,0.09775762820345459,0.0931871170020417,0,forward
22.368000000000002,72.30630738353403,71.32332664845485,518.65892,523.13656,0.09666312572590358,0.09753872770794439,0.09319315463145084,0,forward
22.400000000000002,64.19179608855173,65.06339548588797,518.75312,523.23076,0.09729894394734755,0.09749077095582502,0.09342481592507786,0,forward
22.432000000000002,70.66530191133467,67.52248317839273,518.84732,523.32496,0.09743116798240893,0.0974788503611418,0.09362085306813384,0,forward
22.464000000000002,71.0787278743321,68.36463679477846,518.9478,523.42544,0.09462529578607891,0.09690813944612922,0.0926588155469121,0,forward
22.496000000000002,67.22879796512905,68.08629569762881,519.042,523.51964,0.09597962399900331,0.09672243635670404,0.0926092515041716,0,forward
22.528,64.7259991103141,72.98390819861494,519.1362,523.61384,0.09649344644352874,0.09667663837406898,0.09276152493504565,0,forward
22.56,69.21078219294087,68.0651383461284,519.2304,523.71432,0.09421726897229458,0.0961847644937141,0.09200247848783909,0,forward
22.592,68.87564272044807,69.45360449693001,519.33088,523.80852,0.09634425341752412,0.09621666227847611,0.0922773744536466,0,forward
22.624,67.04397875475291,64.70938752828758,519.42508,523.90272,0.09303717529120226,0.09558076488102135,0.09131031004746291,0,forward
22.656,74.33524730534381,62.063476930316966,519.51928,523.99692,0.09141601180621169,0.09474781426605942,0.09010890969509656,0,forward
22.688,66.55192415488655,65.09583019596904,519.61976,524.0974,0.08658317691517574,0.0931148867958827,0.08752390251062095,0,forward
22.72,68.46570021019124,66.05414993837273,519.71396,524.1916,0.09567152430644056,0.09362621429799428,0.08920358088481344,0,forward
22.752,68.54591922232585,66.03912584103237,519.80816,524.2858,0.08893109997916387,0.09268719143422821,0.08786669373027438,0,forward
22.784,65.91248168395924,61.59212262261276,519.90236,524.38,0.09576870304289577,0.09330349375596173,0.0894583795731985,0,forward
22.816,67.44258509327624,70.5384317611582,520.00284,524.48048,0.09202016594373591,0.09304682819351656,0.08905427220382461,0,forward
22.848,61.48497871813884,62.800460976399854,520.09704,524.57468,0.09488839853074792,0.09341514226096283,0.08990512331429126,0,forward
22.88,68.45250118375756,77.23119999738556,520.19124,524.66888,0.09444744133614215,0.09362160207599869,0.09029317432112846,0,forward
22.912,67.202919246945,65.7377259082239,520.29172,524.76936,0.09511302417628544,0.09391988649605604,0.09069803528751962,0,forward
22.944,69.51010483985455,69.61673461151454,520.38592,524.86356,0.09217795054638923,0.09357149930612269,0.08998895732367458,0,forward
22.976,66.76596097957979,71.76000285507837,520.4801199999999,524.95776,0.08865411362685803,0.09258802217026975,0.08827147065765024,0,forward
23.008,72.40610519611344,64.87606050163205,520.57432,525.05196,0.0916218943015245,0.0923947965965207,0.08823251648153808,0,forward
23.04,70.37779777719965,60.069604786757104,520.6748,525.15244,0.09436510170897804,0.09278885761901216,0.08910767483179496,0,forward
23.072,61.886449338078165,66.65044433978282,520.769,525.24664,0.0905165215853303,0.09233439041227579,0.0883731360379612,0,forward
23.104,69.11880509016697,70.06385717233869,520.8632,525.34084,0.08886014538960699,0.09163954140774203,0.08730834201705635,0,forward
23.136,69.00987809204798,65.53001976639241,520.9574,525.43504,0.08856160884591936,0.0910239548953775,0.08651806553754716,0,forward
23.168,62.9555189591768,59.73046487415385,521.05788,525.53552,0.09048213906063622,0.09091559172842925,0.08661633815518058,0,forward
23.2,66.05257126634339,63.905919396804634,521.15208,525.62972,0.08732584796080142,0.09019764297490368,0.0856312566061285,0,forward
23.232,70.43418146154235,67.82437872395316,521.24628,525.72392,0.08810681204062588,0.08977947678804812,0.08527887427169603,0,forward
23.264,68.71196318460922,66.6476944873603,521.34676,525.8244,0.0870506642830781,0.08923371428705412,0.08459174472678005,0,forward
23.296,68.57812403641445,70.13676274411966,521.44096,525.9186,0.08750333244461406,0.08888763791856612,0.08439557425839736,0,forward
23.328,67.46092251189856,67.45646067239599,521.53516,526.0128,0.08941460575629179,0.08899303148611126,0.0849544114765077,0,forward
23.36,67.61461536692984,70.46715778297265,521.62936,526.107,0.09005093973464098,0.0892046131358172,0.085541012495585,0,forward
23.392,62.590422858352916,64.56133744923292,521.72984,526.20748,0.08837443205839322,0.08903857692033242,0.08523421977346764,0,forward
23.424,74.97157128836635,62.24501499724223,521.82404,526.30168,0.08715107226506169,0.08866107598927828,0.08468167788064059,0,forward
23.456,67.93992009010053,66.11406249949432,521.91824,526.39588,0.08759084603423964,0.08844702999827055,0.08448464058505585,0,forward
23.488,61.062171352548,67.30611744553585,522.01244,526.49636,0.08807530732457002,0.08837268546353044,0.08449044635622452,0,forward
23.52,65.76118128470407,66.21037982216329,522.11292,526.59056,0.09028117966382457,0.08875438430358927,0.08528444262880339,0,forward
23.552,69.23490168758724,66.08157673206847,522.20712,526.68476,0.08925409652737192,0.0888543267483458,0.08546733237869612,0,forward
23.584,69.09413757653041,66.64621741209687,522.30132,526.77896,0.08697497773998393,0.08847845694667343,0.08476818893394529,0,forward
23.616,69.40469589227963,71.3816408687169,522.4018,526.87944,0.08562765629766739,0.08790829681687222,0.08375421289468288,0,forward
23.648,65.52222339579029,67.66313986689904,522.496,526.97364,0.0905223507772927,0.08843110760895632,0.08493968071497057,0,forward
23.68,63.445861601029804,66.70654111615572,522.5902,527.06784,0.08689758068671628,0.08812440222450832,0.08440184439261657,0,forward
23.712,67.88979788348884,63.89197077191501,522.6844,527.16204,0.0854280725276212,0.0875851362851309,0.08353022958246423,0,forward
23.744,66.07436312047021,71.95134744178604,522.78488,527.26252,0.08524312278839279,0.08711673358578327,0.08282199981117541,0,forward
23.776,65.15465398125541,69.02342761032568,522.87908,527.35672,0.08871697395943116,0.08743678166051286,0.08369465011422172,0,forward
23.808,60.91215443259449,69.95098058801534,522.97328,527.45092,0.08671301784325566,0.08729202889706143,0.08353673439312224,0,forward
23.84,64.97815780624225,67.58735192885686,523.06748,527.5514,0.08408888454300686,0.08665140002625052,0.08245396859601822,0,forward
23.872,71.46181601574146,62.46174544844572,523.16796,527.6456,0.08718345688345462,0.08675781139769134,0.08286776580703471,0,forward
23.904,69.377430862014,66.71773754469775,523.26216,527.7398,0.08752445967720228,0.08691114105359353,0.08329679282729884,0,forward
23.936,71.38701358606964,66.70089839570073,523.35636,527.834,0.08742961344635884,0.08701483553214659,0.08353813828989742,0,forward
23.968,66.29827837828962,69.16515299536654,523.4568399999999,527.93448,0.0845096511547424,0.08651379865666575,0.0825643033995402,0,forward
24.0,64.71968016838824,68.45241068080846,523.55104,528.02868,0.08492341019759761,0.08619572096485213,0.08217020245964567,0,forward
24.032,64.74351549228768,58.256222731478644,523.64524,528.12288,0.08624930633769354,0.08620643803942041,0.08239230349316802,0,forward
24.064,62.80196426910388,63.061329930990084,523.73944,528.21708,0.08546050715047097,0.08605725186163052,0.08225224187060375,0,forward
24.096,68.7093209862907,68.11225733872026,523.83992,528.31756,0.08559537180063706,0.08596487584943183,0.08212805674579515,0,forward
24.128,68.34899443048589,68.74371692840772,523.93412,528.41176,0.08525615390546398,0.08582313146063826,0.08200945242381706,0,forward
24.16,63.96054589237575,70.2941167847856,524.02832,528.50596,0.0846333382640623,0.08558517282132308,0.08171021058003011,0,forward
24.192,73.20178599241267,67.34583446746024,524.1288,528.60644,0.08326431614956636,0.08512100148697174,0.08094509393606145,0,forward
24.224,66.79510629488738,68.52523826874061,524.223,528.70064,0.08711789034766342,0.08552037925911007,0.08191727616792593,0,forward
24.256,67.55103920466394,68.4859239228527,524.3172,528.79484,0.08401676959530467,0.085219657326349,0.08143016677284351,0,forward
24.288,63.10137521262675,72.43285359109524,524.4114,528.88904,0.08260512181579674,0.08469675022423855,0.08061183450325142,0,forward
24.32,70.99887401953073,73.72520995848508,524.51188,528.98952,0.08420430626857131,0.08459826143310512,0.08057697797832616,0,forward
24.352,62.764962584974384,67.8799484338153,524.60608,529.08372,0.08440589852802476,0.08455978885208904,0.08070944894070578,0,forward
24.384,67.75414668676723,64.5594394120638,524.70028,529.17792,0.08568400919038208,0.08478463291974765,0.08125235399751707,0,forward
24.416,64.8858345159163,64.18758065018416,524.79448,529.27212,0.0848332207508975,0.08479435048597762,0.0812959578097236,0,forward
24.448,70.09954334162796,67.11356052228832,524.89496,529.3726,0.0859081134656292,0.08501710308190795,0.08162641075709337,0,forward
24.48,62.22303411599957,69.79294221064247,524.98916,529.4668,0.08327679006186221,0.0846690404778988,0.08097840282801858,0,forward
24.512,66.06219122656186,66.19734477613572,525.08336,529.561,0.08243679494657029,0.0842225913716331,0.08026161403623534,0,forward
24.544,71.21339577180326,72.26115085273727,525.18384,529.66148,0.08251348898873817,0.08388077089505411,0.07974647855547672,0,forward
24.576,65.25331517249049,69.19659784260706,525.27804,529.75568,0.08388761206023494,0.08388213912809028,0.07999080217230103,0,forward
24.608,70.41463293750375,66.17263623175485,525.37224,529.84988,0.08793891647007436,0.0846934945964871,0.08159900547514731,0,forward
24.64,70.02620944530615,68.75274444075033,525.46644,529.94408,0.0846591563164043,0.08468662694047055,0.08145605887027882,0,forward
24.672,65.64600664851227,64.35987921862423,525.56692,530.04456,0.08644231243872363,0.08503776404012117,0.08192053522654827,0,forward
24.704,74.44082438240125,67.81475777284344,525.66112,530.13876,0.0847072018162483,0.08497165159534661,0.08167961081842166,0,forward
24.736,68.98831267110842,69.1862929130426,525.75532,530.23296,0.08169518858286717,0.08431635899285074,0.080445922862903,0,forward
24.768,69.2096854201128,64.4683980844193,525.84952,530.33344,0.08312341074118462,0.08407776934251752,0.08012457539473175,0,forward
24.8,59.94656648358262,69.4725862584393,525.95,530.42764,0.08627384663623558,0.08451698480126114,0.08104702059608294,0,forward
24.832,63.09742516627642,71.35989390588145,526.0442,530.52184,0.08348938426532303,0.08431146469407352,0.08068274706050212,0,forward
24.864,60.83388612807017,65.37081902561171,526.1384,530.61604,0.08474124983703414,0.08439742172266565,0.08089746759346647,0,forward
24.896,67.01680173090342,70.9405405446245,526.23888,530.71652,0.08101261582604535,0.08372046054334159,0.07961683359135237,0,forward
24.928,71.09614533191956,73.13026667815139,526.33308,530.81072,0.08235678838489496,0.08344772611165227,0.07935917432866763,0,forward
24.96,66.96378527780256,68.35442678300429,526.42728,530.90492,0.0863009469780214,0.0840183702849261,0.08060684811846894,0,forward
24.992,66.38918473574138,63.832370480794935,526.52148,530.99912,0.08068193533366813,0.08335108329467453,0.0793944798741393,0,forward
25.024,66.67518480714375,68.14899243967865,526.62196,531.0996,0.08455970451637006,0.08359280753901363,0.07992307397231332,0,forward
25.056,68.10790659188969,64.98328313740708,526.71616,531.1938,0.08407303030384775,0.08368885209198046,0.08017055843361456,0,forward
25.088,69.53103849645109,61.483544668335334,526.81036,531.288,0.08221533988724508,0.08339414965103338,0.07966384805979479,0,forward
25.12,68.93146416581853,69.59494474560074,526.90456,531.38848,0.08414418545235006,0.08354415681129673,0.07998838507677351,0,forward
25.152,68.92836354676871,68.66031641763328,527.00504,531.48268,0.08458068333251885,0.08375146211554116,0.08035303292047659,0,forward
25.184,70.28421277923438,67.24319973642379,527.09924,531.57688,0.08169079177196234,0.0833393280468254,0.07959302634763399,0,forward
25.216,68.76360892409471,60.42360243662299,527.19344,531.67108,0.0820052140618746,0.08307250524983524,0.07921794204775785,0,forward
25.248,70.01797431005714,64.79555252814521,527.29392,531.77156,0.08383365080546222,0.08322473436096064,0.07954966792074222,0,forward
25.28,70.1592209288257,69.77759118914025,527.38812,531.86576,0.08000863752920186,0.08258151499460889,0.07847482844959422,0,forward
25.312,62.052379509739055,65.20226789018739,527.48232,531.95996,0.08049731366348466,0.08216467472838404,0.07796013027911627,0,forward
25.344,68.60742956207032,68.79990623097856,527.57652,532.05416,0.08238348226086961,0.08220843623488115,0.07830556080157561,0,forward
25.376,61.083909362392674,65.35125369963735,527.677,532.15464,0.08456672994990035,0.08268009497788499,0.07922678531480488,0,forward
25.408,71.60234660076856,66.37573762032315,527.7712,532.24884,0.08566418785847311,0.08327691355400262,0.08029376469641707,0,forward
25.44,67.81545803156459,67.51923208454016,527.8654,532.34304,0.08042495955098627,0.08270652275339935,0.07910149743859826,0,forward
25.472,67.49994777502384,61.20814726821807,527.9596,532.44352,0.08523732086679961,0.0832126823760794,0.08001912485904068,0,forward
25.504,67.95114181752523,67.28339575480759,528.06008,532.53772,0.08277363215241743,0.08312487233134701,0.07972537017932539,0,forward
25.536,67.01001446358222,69.08249396907999,528.15428,532.63192,0.0787535412912889,0.08225060612333539,0.07813793631638476,0,forward
25.568,56.82285406278853,70.06941789643915,528.24848,532.72612,0.0834517510640124,0.08249083511147079,0.07880238186507253,0,forward
25.6,65.14083683566089,65.67576043537478,528.34896,532.8266,0.07991392659368024,0.08197545340791268,0.07787871444987889,0,forward
25.632,70.95773138639625,63.458879045716166,528.44316,532.9208,0.08108404150899057,0.08179717102812827,0.07778777832396758,0,forward
25.664,72.09021026766655,68.87348926196998,528.53736,533.015,0.07944465027192116,0.08132666687688685,0.07714209643345975,0,forward
25.696,68.37645506160847,76.97353141590183,528.63156,533.1092,0.08247856209491339,0.08155704592049216,0.07781465684348168,0,forward
25.728,68.81779683396789,67.33869188237973,528.73204,533.20968,0.07996380983144895,0.08123839870268353,0.07726272044137474,0,forward
25.76,72.28913333217285,74.64664797714619,528.82624,533.30388,0.08039854854475219,0.08107042867109726,0.0771468857884996,0,forward
25.792,72.68689083310603,62.38658022151491,528.92044,533.39808,0.07840059013544444,0.0805364609639667,0.07635676605315501,0,forward
25.824,62.15536854825676,71.87672994396917,529.02092,533.49856,0.08103371061528271,0.08063591089422992,0.0767104301165982,0,forward
25.856,61.95926973408597,67.05762381164179,529.11512,533.59276,0.08264907432141204,0.08103854357966635,0.07759872554796675,0,forward
25.888,72.35283911127847,71.02808057812209,529.20932,533.68696,0.08015227204417459,0.080861289272568,0.07727428410174504,0,forward
25.92,68.98123179008576,70.59684837059264,529.30352,533.78116,0.07945941073338354,0.08058091356473111,0.07681785345028884,0,forward
25.952,68.00104719363792,71.42601099620268,529.404,533.88164,0.07684784425959203,0.0798342997037033,0.07550671115668747,0,forward
25.984,70.05335264120001,66.82764490819143,529.4982,533.97584,0.08076509631890924,0.0800204590267445,0.0761512986368296,0,forward
26.016000000000002,66.36763329090176,61.91123169409554,529.5924,534.07004,0.0821573412651469,0.08044783547442498,0.07706374006359033,0,forward
26.048000000000002,63.94395780697849,59.056114241462886,529.6866,534.17052,0.07860725414031747,0.08007971920760348,0.07633613789740176,0,forward
26.080000000000002,62.96778089390992,66.04185023221557,529.78708,534.26472,0.07675263232413757,0.0794143018309103,0.07520477241063428,0,forward
26.112000000000002,65.17956031247739,66.95327362612514,529.88128,534.35892,0.079254420133724,0.07938232549147305,0.07541632055367464,0,forward
26.144000000000002,69.99211677869722,68.9337873904749,529.97548,534.45312,0.08186992827149828,0.07987984604747811,0.076489105561593,0,forward
26.176000000000002,65.38203779067997,66.5793529551651,530.07596,534.5536,0.0794186058789941,0.07978759801378131,0.07621673449709139,0,forward
26.208000000000002,61.915510821213005,70.12583061783425,530.17016,534.6478,0.08120240541065497,0.08007055949315604,0.07676362003334242,0,forward
26.240000000000002,68.72043947460531,63.12800041755853,530.26436,534.742,0.0848654562717842,0.08102953884888167,0.07842689538503073,0,forward
26.272000000000002,67.54619095630873,65.48600594158385,530.35856,534.8362,0.07861860515914565,0.08054735211093447,0.0772563080552066,0,forward
26.304000000000002,66.40492618499096,62.77039191241577,530.45904,534.93668,0.07810285768150986,0.08005845322504955,0.07623770413873313,0,forward
26.336000000000002,63.85378860915556,66.44783590100822,530.55324,535.03088,0.07594917028510492,0.07923659663706063,0.074895065894068,1,start_turn_right
26.368000000000002,72.13487721379397,65.00896861965215,530.4716,535.11252,0.07268402793064284,0.07792608289577707,0.074895065894068,1,forward
26.400000000000002,61.26010799786291,63.96950805746142,530.38996,535.18788,0.06906508818699438,0.07615388395402053,0.074895065894068,1,forward
26.432000000000002,74.96272922761108,66.21192913194763,530.3146,535.2695199999999,0.06450210768036438,0.0738235286992893,0.074895065894068,1,forward
26.464000000000002,70.11856898472952,63.005009585856044,530.23296,535.35116,0.05949932696678016,0.07095868835278749,0.074895065894068,1,forward
26.496000000000002,70.46894999251197,66.75920484400753,530.15132,535.4328,0.05629079519061773,0.06802510972035354,0.074895065894068,1,forward
26.528000000000002,72.44495847667802,75.1222459791259,530.07596,535.50816,0.05436694250651132,0.0652934762775851,0.074895065894068,1,forward
26.560000000000002,69.00211970788096,98.28090886360108,529.99432,535.5898,0.051390990971295535,0.06251297921632719,0.074895065894068,1,forward
26.592000000000002,64.01423748074917,110.14355948288026,529.91268,535.67144,0.04631400846742141,0.05927318506654604,0.074895065894068,1,forward
26.624000000000002,63.745251241018174,118.91631389076538,529.83104,535.75308,0.046580511874504404,0.05673465042813772,0.074895065894068,1,forward
26.656,72.18624279283705,124.85310292880003,529.75568,535.82844,0.04468384680565156,0.05432448970364049,0.074895065894068,1,forward
26.688,71.29554071194993,135.76925987748754,529.67404,535.91008,0.04423560111122536,0.05230671198515746,0.074895065894068,1,forward
26.72,66.73446329818518,153.78678175405173,529.5924,535.99172,0.043600437204846076,0.050565457029095186,0.074895065894068,1,forward
26.752,67.05013028358445,175.2307094145481,529.51076,536.06708,0.0439151118572415,0.04923538799472445,0.074895065894068,1,forward
26.784,68.0514380231344,189.2365726740814,529.4354,536.14872,0.04541011615580926,0.04847033362694141,0.074895065894068,1,forward
26.816,62.22132379656697,213.77836506953062,529.35376,536.23036,0.04493090672128083,0.0477624482458093,0.074895065894068,1,forward
26.848,65.11104468515641,226.0755563562116,529.27212,536.312,0.047088140035047285,0.0476275866036569,0.074895065894068,1,forward
26.88,66.23003939731305,226.53686875324746,529.19676,536.38736,0.048244561383338665,0.04775098155959326,0.074895065894068,1,forward
26.912,102.2107467290224,235.4049519650919,529.11512,536.469,0.050728436254136026,0.04834647249850182,0.074895065894068,1,forward
26.944,108.04038089112908,248.55818317671262,529.03348,536.55064,0.04869761527563146,0.04841670105392775,0.074895065894068,1,forward
26.976,120.03497969150536,248.0754474955288,528.95184,536.63228,0.04876926975834745,0.048487214794811696,0.074895065894068,1,forward
27.008,123.16465200409736,247.00810533378856,528.87648,536.70764,0.04892845082132825,0.04857546200011501,0.074895065894068,1,forward
27.04,143.09510683164058,239.5239368089895,528.79484,536.78928,0.050074495700660936,0.0488752687402242,0.074895065894068,1,forward
27.072,146.7031666034179,239.90045213072702,528.7132,536.87092,0.05001555919483858,0.04910332683114708,0.074895065894068,1,forward
27.104,171.76328292556647,245.9777797100936,528.63156,536.94628,0.04908310012489043,0.04909928148989575,0.074895065894068,1,forward
27.136,184.55257319970616,233.88006651615999,528.5562,537.02792,0.05097488406189135,0.04947440200429487,0.074895065894068,1,forward
27.168,202.39195101217803,219.4022571848372,528.47456,537.10956,0.05343981087665059,0.05026748377876602,0.074895065894068,1,forward
27.2,218.07697914410028,205.7841253213137,528.39292,537.1912,0.053677409258314684,0.05094946887467576,0.074895065894068,1,forward
27.232,218.78960812575787,208.99745004492007,528.31128,537.26656,0.05354938580482941,0.0514694522607065,0.074895065894068,1,forward
27.264,244.07451891841762,188.55234242589313,528.23592,537.3482,0.049371360801210774,0.05104983396880736,0.074895065894068,1,forward
27.296,238.03379098844977,182.0736165905139,528.15428,537.42984,0.050309119512967355,0.05090169107763936,0.074895065894068,1,forward
27.328,248.3334103352736,151.75077184255562,528.07264,537.51148,0.04873095303844284,0.05046754346980006,0.074895065894068,1,forward
27.36,255.08577058077108,150.04620364880068,527.99728,537.58684,0.04774896878571949,0.049923828532983945,0.074895065894068,1,forward
27.392,259.285309401931,136.0505876533274,527.91564,537.66848,0.04715795101239046,0.04937065302886525,0.074895065894068,1,forward
27.424,246.37817409855742,124.64984970563103,527.834,537.75012,0.04902288593344612,0.049301099609781435,0.074895065894068,1,forward
27.456,246.97573221861765,102.37935348822215,527.75236,537.83176,0.04893329511470386,0.04922753871076592,0.074895065894068,1,forward
27.488,229.03110379533118,99.06853527211882,527.677,537.90712,0.04976916317256927,0.04933586360312659,0.074895065894068,1,forward
27.52,229.9041132308903,68.77636820568114,527.59536,537.98876,0.04923670146280173,0.04931603117506162,0.074895065894068,1,forward
27.552,217.08837383808512,62.20126440067062,527.51372,538.0704,0.04776309419181407,0.049005443778412115,0.074895065894068,1,forward
27.584,197.37240863133962,62.75821690382967,527.43208,538.14576,0.044476345770751415,0.048099624176879976,0.074895065894068,1,forward
27.616,193.49299103595055,65.74950548187019,527.35672,538.2274,0.04419787272743099,0.047319273886990185,0.074895065894068,1,forward
27.648,168.28182670530757,74.23682743750335,527.27508,538.30904,0.04327993952830012,0.04651140701525217,0.074895065894068,1,forward
27.68,156.28371436647916,68.99385589849993,527.19344,538.39068,0.04425124187562647,0.04605937398732703,0.074895065894068,1,forward
27.712,155.94563974623185,68.31830684815013,527.11808,538.46604,0.044644015382039444,0.04577630226626951,0.074895065894068,1,forward
27.744,134.9452094794724,64.57278262645005,527.03644,538.54768,0.04548833350580709,0.04571870851417703,0.074895065894068,1,forward
27.776,117.20440457374126,63.70198106961135,526.9548,538.62932,0.045976460641280276,0.045770258939597686,0.074895065894068,1,forward
27.808,107.57560009439905,65.80817806567225,526.87316,538.71096,0.0481913103021671,0.04625446921211157,0.074895065894068,1,forward
27.84,89.16828338280962,67.82068454057735,526.7978,538.78632,0.04986144088958899,0.04697586354760706,0.074895065894068,1,forward
27.872,72.2763018660737,64.22421458190526,526.71616,538.86796,0.053304157022209586,0.04824152224252757,0.074895065894068,1,forward
27.904,66.50562259109358,68.24795144596347,526.63452,538.9496,0.054405085157606684,0.04947423482554339,0.074895065894068,1,forward
27.936,59.6619233137458,70.82989090329193,526.55288,539.02496,0.05723982568676802,0.05102735299778832,0.074895065894068,1,forward
27.968,66.90491206540167,69.93225670945554,526.47752,539.1066,0.06159668052138408,0.05314121850250748,0.074895065894068,1,forward
28.0,63.75599818321077,66.91764054152249,526.39588,539.18824,0.06627396862085624,0.055767768526177236,0.074895065894068,1,forward
28.032,65.60660372997705,66.67717381281413,526.31424,539.26988,0.06852844097452261,0.05831990301584632,0.074895065894068,1,forward
28.064,68.51364210734988,68.59744337371752,526.2326,539.34524,0.07678756808178801,0.062013436029034655,0.074895065894068,1,forward
28.096,69.50709954354272,71.08132110519051,526.15724,539.42688,0.08291220354574945,0.06619318953237761,0.074895065894068,1,forward
28.128,71.23343504479101,63.42891745824801,526.0756,539.50852,0.08704367890102939,0.07036328740610798,0.074895065894068,1,forward
28.16,62.19595412850347,59.51936960099054,525.99396,539.59016,0.10120716273236369,0.07653206247135913,0.074895065894068,1,forward
28.192,69.36109711127675,70.11438168388689,525.9186,539.66552,0.10658539055700232,0.08254272808848777,0.10658539055700232,0,normal_exit
28.224,64.10551031058333,62.37942656733618,526.0128,539.766,0.10991360602296861,0.08801690367538395,0.10966248878400796,0,forward
28.256,65.4519110464489,69.24327167541416,526.107,539.8602,0.10720751307836537,0.09185502555598024,0.10745085586889172,0,forward
28.288,61.45746322617202,73.27111406518101,526.2012,539.9544,0.10439018531042805,0.09436205750686981,0.10504104886320405,0,forward
28.32,68.21094240627282,71.59706647478457,526.30168,540.0486,0.10554293939890527,0.0965982338852769,0.10400496222228346,0,forward
28.352,62.838981608468416,73.19211265145903,526.39588,540.14908,0.10444401949337315,0.09816739100689616,0.10290722465533682,0,forward
28.384,63.38857439330711,68.86911424922708,526.49008,540.24328,0.10747696109223726,0.10002930502396438,0.10333300215506522,0,forward
28.416,65.77724952050743,63.43178502311143,526.58428,540.33748,0.10907353425424804,0.10183815087002113,0.10416384645803849,0,forward
28.448,63.89603633717305,64.9453971386092,526.68476,540.43796,0.10585118736085591,0.10264075816818809,0.10344917978082575,0,forward
28.48,72.74983176808807,67.06292993789434,526.77896,540.53216,0.10474643287523844,0.10306189310959817,0.10267562543062982,0,forward
28.512,67.47444616608102,66.84866863409027,526.87316,540.62636,0.10849337234995485,0.1041481889576695,0.1035215609478113,0,forward
28.544,71.01517722026058,64.74527274014459,526.97364,540.72056,0.10594961575725251,0.10450847431758611,0.10311107609893147,0,forward
28.576,68.57488866139852,76.23931639555093,527.06784,540.82104,0.10240700208577985,0.10408817987122487,0.10157828540555061,0,forward
28.608,71.15869153098494,68.32846836247508,527.16204,540.91524,0.10584902421386914,0.10444034873975375,0.10186909434335736,0,forward
28.64,68.14404255980448,68.94555788247148,527.25624,541.00944,0.10742180047172085,0.10503663908614719,0.10261915099558318,0,forward
28.672,65.67925782613916,68.09843357017145,527.35672,541.10364,0.10602648281540421,0.1052346078319986,0.10255928351041342,0,forward
28.704,69.89968869492333,64.24549130795351,527.45092,541.20412,0.1025372498544155,0.104695136236482,0.10127081320188666,0,forward
28.736,65.13475850264139,63.22102161001897,527.54512,541.29832,0.1089881381018998,0.10555373660956557,0.10279633683865025,0,forward
28.768,66.38686128526047,60.78848216954374,527.6456,541.39252,0.10719758001710611,0.1058825052910737,0.10309253840526972,0,forward
28.8,64.54408799740074,64.27947972568518,527.7398,541.493,0.10650695124832675,0.1060073944825243,0.10303520011046313,0,forward
28.832,63.2665487032963,64.57627470753135,527.834,541.5872,0.1096053987640357,0.1067269953388266,0.10414975485028688,0,forward
28.864,64.7716839833283,61.70096260739124,527.9282,541.6814,0.10582855965465938,0.10654730820199317,0.1035119305972555,0,forward
28.896,65.50933525063942,72.0879447328171,528.02868,541.7756,0.10520228955758626,0.10627830447311179,0.10283693673294267,0,forward
28.928,71.3529825440403,64.29633010350518,528.12288,541.87608,0.10571314638840607,0.10616527285617064,0.10258678285153998,0,forward
28.96,69.02091370682862,69.21892062888341,528.21708,541.97028,0.10722500828023666,0.10637721994098386,0.10300919341611002,0,forward
28.992,61.63594890510032,61.86110766073756,528.31128,542.06448,0.10593965900407942,0.10628970775360297,0.10281978608859275,0,forward
29.024,70.08869353064458,67.56935003201906,528.41176,542.15868,0.10660363298274148,0.10635249279943068,0.10289480011292196,0,forward
29.056,65.26675470478465,66.16142467634518,528.50596,542.25916,0.10660569097372109,0.10640313243428877,0.1029436770857747,0,forward
29.088,64.46698348534916,66.67592722623829,528.60016,542.35336,0.10557536419439456,0.10623757878630993,0.10264723010549975,0,forward
29.12,66.54494717222494,64.09636655691138,528.70064,542.44756,0.10905277650281713,0.10680061832961138,0.1036614878213442,0,forward
29.152,67.57204216670388,67.06246413437478,528.79484,542.54804,0.10389198741506482,0.10621889214670208,0.1024634882777666,0,forward
29.184,67.35218897679516,66.31195695124187,528.88904,542.64224,0.1085833886222054,0.10669179144180274,0.10341672009318137,0,forward
29.216,64.61420560967515,70.40259985350698,528.98324,542.73644,0.10638113979136063,0.10662966111171432,0.10323947708167082,0,forward
29.248,70.50127844887007,67.1798641858799,529.08372,542.83064,0.10624641649191252,0.10655301218775397,0.10303615811860703,0,forward
29.28,65.70684423313506,69.53620264509755,529.17792,542.93112,0.10699750105313076,0.10664190996082934,0.1031747614424701,0,forward
29.312,62.141360854022594,69.22994576658117,529.27212,543.02532,0.10721708647556898,0.10675694526377728,0.10338368617639235,0,forward
29.344,62.604490566024275,63.55614990277543,529.36632,543.11952,0.10512290754989435,0.10643013772100071,0.1027675065909309,0,forward
29.376,64.11443573123385,67.4800822377093,529.4668,543.22,0.10848922618724272,0.10684195541424911,0.10349546921878984,0,forward
29.408,67.11215743816928,65.5878825227125,529.561,543.3142,0.10420309425371457,0.10631418318214221,0.10250971243636912,0,forward
29.44,67.53931095106904,72.94893257157703,529.6552,543.4084,0.10461007952776867,0.10597336245126751,0.10202291603803534,0,forward
29.472,64.60622061905505,65.327062480447,529.75568,543.5026,0.10645653173333997,0.106069996307682,0.10233071465331435,0,forward
29.504,74.25387630098871,70.8051878770369,529.84988,543.60308,0.1037251081378332,0.10560101867371224,0.10154968890620024,0,forward
29.536,69.89427890990447,66.29533110051977,529.94408,543.69728,0.10674189913290133,0.10582919476555007,0.1021705687147812,0,forward
29.568,67.57066020447664,68.23905481596078,530.03828,543.79148,0.10793376967941443,0.10625010974832294,0.1029960102773382,0,forward
29.6,64.35269677092407,67.56098642414466,530.13876,543.88568,0.10683714932986958,0.10636751766463229,0.10309154965059361,0,forward
29.632,68.2517245802698,57.55878400453989,530.23296,543.98616,0.10792454553428765,0.10667892323856337,0.10354242924146895,0,forward
29.664,61.561350444202276,70.33842526701274,530.32716,544.08036,0.10642655044166358,0.10662844867918342,0.10333641868523427,0,forward
29.696,65.80850145334935,71.16423995518598,530.42136,544.17456,0.10584513906690728,0.10647178675672819,0.10299591794416939,0,forward
29.728,65.3128355397896,69.26722082169796,530.52184,544.27504,0.1071903121926029,0.10661549184390315,0.10317670470506991,0,forward
29.76,60.97477581351539,66.9700454460472,530.61604,544.36924,0.10782986387828615,0.10685836625077975,0.10360446539339535,0,forward
29.792,68.08456671665694,65.46350824827873,530.71024,544.46344,0.10693767891465263,0.10687422878355433,0.10355934556058372,0,forward
29.824,71.48667956314917,70.9164272786082,530.81072,544.55764,0.10495410445806112,0.10649020391845569,0.102778450725428,0,forward
29.856,69.41417757711459,68.80454900149864,530.90492,544.65812,0.10708488484462723,0.10660914010369,0.10304068557836613,0,forward
29.888,62.83316209553769,69.5741871198326,530.99912,544.75232,0.10423436673365015,0.10613418542968205,0.10222906208026378,0,forward
29.92,66.84638886699885,68.74895405847326,531.09332,544.84652,0.10722084123797695,0.10635151659134102,0.10277813594121772,0,forward
29.952,62.471176750319806,64.33568158894435,531.1938,544.94072,0.10711564876081747,0.10650434302523633,0.10305150497382441,0,forward
29.984,64.75472749980734,68.95406617700806,531.288,545.0412,0.10741566451087387,0.10668660732236385,0.10333442039466041,0,forward
30.016000000000002,67.59123306610167,67.88022894615791,531.3822,545.1354,0.10819566695305484,0.10698841924850205,0.10383672996384248,0,forward
30.048000000000002,67.40136217287575,67.9199706430181,531.48268,545.2296,0.10816659799516536,0.10722405499783472,0.10410736019318254,0,forward
30.080000000000002,73.17393525764561,68.89333979967579,531.57688,545.33008,0.10445641403080272,0.10667052680442832,0.10295183360487314,0,forward
30.112000000000002,71.47053815563314,66.68887786842942,531.67108,545.42428,0.10563110288523765,0.10646264202059019,0.10267243329773362,0,forward
30.144000000000002,69.64493965249135,68.12781041645036,531.76528,545.51848,0.10691975309793662,0.10655406423605948,0.10295479895867773,0,forward
30.176000000000002,65.93973415607611,67.70969290133934,531.86576,545.61268,0.10832058266268946,0.10690736792138547,0.10359655381911693,0,forward
30.208000000000002,64.36808924028149,69.90885169458501,531.95996,545.71316,0.10645764643253416,0.10681742362361522,0.1033409841371025,0,forward
30.240000000000002,65.11564688123299,68.98861215192575,532.05416,545.80736,0.10615037916489807,0.1066840147318718,0.10310820236396644,0,forward
30.272000000000002,68.35084555196367,70.66837622023279,532.14836,545.90156,0.10619348533107381,0.10658590885171221,0.10297425953342136,0,forward
30.304000000000002,74.37862879453661,67.25342922488643,532.24884,545.99576,0.10364128846677666,0.1059969847747251,0.10193264993007016,0,forward
30.336000000000002,65.88962701964522,66.05977750061899,532.34304,546.09624,0.10519617896114103,0.10583682361200829,0.10182125614092158,0,forward
30.368000000000002,64.93040111124243,72.04280229044657,532.43724,546.19044,0.10417296364899571,0.10550405161940579,0.10142450434938165,0,forward
30.400000000000002,72.37639881676014,62.99727431551116,532.53772,546.28464,0.10500313778409189,0.10540386885234301,0.10142599909801751,0,forward
30.432000000000002,71.09204624820705,64.93554292344871,532.63192,546.38512,0.10589571322447998,0.1055022377267704,0.10174673024950498,0,forward
30.464000000000002,62.4399869963032,63.190810309138136,532.72612,546.47932,0.10417208396771731,0.10523620697495979,0.10137636277021171,0,forward
30.496000000000002,68.59180201692604,64.43314120503146,532.82032,546.57352,0.1050247162013188,0.10519390882023161,0.10144414419555392,0,forward
30.528000000000002,69.05108579136406,76.8895835616596,532.9208,546.66772,0.10198255127442414,0.10455163731107012,0.10035645483923088,0,forward
30.560000000000002,71.10721152746429,61.59211423451706,533.015,546.7682,0.10588508541891757,0.10481832693263961,0.10105655082555008,0,forward
30.592000000000002,68.40620271034814,68.42487952163006,533.1092,546.8624,0.1077986389584255,0.10541438933779679,0.10223268612581196,0,forward
30.624000000000002,65.20717714748632,60.568928849680965,533.2034,546.9566,0.11018739096999916,0.10636898966423726,0.10384325054179813,0,forward
30.656000000000002,67.65739887811596,65.24153362585592,533.30388,547.05708,0.10744210581174073,0.10658361289373795,0.10381068095572311,0,forward
30.688000000000002,67.50218961297399,72.69341436289525,533.39808,547.15128,0.10478513475357865,0.1062239172657061,0.1029205175973815,0,forward
30.72,68.20977871905143,66.55948763649442,533.49228,547.24548,0.10388753104316442,0.10575664002119778,0.10202768867659015,0,forward
30.752,70.61274453376275,65.05675470422455,533.59276,547.33968,0.10623270991793987,0.1058518540005462,0.1022535915983951,0,forward
30.784,65.75285436827257,62.89227482955511,533.68696,547.44016,0.10729536247521643,0.10614055569548025,0.10277926641088042,0,forward
30.816,66.77250024095305,65.60378503609824,533.78116,547.53436,0.10718176432589767,0.10634879742156374,0.10311722580607678,0,forward
30.848,73.02348247383132,60.65032987253105,533.87536,547.62856,0.10455911564250392,0.10599086106575178,0.10239452494680847,0,forward
30.88,70.17131605933788,66.76926982909295,533.97584,547.72276,0.10636033228758805,0.10606475531011905,0.1025347276780056,0,forward
30.912,63.06618806336662,69.56879521035107,534.07004,547.82324,0.10587169563257767,0.10602614337461078,0.10244964393909618,0,forward
30.944,66.18144199639626,70.38856529731684,534.16424,547.91744,0.10639106748819728,0.10609912819732809,0.10262241995260271,0,forward
30.976,65.29533580384029,66.54784031359983,534.25844,548.0116399999999,0.10820077940285387,0.10651945843843325,0.10338164064347607,0,forward
31.008,74.08878771821355,68.03965135359167,534.35892,548.11212,0.10383623777519521,0.10598281430578564,0.10222261677893442,0,forward
31.04,64.64013426141318,71.03405128488016,534.45312,548.20632,0.10593637569729775,0.10597352658408807,0.10231383021517272,0,forward
31.072,65.63949467536393,66.40935629236633,534.54732,548.30052,0.1068155038729268,0.10614192204185582,0.10268732007091491,0,forward
31.104,69.74103502562981,71.36826801343817,534.6478,548.39472,0.10570247126418565,0.1060540318863218,0.10248694304127949,0,forward
31.136,68.29008467104804,70.05750269216416,534.742,548.4952,0.10464973563862894,0.10577317263678324,0.10198120209273064,0,forward
31.168,64.62311679569531,66.95318761807891,534.8362,548.5894,0.10483991341884429,0.10558652079319546,0.10176608825676652,0,forward
31.2,66.22132454403419,68.9499284646872,534.9304,548.6836,0.10724033427335548,0.10591728348922747,0.10248800952194347,0,forward
31.232,65.43315035726744,64.71192708707808,535.03088,548.7778,0.10956751474405618,0.10664732974019321,0.10374371808824981,0,forward
31.264,60.996479008349354,70.4304116017926,535.12508,548.87828,0.10636147192333639,0.10659015817682185,0.10340097044694661,0,forward
31.296,67.95010646261873,68.0561036395126,535.21928,548.97248,0.10806714216224982,0.10688555497390746,0.10383339297697308,0,forward
31.328,69.12780986664747,70.24012651564628,535.31348,549.06668,0.10423727186898202,0.10635589835292239,0.10273881683964768,0,forward
31.36,62.23353349156615,68.37310050131796,535.41396,549.16716,0.10783625836448621,0.10665197035523516,0.10324312712293267,0,forward
31.392,71.85844882314424,66.35909197297667,535.50816,549.26136,0.105284663524886,0.10637850898916533,0.10273525418478614,0,forward
31.424,67.37530825683801,60.91764783243672,535.60236,549.35556,0.10856635476626812,0.1068160781445859,0.10358502129904508,0,forward
31.456,67.72995462957985,65.83128873498195,535.70284,549.44976,0.10828544808253178,0.10710995213217508,0.10398840700628992,0,forward
31.488,65.06278576889794,69.50709908217755,535.79704,549.55024,0.10701832955240137,0.10709162761622035,0.10379332192562062,0,forward
31.52,69.37872146685181,65.58772505335098,535.89124,549.64444,0.10635808251686675,0.10694491859634964,0.10347289801383143,0,forward
31.552,71.77655687579953,64.74331038267675,535.98544,549.73864,0.10541812470481184,0.10663955981804209,0.10293052139271291,0,forward
31.584,71.67323177949942,73.1924145994351,536.08592,549.83284,0.10444381363030622,0.10620041058049492,0.10219209202389132,0,forward
31.616,71.48742097890789,72.86068283868207,536.18012,549.93332,0.104670473158132,0.10589442309602234,0.10179941305752978,0,forward
31.648,64.46885695355088,69.85120884840174,536.27432,550.02752,0.10677257876635841,0.10607005423008957,0.10234181850952642,0,forward
31.68,70.77188264672877,68.42051846822858,536.3748,550.12172,0.1061205824264286,0.10608015986935737,0.10241501151829435,0,forward
31.712,70.16320398098786,70.72175385688612,536.469,550.2222,0.10615587724113387,0.10609530334371269,0.10247462721216913,0,forward
31.744,68.66973977594058,66.02348279073645,536.5632,550.3164,0.10657427926134534,0.10619109852723922,0.1027040897835375,0,forward
31.776,67.00077320209299,66.95332310335205,536.6574,550.4106,0.10781792392532577,0.10651646360685654,0.103296890766431,0,forward
31.808,65.07791149837455,73.56237672740733,536.75788,550.5048,0.10419218783258367,0.10605160845200198,0.10233705994952907,0,forward
31.84,67.60832449699078,66.97351990801634,536.85208,550.60528,0.10625269798432854,0.1060918263584673,0.10245928914710249,0,forward
31.872,70.20236328005194,67.6650289120584,536.94628,550.69948,0.10273886350525475,0.10542123378782481,0.10132017996960031,0,forward
31.904,63.10669793465733,67.3379813381713,537.04048,550.79368,0.10695053472654496,0.10572709397556884,0.10209802837267411,0,forward
31.936,67.18500038427212,66.97649042417362,537.14096,550.8941599999999,0.10826512176231587,0.10623469953291825,0.10298554953324993,0,forward
31.968,67.61883618091913,66.14683865354455,537.23516,550.98836,0.10838725201972649,0.1066652100302799,0.10368148152964618,0,forward
32.0,70.32527774709851,66.36581684744624,537.32936,551.08256,0.10597213468528528,0.10652659496128099,0.10326285655419574,0,forward
32.032000000000004,61.68916061499443,64.00932874858209,537.42984,551.17676,0.10231195989342305,0.1056836679477094,0.1016416128598668,0,forward
32.064,65.7491666909036,67.11448366223095,537.52404,551.27724,0.10815777479185072,0.10617848931653767,0.10269549942825995,0,forward
32.096000000000004,71.7139985495101,65.09911325773058,537.61824,551.37144,0.10446834120554628,0.1058364596943394,0.1020913646069437,0,forward
32.128,63.321018778037654,66.87418349974212,537.71244,551.46564,0.10654700590422218,0.10597856893631596,0.10244836302110374,0,forward
32.160000000000004,70.55711322183359,67.71984760365054,537.81292,551.55984,0.10627196322783707,0.10603724779462019,0.10253761897009253,0,forward
32.192,65.62116215279987,61.458347661141794,537.90712,551.66032,0.10987414029295582,0.10680462629428732,0.10388540549997576,0,forward
32.224000000000004,69.28895423127967,64.88164120778073,538.00132,551.75452,0.10681286118714817,0.10680627327285949,0.10369491985172108,0,forward
32.256,68.97977711063275,71.30993794799704,538.09552,551.84872,0.10574321962579195,0.10659366254344599,0.10318946994283097,0,forward
32.288000000000004,66.8391089852824,66.27069663656499,538.196,551.9492,0.1060413345991974,0.10648319695459628,0.10288928531510015,0,forward
32.32,61.22213638150936,63.7741234553048,538.2902,552.0434,0.10326343091135724,0.10583924374594848,0.1017840569995056,0,forward
32.352000000000004,71.70882977635048,68.8617127595016,538.3844,552.1376,0.1054651863282265,0.1057644322624041,0.10186358063826498,0,forward
32.384,69.13915769458583,67.60203333526977,538.48488,552.2318,0.10728235459640688,0.10606801672920467,0.10252431965835655,0,forward
32.416000000000004,63.80943679340738,62.6820194825845,538.57908,552.33228,0.10789247088476382,0.10643290756031651,0.10316692270161565,0,forward
32.448,64.29080175546976,69.40087584498067,538.67328,552.42648,0.10562284870191833,0.10627089578863688,0.102807507973798,0,forward
32.480000000000004,65.95121059456567,69.80884781020443,538.76748,552.52068,0.10597403357663193,0.1062115233462359,0.10270267093246774,0,forward
32.512,64.11324828578135,62.83143837398725,538.86796,552.61488,0.10831463930753009,0.10663214653849475,0.1034326233148046,0,forward
32.544000000000004,73.49095958581138,64.24922488115894,538.96216,552.71536,0.1042406669628967,0.10615385062337515,0.10244153330041736,0,forward
32.576,64.4919294553574,65.43188035747067,539.05636,552.80956,0.1054722721452469,0.1060175349277495,0.10228804962519475,0,forward
32.608000000000004,66.60737018427857,60.79465091611407,539.15056,552.90376,0.10719507868871195,0.106253043679942,0.10280676112338752,0,forward
32.64,68.65574572966138,69.25737739727124,539.25104,553.00424,0.10719738132215445,0.10644191120838449,0.10305784731632645,0,forward
32.672000000000004,65.27421652244918,66.3347661647712,539.34524,553.09844,0.1093383371521173,0.10702119639713106,0.1040686115325915,0,forward
32.704,69.64679845449483,63.62359136781902,539.43944,553.19264,0.10691842501973299,0.10700064212165145,0.10385030997846345,0,forward
32.736000000000004,66.83647320564741,64.85277080075855,539.53992,553.28684,0.10780170755481017,0.1071608552082832,0.10398535030247712,0,forward
32.768,68.65281318145988,71.25945615511473,539.63412,553.38732,0.10577851069087671,0.1068843863048019,0.10334718581714186,0,forward
32.8,67.05626433948493,68.00261280297997,539.72832,553.48152,0.10582569646610221,0.10667264833706197,0.10299586221066023,0,forward
32.832,65.26387788161827,60.71310827221011,539.82252,553.57572,0.10597903469686772,0.10653392560902313,0.10282533752740794,0,forward
32.864,66.82769747284972,64.06579658337272,539.923,553.66992,0.10897126547229688,0.10702139358167789,0.10374658496744053,0,forward
32.896,64.11597804965484,66.30679616910108,540.0172,553.7704,0.10798302921046479,0.10721372070743528,0.10398374541745166,0,forward
32.928,68.66608553474224,67.93287194022622,540.1114,553.8646,0.10588091082548926,0.10694715873104609,0.10342415047791921,0,forward
32.96,61.826672915166945,60.767047747726494,540.21188,553.9588,0.10654653714270389,0.10686703441337767,0.10326219136767209,0,forward
32.992,67.42034778437136,70.8248456372389,540.30608,554.05928,0.10608331758868762,0.10671029104843967,0.10299230342305507,0,forward
33.024,65.99036844246851,66.46918801329491,540.40028,554.15348,0.10418125695041118,0.10620448422883397,0.10217898621646178,0,forward
33.056,69.44163088471723,67.42752040181709,540.49448,554.24768,0.10706521272069612,0.10637662992720641,0.10269024504032659,0,forward
33.088,70.67315106465827,68.107792927052,540.59496,554.34188,0.10571351214215657,0.10624400637019644,0.1024927755963651,0,forward
33.12,83.31567321704,64.39296911448402,540.68916,554.44236,0.09796977647538238,0.10458916039123363,0.09959179915665212,0,forward
33.152,98.43501889427861,59.98355275276766,540.78336,554.53656,0.08966849724425381,0.10160502776183766,0.09479743232459834,0,forward
33.184,98.0372429938936,69.45989264952574,540.87756,554.63076,0.08986883716542823,0.09925778964255579,0.09179245699429926,0,forward
33.216,112.73925039888428,74.85794190892743,540.97804,554.73124,0.08301370876397587,0.09600897346683981,0.08732551726204042,0,forward
33.248,111.25897468922851,87.46665416500024,541.07224,554.82544,0.08365620502775341,0.09353841977902254,0.08477168957171725,0,forward
33.28,118.69497134491932,96.08208796541814,541.16644,554.91964,0.08052544003353371,0.09093582382992477,0.08201116972514878,0,forward
33.312,111.64213231999962,106.64084641009414,541.26692,555.01384,0.08348894789629854,0.08944644864319953,0.08126001717319947,0,forward
33.344,133.7832296336972,101.80773534123382,541.36112,555.11432,0.07484216618588323,0.08652559215173627,0.07768019570929967,0,forward
33.376,144.99523267491574,110.99284940978258,541.45532,555.20852,0.07111261785318622,0.08344299729202627,0.07408804242154836,1,start_turn_right
33.408,146.31419826332208,117.08018067593113,541.37368,555.29016,0.0706981714924647,0.08089403213211395,0.07408804242154836,1,forward
33.44,142.0191240316775,109.09660240574827,541.29832,555.36552,0.07206586400961178,0.07912839850761352,0.07408804242154836,1,forward
33.472,139.79167439500262,85.51121564218914,541.21668,555.44716,0.07279620597113842,0.07786196000031852,0.07408804242154836,1,forward
33.504,150.16491809967698,67.88593253964862,541.13504,555.5288,0.0695153724212259,0.0761926424845,0.07408804242154836,1,forward
33.536,142.14157592146154,71.29867310629093,541.0534,555.60416,0.07202613888746708,0.07535934176509343,0.07408804242154836,1,forward
33.568,133.80864650489036,62.56082836029777,540.97804,555.6858,0.0718906482112323,0.07466560305432121,0.07408804242154836,1,forward
33.6,135.55026876094024,75.21518269560823,540.8964,555.76744,0.07224625181441413,0.0741817328063398,0.07408804242154836,1,forward
33.632,130.26510127916546,67.68278396091311,540.81476,555.84908,0.07069552674720271,0.07348449159451238,0.07408804242154836,1,forward
33.664,116.649921407173,67.66549717858543,540.7394,555.92444,0.06875585234265115,0.07253876374414014,0.07408804242154836,1,forward
33.696,118.18250919245516,66.42382800630287,540.65776,556.00608,0.07024689139934963,0.07208038927518204,0.07408804242154836,1,forward
33.728,110.02797834064792,64.84581838957497,540.57612,556.08772,0.06951876335879155,0.07156806409190394,0.07408804242154836,1,forward
33.76,117.35048307868837,67.52142982875094,540.49448,556.16936,0.07248327946795896,0.07175110716711496,0.07408804242154836,1,forward
33.792,99.4887875313802,64.2190843670464,540.41912,556.24472,0.06708521415996732,0.07081792856568543,0.07408804242154836,1,forward
33.824,88.6654580687442,70.00059036007885,540.33748,556.32636,0.07113684337868546,0.07088171152828544,0.07408804242154836,1,forward
33.856,65.66150430228818,66.80871208468169,540.25584,556.408,0.07010576840952501,0.07072652290453336,0.07408804242154836,1,forward
33.888,64.26166327673921,61.7081063395333,540.1742,556.48964,0.07409536266336023,0.07140029085629875,0.07408804242154836,1,forward
33.92,66.33897398849953,69.57524758297023,540.09884,556.565,0.07259891143039968,0.07164001497111894,0.07408804242154836,1,forward
33.952,68.04490684010372,70.07731464792792,540.0172,556.64664,0.07800868583134035,0.07291374914316322,0.07408804242154836,1,forward
33.984,66.13266745784699,71.94067443854136,539.93556,556.72828,0.0804803143320027,0.07442706218093112,0.07408804242154836,1,forward
34.016,67.83303260303353,61.928566348428724,539.8602,556.80364,0.07972596294330238,0.07548684233340537,0.07408804242154836,1,forward
34.048,68.54029379217882,65.14555113310251,539.77856,556.88528,0.08362023934769913,0.07711352173626412,0.07408804242154836,1,forward
34.08,67.5049670166763,65.0676978041994,539.69692,556.96692,0.08448079531971958,0.07858697645295522,0.07408804242154836,1,forward
34.112,66.38791188658116,68.10194120426792,539.61528,557.04856,0.09068782144272003,0.08100714545090817,0.07408804242154836,1,forward
34.144,63.48288975929049,67.12851304716801,539.53992,557.12392,0.10462752581255477,0.0857312215232375,0.07408804242154836,1,forward
34.176,70.23907603041069,65.05324103646375,539.45828,557.20556,0.10649692758201838,0.08988436273499369,0.10649692758201838,0,normal_exit
34.208,69.83972412104612,71.25449911636176,539.55248,557.29976,0.10578197735256142,0.09306388565850725,0.10572461179734713,0,forward
34.24,71.25767228034988,70.5109500872358,539.64668,557.40024,0.1057797582019156,0.09560706016718892,0.10482723699733924,0,forward
34.272,63.017926897673924,67.75139949436662,539.74716,557.49444,0.10725626236349918,0.09793690060645098,0.10470684856045442,0,forward
34.304,67.77640531915604,68.77595864560563,539.84136,557.58864,0.10573323142897659,0.09949616677095612,0.10391189202402808,0,forward
34.336,72.02311267510088,70.89123851838059,539.93556,557.68284,0.10524715432050592,0.10064636428086608,0.10318526379416339,0,forward
34.368,69.10125412153754,69.97910383079943,540.03604,557.78332,0.10645122244980759,0.10180733591465439,0.10305629148194681,0,forward
34.4,68.13566373201469,62.930795057805845,540.13024,557.87752,0.1080091019063772,0.10304768911299897,0.10360353988723062,0,forward
34.432,66.94251707880541,65.78483863739805,540.22444,557.97172,0.10732720281843507,0.1039035918540862,0.10370240226135014,0,forward
34.464,61.177526141733004,68.86758358904116,540.31864,558.0722,0.1074780661730163,0.10461848671787223,0.10377620744858067,0,forward
34.496,62.53528457741724,63.64485715021319,540.41912,558.1664,0.10447345502124279,0.10458948037854635,0.1027457548782539,0,forward
34.528,66.3062853151571,73.31808975877182,540.51332,558.2606,0.10435820081749088,0.10454322446633527,0.1020843363964895,0,forward
34.56,68.5930799224352,68.3672463457335,540.60752,558.3548,0.10272190767006692,0.10417896110708161,0.10107353586767864,0,forward
34.592,63.120811643329354,64.91018070281892,540.70172,558.45528,0.10191755185849938,0.10372667925736516,0.10009535759304834,0,forward
34.624,65.832987500873,67.77796416089792,540.8022,558.54948,0.10585476097014795,0.10415229559992173,0.10087815709730243,0,forward
34.656,67.02725448704291,70.39983406699724,540.8964,558.64368,0.10638309609352778,0.10459845569864296,0.10161108518152034,0,forward
34.688,67.30239328535234,65.22805368416829,540.9906,558.74416,0.10687981431610748,0.10505472742213587,0.10221807386358571,0,forward
34.72,74.6648957864418,63.888711456873395,541.09108,558.83836,0.10344946032286784,0.10473367400228227,0.10137865041265288,0,forward
34.752,68.4799998386074,65.29229387252543,541.18528,558.93256,0.10775862080678505,0.10533866336318284,0.10242505513719649,0,forward
34.784,68.27880530792872,62.545184395759854,541.27948,559.02676,0.10554834185269128,0.10538059906108455,0.10230472764887537,0,forward
34.816,68.49467816199702,65.70391024766057,541.37368,559.12724,0.1077479691396425,0.10585407307679615,0.10297423247604628,0,forward
34.848,67.13341993539638,66.2412963274932,541.47416,559.22144,0.10640591303116889,0.10596444106767071,0.10292308028176435,0,forward
34.88,69.43305066497416,68.25020376778514,541.56836,559.31564,0.10617547251514917,0.1060066473571664,0.10284900562596055,0,forward
34.912,60.454159402203395,64.28588098085432,541.66256,559.40984,0.10708670723657059,0.10622265933304725,0.10312792550511053,0,forward
34.944,68.57318713430415,69.71153372190693,541.75676,559.51032,0.10687219349258967,0.10635256616495574,0.10318876008889463,0,forward
34.976,61.30653256121671,71.78155209135922,541.85724,559.60452,0.10541465533551403,0.1061649839990674,0.10270562614296384,0,forward
35.008,57.82592025479239,67.93759191066448,541.95144,559.69872,0.10804032250953248,0.10654005170116043,0.10337755269031203,0,forward
35.04,66.70962678541012,67.72642199943088,542.04564,559.7992,0.10732006214832991,0.10669605379059434,0.10350940877886161,0,forward
35.072,70.53828019290748,63.434237987700826,542.14612,559.8934,0.10346924182395864,0.10605069139726721,0.10221444089545363,0,forward
35.104,67.18117836789591,61.88249679182401,542.24032,559.9876,0.10870955224999082,0.10658246356781194,0.10330209489543574,0,forward
35.136,62.09809014441846,70.79037368272085,542.33452,560.0818,0.10610756913213651,0.10648748468067686,0.10306790846922301,0,forward
35.168,66.74292362213968,70.15996032135192,542.42872,560.18228,0.10655303827837313,0.10650059540021611,0.1030359048362329,0,forward
35.2,68.1933372704681,66.18060953978363,542.5292,560.27648,0.10796706717521552,0.106793889755216,0.10352195330278952,0,forward
35.232,66.51264406543231,66.45223079791191,542.6234,560.37068,0.10868162168712052,0.10717143614159691,0.10413117475001726,0,forward
35.264,63.885358854188844,66.41946283864685,542.7176,560.46488,0.10927509014038578,0.10759216694135469,0.10473475256791502,0,forward
35.296,66.12978817649571,65.3505604964982,542.8118,560.56536,0.10791960203160658,0.10765765395940508,0.10459517122818757,0,forward
35.328,65.02026570991893,67.58455331478822,542.91228,560.65956,0.10811973698330161,0.10775007056418438,0.1045772958213431,0,forward
35.36,63.227042888579255,69.54975631135818,543.00648,560.7537599999999,0.1069878038897534,0.1075976172292982,0.10420160977563495,0,forward
35.392,58.79788448168919,69.14669225060797,543.10068,560.85424,0.10727693493272748,0.10753348076998406,0.1040227905240245,0,forward
35.424,70.9120267492389,65.93408899461953,543.20116,560.94844,0.10555394133492216,0.10713757288297168,0.10329075912426958,0,forward
35.456,69.43729217869527,71.4168905783442,543.29536,561.04264,0.10566852838469487,0.10684376398331633,0.10290334415278377,0,forward
35.488,65.22313525840202,75.03067419069822,543.38956,561.13684,0.10320538231239915,0.1061160876491329,0.1017722828021954,0,forward
35.52,66.4135369349953,63.36860610389819,543.48376,561.23732,0.10497682560313737,0.10588823523993379,0.10163975674960714,0,forward
35.552,62.83073983274423,67.5299419260293,543.58424,561.33152,0.10845256082336366,0.10640110035661977,0.1027999176107217,0,forward
35.584,70.86436643922212,62.71257643965891,543.67844,561.42572,0.10473748970099449,0.10606837822549472,0.10225479867095821,0,forward
35.616,69.3385383405881,67.37541109628233,543.77264,561.51992,0.10713912281309255,0.10628252714301431,0.10276537595920078,0,forward
35.648,75.35508440413169,64.30844416072259,543.86684,561.6204,0.10298987034359641,0.10562399578313074,0.1015652250039207,0,forward
35.68,70.10764862075894,72.28713671455,543.96732,561.7146,0.10506468468174508,0.10551213356285362,0.10153835515484756,0,forward
35.712,61.27259633446279,68.67202727037474,544.06152,561.8088,0.10383535067461358,0.10517677698520561,0.10112200237935409,0,forward
35.744,60.842037436595746,64.3730832786094,544.15572,561.90928,0.10750771651091794,0.10564296489034808,0.10212915503582345,0,forward
35.776,71.34391383334123,64.22770154537373,544.2562,562.00348,0.10571948084822942,0.10565826808192436,0.10213483866727421,0,forward
35.808,65.80214373244982,64.95752676546462,544.3504,562.09768,0.1097377554980286,0.10647416556514522,0.10361937236459026,0,forward
35.84,68.42548056652981,61.54082440185156,544.4446,562.19188,0.1072188225690551,0.1066230969659272,0.10366963383881513,0,forward
35.872,64.4253472637235,68.45207913908281,544.5388,562.29236,0.1077788879265868,0.10685425515805913,0.10386122745294094,0,forward
35.904,66.7794867744492,64.63299357552621,544.63928,562.38656,0.10829874501264304,0.10714315312897592,0.10417042394067548,0,forward
35.936,71.07177742837577,65.04774969488064,544.73348,562.48076,0.1059099209154782,0.10689650668627637,0.10355434309146613,0,forward
35.968,75.2399960516597,62.1294982921699,544.82768,562.58124,0.10306622266774362,0.10613044988256982,0.10209889248704385,0,forward
36.0,74.44128239839779,67.95238639901909,544.92816,562.67544,0.10359924335985693,0.10562420857802726,0.10135582677632939,0,forward
36.032000000000004,66.01422886490766,70.26414988696327,545.02236,562.76964,0.10565027332978806,0.10562942152837944,0.10165507595335309,0,forward
36.064,65.12060577976806,64.86915975914522,545.11656,562.86384,0.10849959369421175,0.1062034559615459,0.10286790743601543,0,forward
36.096000000000004,65.78818107719675,71.3320224418368,545.21076,562.96432,0.10572778809025345,0.10610832238728742,0.10261190356045112,0,forward
36.128,68.3915574045502,65.49919911909086,545.31124,563.05852,0.10718180035145061,0.10632301798012006,0.10296852590984196,0,forward
36.160000000000004,66.68206771140855,72.56765970596567,545.40544,563.15272,0.10487150442522239,0.10603271526914054,0.10241101356001737,0,forward
36.192,64.0939516872586,75.74440853017796,545.49964,563.24692,0.10273242006565998,0.10537265622844444,0.10128689106600187,0,forward
36.224000000000004,66.47038334806426,74.52401934247386,545.59384,563.3474,0.10354377311749162,0.10500687960625388,0.10081485837660849,0,forward
36.256,66.24826629621387,70.82547611317835,545.69432,563.4416,0.1060828741425203,0.10522207851350716,0.10142158713317016,0,forward
36.288000000000004,71.8383017938313,69.79558209204846,545.78852,563.5358,0.10537525651284667,0.10525271411337508,0.10159875030817508,0,forward
36.32,64.35974101335361,66.67369065286437,545.88272,563.6362799999999,0.10908568488855666,0.1060193082684114,0.10300042352611671,0,forward
36.352000000000004,64.77254092875589,66.87725608231155,545.9832,563.73048,0.10893449691784433,0.10660234599829799,0.10384577246884641,0,forward
36.384,70.69849557942662,64.21699793814719,546.0774,563.82468,0.10617226096704527,0.10651632899204745,0.10343998577612347,0,forward
36.416000000000004,66.03915075961459,68.0790644354699,546.1716,563.91888,0.10664424696604914,0.10654191258684781,0.10334866779450817,0,forward
36.448,65.83534578460394,71.55503304059826,546.2658,564.01936,0.1055722114864635,0.10634797236677096,0.10286469138545627,0,forward
36.480000000000004,62.89554522924477,66.30895271605579,546.36628,564.11356,0.10696205067280407,0.10647078802797758,0.10305202359729335,0,forward
36.512,69.48158685890701,66.25281465580271,546.46048,564.20776,0.10703659451449439,0.10658394932528094,0.10324025748202549,0,forward
36.544000000000004,69.2825840048871,62.352564652111056,546.55468,564.30196,0.10717928086960368,0.1067030156341455,0.10341217361949842,0,forward
36.576,71.07542401660042,70.60104361854677,546.64888,564.40244,0.10590736451113249,0.1065438854095429,0.10302551687596445,0,forward
36.608000000000004,68.9996032835579,64.6546052622394,546.74936,564.49664,0.10738283624521301,0.10671167557667693,0.10330598175490842,0,forward
36.64,62.69224809882367,70.88789988177122,546.84356,564.59084,0.10603898664198295,0.10657713778973814,0.10304583263562421,0,forward
36.672000000000004,62.74238089906728,65.10396476210013,546.93776,564.69132,0.10830303113319074,0.10692231645842867,0.10364868602391918,0,forward
36.704,68.11690836685597,68.91866169022627,547.03824,564.78552,0.10464916173007784,0.10646768551275852,0.10272653625094864,0,forward
36.736000000000004,67.86670676173294,71.17287796238766,547.13244,564.87972,0.10583909108339432,0.10634196662688568,0.10260236377259528,0,forward
36.768,62.49923396864617,69.02509704557693,547.22664,564.97392,0.107364466235554,0.10654646654861935,0.10306915421911672,0,forward
36.800000000000004,65.03792540646032,68.418526871355,547.32084,565.0744,0.10780325298517718,0.10679782383593092,0.10348460316899928,0,forward
36.832,62.83720741116656,60.82567527356656,547.42132,565.1686,0.10805070616325937,0.10704840030139662,0.10383986636199036,0,forward
36.864000000000004,67.11738112273346,65.76928863445917,547.51552,565.2628,0.10871105548939294,0.10738093133899589,0.10434573793177983,0,forward
36.896,62.226774376626,67.64252098043379,547.60972,565.357,0.10648848403317869,0.10720244187783246,0.10387412413456604,0,forward
36.928,65.39839255343462,66.97536809036312,547.70392,565.45748,0.10763895283580101,0.10728974406942617,0.10394232474683864,0,forward
36.96,72.82819763575093,66.6903485940901,547.8044,565.55168,0.10469272194215251,0.10677033964397144,0.10293058245438978,0,forward
36.992,66.19895082464939,66.05265895592561,547.8986,565.64588,0.10778067120007466,0.10697240595519208,0.10342889465270964,0,forward
37.024,67.64327127701574,71.33023521098207,547.9928,565.74636,0.1057290367499467,0.10672373211414302,0.10297236020216195,0,forward
37.056,67.90717972737195,67.08117322144406,548.09328,565.84056,0.10793807080881172,0.10696659985307676,0.10347078584711969,0,forward
37.088,64.04101014739585,69.4286653732143,548.18748,565.93476,0.10707450247272346,0.10698818037700611,0.10352257579901224,0,forward
37.12,61.15256134111388,68.8948092608349,548.28168,566.02896,0.10742471887050188,0.10707548807570527,0.10368127928408107,0,forward
37.152,68.20344856600484,69.54464247534621,548.37588,566.12944,0.10699146245000216,0.10705868295056466,0.1035865996918901,0,forward
37.184,68.03909155944162,64.86304837685029,548.47636,566.22364,0.10807956082043085,0.1072628585245379,0.10391565925784094,0,forward
37.216,65.24910118398778,72.51140585277335,548.57056,566.31784,0.10491018629416855,0.10679232407846403,0.10303268728912622,0,forward
37.248,68.82370052501565,63.76243487828506,548.66476,566.41832,0.10750975781112615,0.10693581082499647,0.10335605392499993,0,forward
37.28,61.894693855981224,66.27222282448727,548.76524,566.51252,0.10750145166660258,0.10704893899331769,0.10356059627670067,0,forward
37.312,67.95724053589281,65.20071840711154,548.85944,566.60672,0.10576459634907429,0.10679207046446901,0.10311092717825024,0,forward
37.344,66.56369880922996,72.14189118872032,548.95364,566.70092,0.10516498694073173,0.10646665375972156,0.10260754082880845,0,forward
37.376,70.29152974541553,68.96339610088441,549.04784,566.8014,0.10645975875754943,0.10646527475928713,0.1027070492933282,0,forward
37.408,63.940949231051164,65.66223067148417,549.14832,566.8956,0.10881795891264091,0.1069358115899579,0.1036157511531513,0,forward
37.44,60.21809260914179,66.64438919246939,549.24252,566.9898,0.1061477649982898,0.10677820227162428,0.1032835954716927,0,forward
37.472,68.64618142973062,69.09270280965485,549.33672,567.084,0.10191871616437306,0.10580630505017405,0.10155534832085046,0,forward
37.504,68.70024798551535,62.73849160445121,549.43092,567.18448,0.10682825074029387,0.10601069418819802,0.10216382775802858,0,forward
37.536,69.6084733610744,64.29502602377389,549.5314,567.27868,0.10694581423462965,0.10619771819748436,0.10259643284269812,0,forward
37.568,67.17536720034656,68.9784180135684,549.6256,567.37288,0.10739810647299786,0.10643779585258706,0.10307739995945325,0,forward
37.6,68.19891520213484,73.79718434458016,549.7198,567.47336,0.10403311392328388,0.10595685946672644,0.10213921395346989,0,forward
37.632,64.53195848795612,66.14182762398744,549.82028,567.56756,0.10592969354486327,0.10595142628235381,0.10221660419130604,0,forward
37.664,65.47590829701657,66.52116009975607,549.91448,567.66176,0.10662732484755509,0.10608660599539407,0.1025575094457907,0,forward
37.696,71.12218185048677,67.52443790172504,550.00868,567.75596,0.1058745963304689,0.10604420406240905,0.1025066121233541,0,forward
37.728,70.42716863378456,69.92758150132045,550.10288,567.85644,0.10636376490574023,0.10610811623107529,0.10260788853654583,0,forward
37.76,63.860019197968576,67.29443215329736,550.20336,567.95064,0.10613403767476126,0.10611330051981248,0.10259058038868353,0,forward
37.792,60.902774474196846,66.24514858912855,550.29756,568.04484,0.10713658430213696,0.10631795727627738,0.10297995189408768,0,forward
37.824,65.50032910270798,71.72063288783369,550.39176,568.13904,0.10545698166068633,0.10614576215315918,0.10262809775029044,0,forward
37.856,65.47796897057279,70.05406138910253,550.48596,568.23952,0.10662823686265102,0.10624225709505755,0.10278060009853066,0,forward
37.888,71.94767825920297,72.04015669952393,550.58644,568.33372,0.10523535589101442,0.10604087685424893,0.10237945717465204,0,forward
37.92,59.52791276573534,59.09462207664746,550.68064,568.42792,0.10812314778516467,0.10645733104043209,0.1031979090051618,0,forward
37.952,64.58454812598701,64.56698137741265,550.77484,568.5284,0.11066189442358695,0.10729824371706306,0.10459136051211822,0,forward
37.984,64.88795426888022,64.93216755146877,550.87532,568.6226,0.10578113971906737,0.10699482291746393,0.10373703015123789,0,forward
38.016,69.18299033291368,66.11674057843902,550.96952,568.7168,0.1049275797051905,0.10658137427500926,0.1029242847332539,0,forward
38.048,68.64826939354596,69.80206962016807,551.06372,568.811,0.10680760312970936,0.10662662004594929,0.10307624413599843,0,forward
38.08,62.31403427875938,65.6788388160467,551.15792,568.91148,0.10689442828911316,0.10668018169458207,0.10316355974278156,0,forward
38.112,66.15288723206044,61.77965757680129,551.2584,569.00568,0.10947440247687562,0.10723902585104078,0.10414388915436791,0,forward
38.144,67.6190544171583,66.86729091409052,551.3526,569.09988,0.1057477916815887,0.10694077901715036,0.10347923056793076,0,forward
38.176,66.16579493903188,69.82699966450211,551.4468,569.19408,0.10470160797264794,0.10649294480824989,0.10267788771840397,0,forward
38.208,62.062291756506106,66.83241389084537,551.541,569.29456,0.10699502841168229,0.10659336152893638,0.10294395828254929,0,forward
38.24,63.76913245995034,68.6873546699119,551.64148,569.38876,0.10600328988073106,0.10647534719929533,0.10275940921739662,0,forward
38.272,69.76221485851725,71.48065976246951,551.73568,569.48296,0.1056240448456518,0.10630508672856662,0.10254641780751869,0,forward
38.304,62.92178495697492,68.52871963467653,551.82988,569.58344,0.10518197828141784,0.10608046503913687,0.10221004952935812,0,forward
38.336,70.54317737611099,66.22007344951443,551.93036,569.67764,0.1056880547905389,0.10600198298941729,0.1021754934731233,0,forward
38.368,68.36991619106368,65.91158716636863,552.02456,569.77184,0.10698347128567852,0.10619828064866955,0.10265871911089093,0,forward
38.4,70.39355540255465,75.16198928411806,552.11876,569.86604,0.10311803859837285,0.10558223223861023,0.10158400498655107,0,forward
38.432,66.14012683908534,65.68228122107344,552.21296,569.96652,0.10774323591228696,0.10601443297334559,0.10251001832016894,0,forward
38.464,72.8663334450763,70.59145291977605,552.31344,570.06072,0.10466660408093505,0.10574486719486349,0.10200205372543074,0,forward
38.496,64.91871881052434,68.51905597169349,552.40764,570.15492,0.10773028346644938,0.10614195044918068,0.1028149665824133,0,forward
38.528,66.45183506359541,63.776043164040836,552.50184,570.24912,0.10524541140654615,0.10596264264065379,0.10244642303035317,0,forward
38.56,68.69971145677906,68.69144492556248,552.60232,570.3496,0.10759940179608586,0.10628999447174022,0.10297062995057665,0,forward
38.592,69.56711792073206,69.53960010749034,552.69652,570.4438,0.1061184991456032,0.10625569540651282,0.10285910910992979,0,forward
38.624,66.51064602428097,65.61737869319852,552.79072,570.538,0.10461819343447668,0.1059281950121056,0.10225004557703266,0,forward
38.656,68.06100574679853,66.82611967854947,552.88492,570.63848,0.10806356419975867,0.10635526884963623,0.10305220486122948,0,forward
38.688,65.07144127058724,63.71012086679999,552.9854,570.73268,0.10327547909654318,0.10573931089901761,0.1018516167783049,0,forward
38.72,66.6266054514981,62.398532269495554,553.0796,570.82688,0.10158419784015611,0.10490828828724531,0.10051654311193954,0,forward
38.752,66.7940511932138,63.513685296449296,553.1738,570.92108,0.10875072916509819,0.1056767764628159,0.1022272337865715,0,forward
38.784,67.02287461437056,68.61253912287276,553.268,571.02156,0.10766251686724233,0.10607392454370118,0.10289388732477404,0,forward
38.816,67.7302810830607,66.51610595396043,553.36848,571.11576,0.10767206583689792,0.10639355280234053,0.10332512817734527,0,forward
38.848,61.3181098861487,72.36230506761162,553.46268,571.20996,0.10501285073693202,0.10611741238925884,0.1026904987519786,0,forward
38.88,68.07783483949842,68.36812501690937,553.55688,571.31044,0.1070486066305589,0.10630365123751886,0.10297124612036003,0,forward
38.912,62.157272015526296,70.05090715716841,553.65736,571.40464,0.10663047830321384,0.10636901665065786,0.1030016159806102,0,forward
38.944,74.90956768242411,62.645372008478596,553.75156,571.49884,0.10328606708658025,0.10575242673784234,0.10186425393492826,0,forward
38.976,68.39612846344401,71.80744827191089,553.84576,571.59304,0.10539667310224132,0.10568127601072215,0.10189050103270236,0,forward
39.008,65.84003858551249,58.11501761674033,553.93996,571.69352,0.1088750091898392,0.10632002264654557,0.10311217618140123,0,forward
39.04,61.20350754634116,61.889900110899276,554.04044,571.78772,0.10664551146315569,0.1063851204098676,0.10309744252385727,0,forward
39.072,72.71519456458927,72.84989526885836,554.13464,571.88192,0.10467786040583464,0.10604366840906101,0.10242437038549476,0,forward
39.104,67.52033751788404,70.36463054709894,554.22884,571.97612,0.10640800261194601,0.10611653524963802,0.10261226797716037,0,forward
39.136,68.12836868832031,62.395552938549805,554.32304,572.0766,0.10801442115160198,0.10649611243003082,0.10326705247568037,0,forward
39.168,66.60504565395462,73.14588281416523,554.42352,572.1708,0.104475547797881,0.10609199950360086,0.1024194273047597,0,forward
39.2,61.08365916281056,67.01751867762565,554.51772,572.265,0.10834346863717395,0.1065422933303155,0.10330249114655472,0,forward
39.232,68.1844172972802,68.23701425259627,554.61192,572.36548,0.10624987227730685,0.10648380911971377,0.10307783497903607,0,forward
39.264,66.84153597277603,68.7707193643159,554.7124,572.45968,0.10754804485967792,0.10669665626770661,0.10339874373821166,0,forward
39.296,64.07289725502257,66.26756763947806,554.8066,572.55388,0.1064561419295324,0.10664855340007177,0.10325481097566733,0,forward
39.328,68.38163671874307,66.10255217638846,554.9008,572.64808,0.10783005467400222,0.10688485365485786,0.10365465785533569,0,forward
39.36,69.46042861759621,67.2520424717924,554.995,572.74856,0.10526843092918502,0.1065615691097233,0.10295222650669206,0,forward
39.392,74.70802272541745,65.60703158321513,555.09548,572.84276,0.10342062239653531,0.10593337976708571,0.10183945511195071,0,forward
39.424,72.00433992642799,64.09021267440424,555.18968,572.93696,0.10526015249133151,0.10579873431193487,0.1018256770335205,0,forward
39.456,64.02045877826818,66.69206420753949,555.28388,573.03116,0.10792150310525427,0.10622328807059875,0.10277028405850056,0,forward
39.488,60.92933602769514,67.23789500401448,555.37808,573.13164,0.1080901389014199,0.10659665823676298,0.10339558455679584,0,forward
39.52,68.66580992467685,73.15938637556381,555.47856,573.22584,0.10446633653105808,0.10617059389562201,0.10249861178882858,0,forward
39.552,67.2944149356518,62.52741487524023,555.57276,573.32004,0.10742405445355413,0.10642128600720845,0.10302392009903591,0,forward
39.584,66.894405222598,64.6024737774463,555.66696,573.42052,0.10825574938103129,0.10678817868197302,0.10361768477382034,0,forward
39.616,68.84822854373074,64.76507836985299,555.76744,573.51472,0.10666026362657119,0.10676259567089266,0.10342713391080721,0,forward
39.648,66.04356021447168,70.58168718069768,555.86164,573.60892,0.10625462032976185,0.1066610006026665,0.10320083351549658,0,forward
39.68,63.77335560042661,66.80571478722699,555.95584,573.70312,0.10680987803658888,0.10669077608945099,0.10325453222627737,0,forward
39.712,68.91311364592818,66.45865559424033,556.05004,573.8036,0.10638420530928942,0.10662946193341868,0.10309518353051471,0,forward
39.744,64.11053053065724,64.30673656104105,556.15052,573.8978,0.11087493474867736,0.10747855649647044,0.10460176052541491,0,forward
39.776,62.81269119239257,62.83955145664237,556.24472,573.992,0.10865178078489902,0.10771320135415617,0.10481344213243847,0,forward
39.808,64.33414756828061,68.35975411811678,556.33892,574.0862,0.10669089353894429,0.10750873979111379,0.10424678450263222,0,forward
39.84,63.60930684686572,69.79971842975132,556.4394,574.18668,0.10554196735316589,0.10711538530352421,0.1033889068346665,0,forward
39.872,64.77958782687486,73.2439852430242,556.5336,574.28088,0.10440866553180647,0.10657404134918066,0.10251497429942877,0,forward
39.904,59.96233883443525,64.1351053589111,556.6278,574.37508,0.10724832529272871,0.10670889813789028,0.10297146431431083,0,forward
39.936,67.50043125221954,67.41929690664064,556.722,574.47556,0.10544507159165543,0.10645613282864332,0.10257707507758058,0,forward
39.968,66.36933333479536,64.22445533513411,556.82248,574.56976,0.1070618752371043,0.10657728131033552,0.1029032109146059,0,forward
40.0,66.21157439922492,69.82546661066009,556.91668,574.66396,0.10679092387930264,0.10662000982412895,0.10305674470468754,0,forward
40.032000000000004,66.11168703708556,64.40171187039586,557.01088,574.75816,0.10659717708545317,0.1066154432763938,0.10308586259683701,0,forward
40.064,70.71221881021272,67.76481485244734,557.10508,574.85864,0.10616259336045149,0.10652487329320534,0.10290754691440276,0,forward
40.096000000000004,63.34954187345649,68.53302148250972,557.20556,574.95284,0.10429753680022247,0.10607940599460877,0.10212494354472167,0,forward
40.128,67.99612307730531,66.36344924832349,557.29976,575.04704,0.10811094011998174,0.10648571281968337,0.10303020332123614,0,forward
40.160000000000004,73.25483430559717,65.38376607011881,557.39396,575.14752,0.10440127433823893,0.1060688251233945,0.10224082212359509,0,forward
40.192,69.33996978314165,64.72949451441262,557.49444,575.24172,0.10713809587101022,0.10628267927291765,0.1027147297456995,0,forward
40.224000000000004,66.27027951705489,61.93091318657869,557.58864,575.33592,0.10926097795558538,0.1068783390094512,0.10382070391114095,0,forward
40.256,68.71258495196972,70.36464551690054,557.68284,575.43012,0.10562903332517927,0.10662847787259683,0.1032292828043146,0,forward
40.288000000000004,64.16072934367813,62.07097568171441,557.7770399999999,575.5306,0.10624797282361592,0.10655237686280065,0.10303017358589177,0,forward
40.32,71.76298583562317,65.38714069052831,557.87752,575.6248,0.10328737516311509,0.10589937652286355,0.10184174023001917,0,forward
40.352000000000004,68.43245057987639,66.48622822863308,557.97172,575.719,0.10725130670527336,0.10616976255934552,0.10254048955992144,0,forward
40.384,64.43146435799586,68.36085331149891,558.06592,575.8132,0.10784516024861591,0.1065048420971996,0.1032016591802805,0,forward
40.416000000000004,66.57201194598011,68.17994261057989,558.16012,575.91368,0.1079768268101463,0.10679923903978894,0.1036318213614919,0,forward
40.448,62.62349840866443,70.8755741468128,558.2606,576.00788,0.10331518803352273,0.1061024288385357,0.10223780730719406,0,forward
40.480000000000004,68.02296782343599,68.62663893685887,558.3548,576.10208,0.10653548351347297,0.10618903977352316,0.10253821353178745,0,forward
40.512,67.77204160818555,69.56392907683046,558.449,576.20256,0.10654653216659705,0.10626053825213794,0.10269364625585989,0,forward
40.544000000000004,68.67917548825,64.7049108611285,558.54948,576.29676,0.10526032313624058,0.10606049522895847,0.10233259990890653,0,forward
40.576,66.15813725803173,65.94239737630393,558.64368,576.39096,0.1040092380764936,0.10565024379846549,0.1016939994162027,0,forward
40.608000000000004,66.63758833502584,64.80636918229305,558.73788,576.48516,0.10902274117316677,0.10632474327340574,0.10308030781796636,0,forward
40.64,59.14683031325417,66.93478220352438,558.83208,576.58564,0.10428904080534482,0.10591760277979356,0.10223276779239464,0,forward
40.672000000000004,68.21625839378027,67.67773296285858,558.93256,576.67984,0.10340083293585761,0.10541424881100638,0.10137065820390588,0,forward
40.704,62.68404277680232,70.95778312984822,559.02676,576.77404,0.10598989775994126,0.10552937860079335,0.10178626693262188,0,forward
40.736000000000004,64.5148602467559,65.67029764159817,559.12096,576.86824,0.10786911946222573,0.10599732677307984,0.10272622608793074,0,forward
40.768,69.23184624687092,70.60257971995189,559.21516,576.96872,0.10623988001900285,0.10604583742226445,0.10270444143752692,0,forward
40.800000000000004,68.56657773917384,66.84533172602933,559.31564,577.06292,0.10700173759687509,0.10623701745718658,0.10296340254717865,0,forward
40.832,65.1377529426598,65.53214825940115,559.40984,577.15712,0.10695343049625,0.10638030006499928,0.10315359145488531,0,forward
40.864000000000004,62.15781849109129,67.61178045331471,559.50404,577.2576,0.10839243284556366,0.10678272662111216,0.10374986827068354,0,forward
40.896,67.21282110470752,75.25888458716679,559.60452,577.3518,0.10305368380395095,0.10603691805767992,0.10221987714791304,0,forward
40.928000000000004,68.5619232119949,59.324132317710735,559.69872,577.446,0.10672852236277565,0.10617523891869907,0.10259586461676053,0,forward
40.96,66.29838880796328,73.08836483703642,559.79292,577.5402,0.10451480108911025,0.10584315135278131,0.10204406932581388,0,forward
40.992,66.58379687196037,70.09699148590228,559.88712,577.64068,0.10495989165432845,0.10566649941309075,0.10180810697851016,0,forward
41.024,64.44379172148754,58.547157495045255,559.9876,577.73488,0.10439650991955214,0.10541250151438304,0.10145484415724403,0,forward
41.056,71.52187235095883,66.24044329477393,560.0818,577.82908,0.10524470696518286,0.10537894260454302,0.10157332238799081,0,forward
41.088,67.79293934051542,63.804409272656095,560.176,577.92328,0.10764074755311749,0.10583130359425792,0.10250775457319836,0,forward
41.12,64.85790861022838,65.40819255388804,560.27648,578.02376,0.10541358101125034,0.1057477590776564,0.10222690216222059,0,forward
41.152,67.74240003504787,66.09792571586789,560.37068,578.11796,0.10655855814364557,0.10590991889085424,0.10253948189846983,0,forward
41.184,65.40345388950506,70.42174868069863,560.46488,578.21216,0.10636759737425551,0.1060014545875345,0.10267166443702615,0,forward
41.216,65.79914669642771,73.02841433922991,560.55908,578.31264,0.10455574586646088,0.10571231284331978,0.10206607310286889,0,forward
41.248,62.75918433468903,68.74882475605347,560.65956,578.40684,0.10756387505070938,0.1060826252847977,0.10275512449847125,0,forward
41.28,66.84361221503919,58.79538866693258,560.7537599999999,578.50104,0.10829050490472404,0.10652420120878298,0.10349894762150251,0,forward
41.312,65.18945252489422,67.20164885445884,560.84796,578.59524,0.10710580102364992,0.10664052117175638,0.10355186134733563,0,forward
41.344,70.68764889233775,68.39803962486148,560.94216,578.69572,0.10533139130068374,0.10637869519754185,0.10290881365546765,0,forward
41.376,62.16968750563729,66.2101168596637,561.04264,578.78992,0.1086814210944907,0.10683924037693163,0.10369631619842512,0,forward
41.408,65.27527744948291,63.7236782036563,561.13684,578.88412,0.10610635262656345,0.106692662826858,0.10332046118401869,0,forward
41.44,63.72820512144261,68.48325593887058,561.23104,578.9846,0.1056705471699814,0.1064882396954827,0.10288181950965701,0,forward
41.472,65.36235058449674,66.34237222049242,561.33152,579.0788,0.10243364458522698,0.10567732067343155,0.10144067968272354,0,forward
41.504,62.362556076642264,65.14354333725908,561.42572,579.173,0.1090153049566464,0.10634491753007452,0.10291507771565186,0,forward
41.536,68.46391026555898,64.56516251798197,561.51992,579.2672,0.10728589358750092,0.1065331127415598,0.10324168677906614,0,forward
41.568,69.52262394520173,72.75611044984336,561.61412,579.36768,0.10371638805602426,0.1059697678044527,0.1021311743369873,0,forward
41.6,69.27300732509443,65.42758986408803,561.7146,579.46188,0.10480370364503212,0.1057365549725686,0.1018080504234941,0,forward
41.632,65.35346699519177,75.3142392515193,561.8088,579.55608,0.1030169550268295,0.1051926349834208,0.10100188084088997,0,forward
41.664,65.55348755076149,65.25623055223066,561.903,579.65028,0.10634157509993125,0.10542242300672289,0.10167559792043654,0,forward
41.696,58.36463620051087,65.53837391334238,561.9972,579.75076,0.10486709192563252,0.10531135679050482,0.10153839703799872,0,forward
41.728,66.59890727656698,70.01233881273536,562.09768,579.84496,0.10625405256090902,0.10549989594458567,0.10194723855641669,0,forward
41.76,65.54225377188097,66.93559351318407,562.19188,579.93916,0.10508661644550378,0.10541724004476931,0.10183267564114211,0,forward
41.792,73.63944742347022,70.3097412482277,562.28608,580.03964,0.10413665250609852,0.10516112253703516,0.10137751502515714,0,forward
41.824,66.13361525717616,68.93215467020585,562.38656,580.13384,0.10743146794209935,0.10561519161804801,0.1022658117152225,0,forward
41.856,64.2853023807412,65.18826157890327,562.48076,580.22804,0.10547124111670525,0.10558640151777947,0.1021749122542403,0,forward
41.888,68.80791196235616,62.44490050033659,562.57496,580.32224,0.10462870065395188,0.10539486134501395,0.10181473171483034,0,forward
41.92,65.45104489811968,71.09557185955916,562.66916,580.42272,0.10589324229085771,0.10549453753418273,0.10199531123316088,0,forward
41.952,65.3920029501645,70.636144852509,562.76964,580.51692,0.10621620737616416,0.10563887150257902,0.10222690145864821,0,forward
41.984,63.17544293674953,66.63464643006313,562.86384,580.61112,0.1047972026247888,0.10547053772702097,0.10190846249975431,0,forward
42.016,70.66181375738437,65.095225938594,562.95804,580.70532,0.1061981108614909,0.10561605235391497,0.10220599268827368,0,forward
42.048,72.36907347987753,65.90007779563066,563.05224,580.8058,0.10500818594340948,0.10549447907181388,0.10192932186531725,0,forward
42.08,63.873750323202195,64.528270838451,563.15272,580.9,0.10621473337150088,0.1056385299317513,0.10218402520801195,0,forward
42.112,67.54619642843527,68.4090123384609,563.24692,580.9942,0.10755740682842693,0.10602230531108643,0.10286981103976697,0,forward
42.144,62.61433106405133,62.956311039609005,563.34112,581.09468,0.10615799125539532,0.10604944249994822,0.1027672487240824,0,forward
42.176,63.77396958936935,69.68833483227878,563.4416,581.18888,0.10628217874709846,0.10609598974937827,0.10274592124327687,0,forward
42.208,69.20221001050224,63.64577330942825,563.5358,581.28308,0.10540812885867544,0.10595841757123771,0.10246040846551512,0,forward
42.24,72.0538282725031,65.3545167495022,563.63,581.37728,0.10522589389413872,0.10581191283581792,0.10221189574610218,0,forward
42.272,65.02446405103427,65.82968538916181,563.7242,581.47776,0.10730559137863942,0.10611064854438224,0.10275617299536693,0,forward
42.304,69.37334163339493,66.96064156277768,563.82468,581.57196,0.10711415989654027,0.10631135081481385,0.10303687702267658,0,forward
42.336,65.70886512021285,70.78823910545931,563.91888,581.66616,0.10501153605303949,0.10605138786245899,0.10250504475992982,0,forward
42.368,70.66861145146196,67.26089371435715,564.01308,581.76036,0.10619331953659385,0.10607977419728597,0.10258712830950226,0,forward
42.4,66.70130802479873,68.19478871857258,564.11356,581.86084,0.10653674864065055,0.10617116908595889,0.10268022296171876,0,forward
42.432,68.17239845857587,63.0196787163068,564.20776,581.95504,0.10781797572351415,0.10650053041346993,0.10328159297128171,0,forward
42.464,66.28741470804935,72.17353531199919,564.30196,582.04924,0.10514311813283062,0.10622904795734209,0.10270922964366601,0,forward
42.496,68.45780196940919,69.87628030482414,564.39616,582.14972,0.10675471774091662,0.10633418191405701,0.10287797860901202,0,forward
42.528,68.58061322055005,65.36835204684513,564.49664,582.24392,0.10768565059191085,0.10660447564962779,0.10331978572073906,0,forward
42.56,67.90619988845181,70.83503584683359,564.59084,582.33812,0.10607615074422963,0.10649881066854816,0.10306800554715034,0,forward
42.592,73.48076225272024,66.7480703578512,564.68504,582.43232,0.10331586069624231,0.105862220674087,0.10191753272290391,0,forward
42.624,65.48792748856364,67.8347132203184,564.77924,582.5328,0.1082289785089593,0.10633557224106147,0.10289807818242094,0,forward
42.656,65.42241474655906,67.3533337076324,564.87972,582.627,0.10684574839947301,0.10643760747274378,0.10303178315175307,0,forward
42.688,69.15512362278713,68.64863965880693,564.97392,582.7212,0.10414063057815454,0.10597821209382594,0.10218976732813,0,forward
42.72,67.29403997608655,66.89817069373912,565.06812,582.82168,0.10360717149976208,0.10550400397501318,0.10141698533385275,0,forward
42.752,66.89531061566744,74.44495833454678,565.1686,582.91588,0.10359677759983614,0.10512255869997778,0.10091733464527092,0,forward
42.784,69.08860416645561,62.356342378235155,565.2628,583.01008,0.10731873230321612,0.10556179342062545,0.101971415004034,0,forward
42.816,63.47226107131499,67.53148107151735,565.357,583.10428,0.10721993594414723,0.10589342192532981,0.10261246855193856,0,forward
42.848,68.28028808815897,59.89196311351641,565.4512,583.20476,0.10790375582820096,0.10629548870590405,0.10322753450323693,0,forward
42.88,67.67070536572092,66.13858275467217,565.55168,583.29896,0.10820828606626147,0.10667804817797555,0.10373134868466838,0,forward
42.912,71.20705237231033,59.90050702622189,565.64588,583.39316,0.10581517031761138,0.10650547260590272,0.10323862475060176,0,forward
42.944,67.51566929740834,63.277729754737635,565.74008,583.48736,0.1079175446878428,0.10678788702229075,0.10367561442763508,0,forward
42.976,65.87689889220933,65.30523845792939,565.83428,583.58784,0.10802932314742979,0.10703617424731857,0.1039547857640814,0,forward
43.008,66.76921099134775,70.80023451585753,565.93476,583.68204,0.10568518209966159,0.10676597581778718,0.10329413558173212,0,forward
43.04,70.55499783511958,69.27046753967264,566.02896,583.77624,0.10627345641173873,0.1066674719365775,0.10312223101349076,0,forward
43.072,66.48012392633366,67.71014388125863,566.12316,583.87672,0.10585135847839278,0.10650424924494056,0.1028193838181119,0,forward
43.104,71.43263627353913,68.48635852687312,566.22364,583.97092,0.10565754115974398,0.10633490762790125,0.102555597401372,0,forward
43.136,72.59591515809126,61.87320232217517,566.31784,584.06512,0.10485208587283482,0.10603834327688796,0.10213906297198581,0,forward
43.168,67.5086213669783,64.12213876572314,566.41204,584.15932,0.1084682363086732,0.10652432188324502,0.1031672684209566,0,forward
43.2,61.76963613034194,67.59847865284453,566.50624,584.2598,0.10701336763377237,0.1066221310333505,0.1032645848091798,0,forward
43.232,69.37677427763563,72.6570756873631,566.60672,584.354,0.10481007793420266,0.10625972041352094,0.10253769165202431,0,forward
43.264,70.92886738303046,71.51406307106768,566.70092,584.4482,0.10560075860743831,0.10612792805230442,0.10239578976712607,0,forward
43.296,63.32385946819458,66.63284913664371,566.79512,584.5424,0.10569507685294813,0.10604135781243317,0.10233851553201376,0,forward
43.328,67.94566503274048,72.37123020823158,566.88932,584.64288,0.10500669961208746,0.10583442617236404,0.10201383490770946,0,forward
43.36,65.5061078317934,61.16377447793828,566.9898,584.73708,0.10742846673310716,0.10615323428451268,0.10267308997739157,0,forward
43.392,74.08836531778742,72.09594271786966,567.084,584.83128,0.10383652242011952,0.10568989191163405,0.10185062964904851,0,forward
43.424,67.4005125082678,65.95772598405466,567.1782,584.93176,0.10851963882216042,0.10625584129373933,0.10295927489855228,0,forward
43.456,68.21825869080386,66.48383824346722,567.27868,585.02596,0.10724244314681361,0.1064531616643542,0.10321317457711598,0,forward
43.488,67.73067047438107,70.36418535888126,567.37288,585.12016,0.10416900522713997,0.10599633037691136,0.10231633933509587,0,forward
43.52,73.90064190003085,66.98275541231229,567.46708,585.21436,0.10396317911651799,0.1055897001248327,0.1016670633449897,0,forward
43.552,62.345658356608375,70.4651100420927,567.56128,585.31484,0.10633694412959915,0.105739148925786,0.10205950571691971,0,forward
43.584,69.39538463025005,69.25533168362149,567.66176,585.40904,0.10709835541171243,0.10601099022297128,0.10258413399383141,0,forward
43.616,65.71821978182959,68.6135694785342,567.75596,585.50324,0.1066615486474464,0.10614110190786631,0.1028056298499141,0,forward
43.648,70.72939739666322,65.08624366039419,567.85016,585.59744,0.10615049403995165,0.10614298033428339,0.10276468395738268,0,forward
43.68,66.22583167377952,68.77028468673215,567.95064,585.69792,0.10754835909396453,0.10642405608621962,0.10315658505702067,0,forward
43.712,68.73853248297574,66.42869144433448,568.04484,585.79212,0.1075713181574608,0.10665350850046786,0.10349892780000897,0,forward
43.744,69.04622739087718,64.36404846252236,568.13904,585.88632,0.10635513514401462,0.10659383382917723,0.10328291689350078,0,forward
43.776,63.622818073754125,62.34789119059941,568.23324,585.9868,0.10628846740137136,0.10653276054361606,0.10307910034564766,0,forward
43.808,69.48812198069304,67.15974872839132,568.33372,586.081,0.10703191523180994,0.10663259148125484,0.1032146484316318,0,forward
43.84,61.04004582410162,62.349913164585935,568.42792,586.1752,0.10674182994445482,0.10665443917389485,0.10323901910003845,0,forward
43.872,68.82291147482339,69.62472673254042,568.52212,586.2694,0.10650024084060587,0.10662359950723706,0.1031681076668532,0,forward
43.904,66.69694889257603,70.83443057463295,568.61632,586.36988,0.10607657640927808,0.10651419488764527,0.10292951084166992,0,forward
43.936,61.2344930403439,64.9225336296946,568.7168,586.46408,0.10374895085571706,0.10596114608125963,0.10194250366165082,0,forward
43.968,65.7227318941802,64.44235128566207,568.811,586.55828,0.10413320245812514,0.10559555735663273,0.10148806928042552,0,forward
44.0,67.48931390481985,66.16858671480466,568.9052,586.65876,0.10464091930793178,0.10540462974689255,0.10133702390046494,0,forward
44.032000000000004,63.81755040570376,68.31484635114897,569.00568,586.75296,0.10610771337858137,0.10554524647323031,0.10176558174991478,0,forward
44.064,64.48681382934674,66.6161323090603,569.09988,586.84716,0.10912850958496648,0.10626189909557754,0.1031641375729247,0,forward
44.096000000000004,68.93940398085276,66.65444400209415,569.19408,586.94136,0.1072049636676273,0.10645051200998751,0.1033725253008201,0,forward
44.128,65.84944701053439,70.12055183596897,569.28828,587.04184,0.10581856781672708,0.10632412317133542,0.10296826077965349,0,forward
44.160000000000004,69.98107578874689,66.09678758738782,569.38876,587.13604,0.10668012558155343,0.10639532365337903,0.10301748667407931,0,forward
44.192,70.806111344119,65.20379286137506,569.48296,587.23024,0.10609649607296207,0.10633555813729564,0.10288129629023002,0,forward
44.224000000000004,62.15482392742764,65.60884040179985,569.57716,587.32444,0.10988343809241836,0.1070451341283202,0.10415059778599835,0,forward
44.256,70.73259490721692,64.85348581062217,569.67136,587.42492,0.10614824225542432,0.10686575575374103,0.10358569127053213,0,forward
44.288000000000004,66.07315261376402,65.66281083311647,569.77184,587.51912,0.10818273567637633,0.1071291517382681,0.10395203945843484,0,forward
44.32,72.84829231670564,68.02503168664293,569.86604,587.61332,0.10467895818454802,0.10663911302752409,0.10297319478692589,0,forward
44.352000000000004,61.92676092869237,58.86208097383586,569.96024,587.7138,0.11128599379830953,0.10756848918168119,0.10467074018865118,0,forward
44.384,65.30393952220052,65.79054670297846,570.06072,587.808,0.10750996233098672,0.1075567838115423,0.10440733524482404,0,forward
44.416000000000004,69.8657177820173,68.03704425170982,570.15492,587.9022,0.10676224180417514,0.10739787541006887,0.10401172953761928,0,forward
44.448,70.287310331328,70.39567150313566,570.24912,587.9964,0.10638604050294366,0.10719550842864384,0.10362307560573601,0,forward
44.480000000000004,70.47688303604188,66.70350106704436,570.34332,588.09688,0.1063286245513719,0.10702213165318945,0.10331178122735181,0,forward
44.512,67.27366918945462,72.81620511922493,570.4438,588.1910799999999,0.10470093788493856,0.10655789289953929,0.10252887934734914,0,forward
44.544000000000004,68.88870411569249,68.09004316460613,570.538,588.28528,0.1074628199300288,0.10673887830563719,0.1030572321009885,0,forward
44.576,64.70668354618705,69.33868376005796,570.6322,588.37948,0.10515179862911214,0.10642146237033219,0.10256835760695379,0,forward
44.608000000000004,67.15479695662586,66.5413338794351,570.7264,588.47996,0.10872904132860875,0.10688297816198751,0.10349489141570585,0,forward
44.64,67.59718686971365,71.69035543350122,570.82688,588.57416,0.10547803091551301,0.10660198871269262,0.10292478838507914,0,forward
44.672000000000004,63.4662595874488,68.36885543630439,570.92108,588.66836,0.10772265287411543,0.10682612154497718,0.10340439084814336,0,forward
44.704,64.22343728379968,69.46513095619713,571.01528,588.76884,0.10704837909444596,0.10687057305487095,0.10342929945273589,0,forward
44.736000000000004,61.55311588383801,68.82191963307872,571.11576,588.86304,0.10615150493265008,0.10672675943042678,0.10312397240383846,0,forward
44.768,69.71541278840996,69.04813673205534,571.20996,588.95724,0.10686942447677385,0.1067552924396962,0.1032265401526034,0,forward
44.800000000000004,65.76462055326294,65.36007500346538,571.30416,589.05144,0.1087003463364968,0.10714430321905632,0.10394830384438786,0,forward
44.832,67.29398974405635,70.67374254651722,571.39836,589.15192,0.10493709962999821,0.10670286250124471,0.10302196965146904,0,forward
44.864000000000004,67.5279824746254,68.87047650327924,571.49884,589.24612,0.10747597761365103,0.10685748552372598,0.10333707395071604,0,forward
44.896,65.49150213560165,69.28843421969178,571.59304,589.34032,0.10717508079999363,0.10692100457897952,0.10347280014869854,0,forward
44.928000000000004,67.38546389987268,72.70149861096894,571.68724,589.43452,0.10477958727021086,0.10649272111722578,0.1027016977191526,0,forward
44.96,64.0362792371743,60.497643379330384,571.78144,589.535,0.10733474620170083,0.10666112613412079,0.10308094464006722,0,forward
44.992000000000004,67.62696462231447,67.59852991508133,571.88192,589.6292,0.10301831150814907,0.10593256320892645,0.10177792807865726,0,forward
45.024,68.92096083156305,65.24312102956895,571.97612,589.7234,0.10511299641000053,0.10576864984914128,0.10173347274559891,0,forward
45.056,65.26060985911157,68.18192090615108,572.07032,589.82388,0.10527862630056763,0.10567064513942655,0.10172297307389157,0,forward
45.088,62.77111997314405,65.92056248030637,572.1708,589.91808,0.10850273911576895,0.10623706393469504,0.10287129781000495,0,forward
45.12,68.88130576975131,66.17046106096267,572.265,590.01228,0.10573206974085733,0.10613606509592749,0.10265692220128622,0,forward
45.152,69.76662746527478,58.14961221775681,572.3592,590.10648,0.10683287906519626,0.10627542788978125,0.10291372155012195,0,forward
45.184,71.43599398655483,65.6362908203024,572.4534,590.20696,0.1056551984690017,0.10615138200562535,0.10261529864010974,0,forward
45.216,68.14900535396191,66.2514535916481,572.55388,590.30116,0.10676401883431715,0.10627390937136372,0.10282103128560467,0,forward
45.248,69.27378419748517,62.39426473027558,572.64808,590.39536,0.10718559917280876,0.10645624733165274,0.10314540196122579,0,forward
45.28,67.05984653115665,69.47134479873687,572.74228,590.49584,0.10704392886505436,0.10657378363833307,0.1032615009666055,0,forward
45.312,68.13773066253655,68.06500809504695,572.84276,590.59004,0.10800759488106791,0.10686054588688004,0.10368124726920028,0,forward
45.344,68.37197367431291,72.94198456736378,572.93696,590.68424,0.10461483186098419,0.10641140308170088,0.10277644220842422,0,forward
45.376,67.75491146236834,67.40295560873669,573.03116,590.77844,0.10693013619647276,0.10651514970465527,0.10302526571346382,0,forward
45.408,68.81870195392288,70.04367306761677,573.12536,590.87892,0.10549271183319182,0.1063106621303626,0.10262866919538058,0,forward
45.44,68.05516544830401,64.09677650446883,573.22584,590.97312,0.1051616466669765,0.10608085903768538,0.1022555497801433,0,forward
45.472,67.7893276418354,67.13649028118894,573.32004,591.06732,0.10631180412276581,0.10612704805470147,0.10246946479464006,0,forward
45.504,63.20711480547633,70.96481273125464,573.41424,591.16152,0.10598496239307743,0.10609863092237667,0.1024896496122767,0,forward
45.536,66.97772837257224,66.37666990470512,573.50844,591.262,0.10610033886757746,0.10609897251141684,0.10250262860128627,0,forward
45.568,66.06845778824791,69.03667888374693,573.60892,591.3562,0.10735612280035091,0.10635040256920365,0.10296085186880502,0,forward
45.6,66.14725957318733,68.9986044609361,573.70312,591.4504,0.10713483269814168,0.10650728859499126,0.10321694328829724,0,forward
45.632,64.90470448751695,60.079668517893765,573.79732,591.55088,0.10605107651723447,0.10641604617943991,0.1029517152027239,0,forward
45.664,66.59403069303137,64.9155472088412,573.8978,591.64508,0.10841901972559437,0.10681664088867081,0.10362984066498138,0,forward
45.696,75.9252422841065,65.48609553160931,573.992,591.73928,0.10261327650109982,0.10597596801115661,0.10202638005084577,0,forward
45.728,65.6264653900793,64.19025214685385,574.0862,591.83348,0.10508002113260553,0.1057967786354464,0.1018811012753618,0,forward
45.76,70.07776485745573,70.78236409750897,574.1804,591.93396,0.10611320558452719,0.10586006402526257,0.10211670691121688,0,forward
45.792,66.82754340632403,67.83225713910646,574.28088,592.02816,0.10559052783021335,0.10580615678625273,0.10208065178272041,0,forward
45.824,64.42109633983071,65.04445590101523,574.37508,592.12236,0.10623571570472937,0.10589206856994807,0.10232996607697104,0,forward
45.856,67.58662179894198,65.43521951321102,574.46928,592.21656,0.1069121015383311,0.10609607516362468,0.10273228198291033,0,forward
45.888,66.07318517819158,72.45837467705829,574.56348,592.31704,0.10494667829098703,0.10586619578909716,0.10224502845434283,0,forward
45.92,64.11844266511982,67.22803376522315,574.66396,592.41124,0.10734853645717778,0.1061626639227133,0.10279282105954143,0,forward
45.952,65.0259673266954,68.06151730968676,574.75816,592.50544,0.10801896007457583,0.10653392315308581,0.10342585611336662,0,forward
45.984,67.27283371470479,65.18434886336938,574.85236,592.60592,0.10479776787326202,0.10618669209712106,0.10263677611823084,0,forward
46.016,67.13695455079078,71.05478200474694,574.95284,592.70012,0.10570460765343188,0.10609027520838323,0.10245527221985481,0,forward
46.048,64.55122915012281,67.9992212756702,575.04704,592.79432,0.104765217409836,0.1058252636486738,0.1020435587617384,0,forward
46.08,69.28630131713561,67.38461230576566,575.14124,592.88852,0.10659208149625683,0.10597862721819042,0.10243383265385529,0,forward
46.112,68.6711937200253,63.67915271177321,575.23544,592.989,0.10762004124437777,0.10630691002342789,0.10301125337059394,0,forward
46.144,64.80521099106416,72.90222042404096,575.33592,593.0832,0.10464203826227958,0.10597393567119824,0.10231491663446105,0,forward
46.176,70.89507323632748,72.0355950857099,575.43012,593.1774,0.10406785352884916,0.10559271924272844,0.10170365073817658,0,forward
46.208,68.4409977160328,66.43305327983401,575.52432,593.2716,0.10778693384025857,0.10603156216223447,0.10264376414933495,0,forward
46.24,64.49102596326561,66.30250084037593,575.61852,593.37208,0.10623122699838895,0.10607149512946537,0.10264842210249443,0,forward
46.272,67.14486221669188,66.97855914150601,575.719,593.46628,0.10484306821929144,0.10582580974743058,0.102154092918402,0,forward
46.304,65.85492073010376,65.85355920061771,575.8132,593.56048,0.1072893059320924,0.10611850898436295,0.10275455304398172,0,forward
46.336,68.46067270448674,66.11615492397058,575.9074,593.66096,0.10479743743672303,0.10585429467483498,0.10220585407348663,0,forward
46.368,67.76577244780925,66.76310838120989,576.00788,593.75516,0.10374085484126964,0.10543160670812192,0.10147520194992812,0,forward
46.4,64.96901954720961,63.428137260993985,576.10208,593.84936,0.11036840871224593,0.10641896710894673,0.1034219917820707,0,forward
46.432,66.57608829027772,67.39718833622075,576.19628,593.94356,0.10511415711245754,0.1061580051096489,0.1027889540129727,0,forward
46.464,67.08285720696388,66.59466246285697,576.29048,594.04404,0.10667401401479004,0.10626120689067713,0.10290022839876997,0,forward
46.496,68.5434845252348,72.35194963931514,576.39096,594.13824,0.10501998850608162,0.10601296321375803,0.10237907073493083,0,forward
46.528,62.44894900128751,65.55996474837173,576.48516,594.23244,0.10369917342438852,0.10555020525588414,0.10161273870839344,0,forward
46.56,71.73525187079548,61.23008115769657,576.57936,594.32664,0.1054468213729543,0.10552952847929818,0.10174705903749708,0,forward
46.592,63.94297406932201,69.53698985747667,576.67984,594.42712,0.1051143539286832,0.1054464935691752,0.10163153119293804,0,forward
46.624,70.12503032905718,64.55329385372788,576.77404,594.52132,0.1057556393102673,0.10550832271739362,0.10186975533584233,0,forward
46.656,68.83302638689233,67.4154349324283,576.86824,594.61552,0.10589864634596326,0.10558638744310755,0.10207386722934378,0,forward
46.688,66.09983482280263,65.42715458417517,576.96244,594.716,0.10206371036984858,0.10488185202845576,0.10078965068974827,0,forward
46.72,67.33715835966757,66.09832553528325,577.06292,594.8102,0.10808255937696204,0.10552199349815702,0.10212181266278439,0,forward
46.752,61.18495888184504,65.21644721663064,577.15712,594.9044,0.10886945718081406,0.10619148623468844,0.1032999385800868,0,forward
46.784,64.27012155738377,65.84044827241846,577.25132,594.9986,0.1097089332179867,0.1068949756313481,0.10435674061442396,0,forward
46.816,67.0719537156823,64.37947251527372,577.34552,595.09908,0.10762957438049685,0.10704189538117785,0.104248680317022,0,forward
46.848,71.02696609057001,66.31420030412212,577.446,595.19328,0.1059413455369612,0.10682178541233453,0.10357451267688807,0,forward
46.88,65.10458054163024,77.07289447422613,577.5402,595.28748,0.10186353319302598,0.10583013496847284,0.10172227251799573,0,forward
46.912,69.78257783688099,65.63081434418739,577.6344,595.38796,0.10682150241415006,0.10602840845760829,0.10226853245909215,0,forward
46.944,64.61558632428141,64.83366472008872,577.73488,595.48216,0.10671341204299678,0.106165409174686,0.10258036644772406,0,forward
46.976,72.8691055447669,70.15246102145457,577.82908,595.57636,0.10466470607636602,0.10586526855502201,0.10208782808953756,0,forward
47.008,68.41790106624002,70.37722954288881,577.92328,595.67056,0.10639908747245985,0.10597203233850959,0.10239310058998125,0,forward
47.04,70.2501328810617,62.982975717472634,578.01748,595.77104,0.1042361809176032,0.1056248620543283,0.1017728203007419,0,forward
47.072,68.24808467037353,62.53772796862777,578.11796,595.86524,0.10523808930438057,0.10554750750433876,0.10173370138383482,0,forward
47.104,63.43423342066975,72.2292461337157,578.21216,595.95944,0.1051046392619317,0.10545893385585735,0.10170209658741532,0,forward
47.136,69.63003665961386,70.50178107334982,578.30636,596.05364,0.10631103423422016,0.10562935393152992,0.10211401457916923,0,forward
47.168,68.98841538539105,68.57557813651363,578.40056,596.15412,0.10458990356110497,0.10542146385744493,0.10172044278037937,0,forward
47.2,69.26326785719912,71.14278377863529,578.50104,596.24832,0.10586016480570919,0.1055092040470978,0.10192295176376305,0,forward
47.232,65.6180429863499,70.24188826386022,578.59524,596.34252,0.10649493416842729,0.1057063500713637,0.10232163026028754,0,forward
47.264,64.9154575043758,64.29898514306613,578.68944,596.443,0.10482559852603218,0.1055301997622974,0.10193811807746898,0,forward
47.296,68.48109458589622,69.9181653186984,578.78992,596.5372,0.10672489198348277,0.10576913820653447,0.10237243829496331,0,forward
47.328,72.36420577702783,68.04876365441929,578.88412,596.6314,0.1050115407250877,0.10561761871024512,0.10207864790968248,0,forward
47.36,68.55136546995999,68.66440612826248,578.97832,596.7256,0.10738028535193009,0.10597015203858212,0.1027387308465418,0,forward
47.392,68.40596380171156,63.54277850580649,579.07252,596.82608,0.10781237889723859,0.10633859741031343,0.10327582589786138,0,forward
47.424,67.20428126259728,71.14838219995852,579.173,596.92028,0.10585624382557494,0.10624212669336573,0.10291970238512857,0,forward
47.456,68.57580225057694,64.79923840203585,579.2672,597.01448,0.10628134555802678,0.10624997046629794,0.10288476769021541,0,forward
47.488,70.3678392059299,65.59907215111944,579.3614,597.10868,0.10640573200023097,0.10628112277308455,0.10290691099865519,0,forward
47.52,67.87865419005803,68.57760233680196,579.4556,597.20916,0.10768783281164093,0.10656246478079584,0.10333913465952557,0,forward
47.552,67.23174454739228,69.19574586395221,579.55608,597.30336,0.10379092396076726,0.10600815661679013,0.10222041382871422,0,forward
47.584,68.64304283913262,65.56777925943736,579.65028,597.39756,0.10764042295148542,0.1063346098837292,0.10292290431613503,0,forward
47.616,66.83072905040335,66.12385656904762,579.74448,597.49804,0.10579912417252917,0.1062275127414892,0.10267275408342343,0,forward
47.648,70.27256678092712,70.64871663791114,579.84496,597.59224,0.10620734352790072,0.10622347889877151,0.10265846973916755,0,forward
47.68,63.100569910133814,60.37643142943115,579.93916,597.68644,0.10993104253719034,0.10696499162645529,0.1040246551862198,0,forward
47.712,69.29691887108385,70.82477391466387,580.03336,597.78064,0.10608336803509975,0.10678866690818418,0.10352293584020177,0,forward
47.744,66.44675106116777,70.25219111307544,580.12756,597.88112,0.10648763177076642,0.10672845988070064,0.10330448283078025,0,forward
47.776,76.454748564046,66.99602611172891,580.22804,597.97532,0.10226599158446298,0.10583596622145311,0.10165185771313388,0,forward
47.808,82.1780524994157,74.18164683170878,580.32224,598.06952,0.09865699922656086,0.10440017282247467,0.09933965818320392,0,forward
47.84,86.27240523069915,85.15047284080343,580.41644,598.16372,0.09622763306876067,0.10276566487173187,0.09698548282194717,0,forward
47.872,99.57766219093529,90.36342399111372,580.51692,598.2642,0.08909794127394341,0.10003212015217419,0.09283782462961364,0,forward
47.904,104.01111809531095,104.16345974141238,580.61112,598.3584,0.0868793408989271,0.09740156430152479,0.0894638839228318,0,forward
47.936,109.86740271490098,106.94195033550531,580.70532,598.4526,0.08426933623790654,0.09477511868880115,0.08636362908705447,0,forward
47.968,112.57725577104593,105.30024488993907,580.79952,598.55308,0.08308353930965925,0.09243680281297277,0.08390793432787849,0,forward
48.0,117.25975895641162,119.76750120010828,580.9,598.64728,0.0800931077571657,0.08996806380181137,0.08126066606480944,0,forward
48.032000000000004,121.95708492813256,128.82273769228408,580.9942,598.74148,0.07662000880180585,0.08729845280181027,0.07835884666535665,0,forward
48.064,145.1653736067705,140.48390967944437,581.0884,598.83568,0.07105888327191219,0.08405053889583067,0.07450431071506741,1,start_turn_left
48.096000000000004,130.7082383337347,140.79076259480775,581.17004,598.76032,0.0724667998423602,0.08173379108513658,0.07450431071506741,1,forward
48.128,129.95731061917994,148.3969250209695,581.25168,598.67868,0.07005348254373835,0.07939772937685693,0.07450431071506741,1,forward
48.160000000000004,113.41347892099114,148.08955498908298,581.32704,598.59704,0.0701478855564684,0.07754776061277924,0.07450431071506741,1,forward
48.192,114.64696545494206,157.0524990577464,581.40868,598.52168,0.06749559723520304,0.075537327937264,0.07450431071506741,1,forward
48.224000000000004,106.10318287236717,157.87230171217806,581.49032,598.44004,0.06726298053549656,0.07388245845691052,0.07450431071506741,1,forward
48.256,95.71683023501903,149.1254456361017,581.57196,598.3584,0.0698307425243868,0.07307211527040577,0.07450431071506741,1,forward
48.288000000000004,75.76219214465185,147.90807890283412,581.64732,598.27676,0.0702037421271995,0.07249844064176453,0.07450431071506741,1,forward
48.32,68.34770111492129,155.6510658489165,581.72896,598.2014,0.06789699822642907,0.07157815215869744,0.07450431071506741,1,forward
48.352000000000004,64.30625547313828,149.39319719593053,581.8106,598.11976,0.06974923491882803,0.07121236871072356,0.07450431071506741,1,forward
48.384,70.36824584268825,140.56391799433368,581.88596,598.03812,0.06863865280947747,0.07069762553047435,0.07450431071506741,1,forward
48.416000000000004,68.65461201531315,138.8728726361527,581.9676,597.95648,0.06972359317866239,0.07050281906011195,0.07450431071506741,1,forward
48.448,70.19923744517904,133.31988399540433,582.04924,597.88112,0.06651629966996678,0.06970551518208291,0.07450431071506741,1,forward
48.480000000000004,88.42903463415772,110.50505323166057,582.13088,597.79948,0.0676114829785795,0.06928670874138224,0.07450431071506741,1,forward
48.512,100.93890470971128,115.15330210337433,582.20624,597.71784,0.06151166331272393,0.06773169965565058,0.07450431071506741,1,forward
48.544000000000004,111.09939030224265,112.09255677356393,582.28788,597.64248,0.0656719732409652,0.06731975437271351,0.07450431071506741,1,forward
48.576,117.67403506472888,110.77982113439936,582.36952,597.56084,0.06613553134388604,0.06708290976694802,0.07450431071506741,1,forward
48.608000000000004,120.12721374934246,88.83879452277544,582.45116,597.4792,0.06649954185048187,0.0669662361836548,0.07450431071506741,1,forward
48.64,122.54676446151562,79.35415553729104,582.52652,597.39756,0.06461111277517317,0.06649521150195847,0.07450431071506741,1,forward
48.672000000000004,114.14543706972276,60.99294271436424,582.60816,597.3222,0.06953103366359722,0.06710237593428622,0.07450431071506741,1,forward
48.704,111.01995621575746,71.97976441735057,582.6898,597.24056,0.06876354454794029,0.06743460965701704,0.07450431071506741,1,forward
48.736000000000004,121.7169589632573,63.519494120088275,582.76516,597.15892,0.07260924815588765,0.06846953735679118,0.07450431071506741,1,forward
48.768,123.80964018731359,65.56916920638979,582.8468,597.08356,0.07273045457286187,0.06932172080000532,0.07450431071506741,1,forward
48.800000000000004,125.99089663651966,70.55421924375455,582.92844,596.99564,0.07767333538157625,0.07099204371631951,0.07450431071506741,1,forward
48.832,118.95354629182208,87.41549894721018,583.01008,596.92028,0.07968355677623216,0.07273034632830204,0.07450431071506741,1,forward
48.864000000000004,115.32044547108774,101.93401519291206,583.08544,596.83864,0.0819166675634497,0.07456761057533158,0.07450431071506741,1,forward
48.896,115.31192003624116,106.04466777143486,583.16708,596.757,0.08192024325515368,0.076038137111296,0.07450431071506741,1,forward
48.928000000000004,115.5129069202896,112.67088850361662,583.24872,596.68164,0.08183602940609534,0.07719771557025587,0.07450431071506741,1,forward
48.96,115.91539329023497,114.23015261430233,583.33036,596.6,0.08166790639210834,0.07809175373462637,0.07450431071506741,1,forward
48.992000000000004,117.6952893038376,113.3407399332609,583.40572,596.51836,0.08093263150751975,0.07865992928920505,0.07450431071506741,1,forward
49.024,107.64486845151687,113.71840608461085,583.48736,596.443,0.08259411340093126,0.0794467661115503,0.07450431071506741,1,forward
49.056000000000004,96.21742772490818,114.57404340264087,583.569,596.36136,0.08223090665228391,0.08000359421969702,0.07450431071506741,1,forward
49.088,84.71749172281123,117.28183568584687,583.65064,596.27972,0.08110224615650133,0.08022332460705789,0.07450431071506741,1,forward
49.120000000000005,69.66088422234533,109.92876133241465,583.726,596.19808,0.08424211208325993,0.08102708210229831,0.07450431071506741,1,forward
49.152,65.9237044782461,118.56425442199061,583.80764,596.12272,0.08057845077189296,0.08093735583621725,0.07450431071506741,1,forward
49.184,67.8486445107343,128.43298189967192,583.88928,596.04108,0.07676328311467287,0.08010254129190837,0.07450431071506741,1,forward
49.216,66.50564044459522,118.40244340013898,583.96464,595.95944,0.07878274051994727,0.07983858113751616,0.07450431071506741,1,forward
49.248,66.87393557053863,122.35339875665947,584.04628,595.8778,0.077813997655105,0.07943366444103392,0.07450431071506741,1,forward
49.28,64.97869624065517,119.7238327489186,584.12792,595.80244,0.08011061964805315,0.07956905548243776,0.07450431071506741,1,forward
49.312,66.14284327746824,109.15211640998508,584.20956,595.7208,0.07908052227072697,0.0794713488400956,0.07450431071506741,1,forward
49.344,74.98340721672655,112.26673266735826,584.2849199999999,595.63916,0.07754726198172184,0.07908653146842085,0.07450431071506741,1,forward
49.376,69.10369581560055,99.80325035532982,584.36656,595.55752,0.07715803391223795,0.07870083195718428,0.07450431071506741,1,forward
49.408,63.833344563760825,92.99157417346646,584.4482,595.48216,0.07755202301659198,0.07847107016906582,0.07450431071506741,1,forward
49.44,69.24907999240035,84.26257593533596,584.52984,595.40052,0.07575486716669459,0.07792782956859158,0.07450431071506741,1,forward
49.472,69.09391355821862,71.6337409189842,584.6052,595.31888,0.07543315510000084,0.07742889467487343,0.07450431071506741,1,forward
49.504,70.47501250876877,60.570632184006804,584.68684,595.24352,0.07953584681227473,0.0778502851023537,0.07450431071506741,1,forward
49.536,66.58178809539359,73.25777330320481,584.76848,595.16188,0.07783661396572789,0.07784755087502854,0.07450431071506741,1,forward
49.568,67.41816482528723,63.7484757857961,584.84384,595.08024,0.07928241719214019,0.07813452413845087,0.07450431071506741,1,forward
49.6,59.91101997283354,67.07377926359447,584.92548,594.9986,0.08114350132551665,0.07873631957586402,0.07450431071506741,1,forward
49.632,61.98531218318502,66.0321006076661,585.00712,594.92324,0.08385270978484356,0.07975959761765994,0.07450431071506741,1,forward
49.664,65.88504864074169,70.06884834589,585.08876,594.8416,0.08507244741401392,0.08082216757693073,0.07450431071506741,1,forward
49.696,68.92834419716648,67.65333883671212,585.16412,594.75996,0.08628153344925622,0.08191404075139583,0.07450431071506741,1,forward
49.728,68.90337954668423,65.64725286365936,585.25204,594.67832,0.09362565847707663,0.084256364296532,0.07450431071506741,1,forward
49.76,71.31278739629147,64.37800527992783,585.3274,594.60296,0.10145763965226388,0.08769661936767838,0.07450431071506741,1,forward
49.792,66.38708532743196,66.86463547014989,585.40904,594.52132,0.10648869659306552,0.09145503481275581,0.10648869659306552,0,normal_exit
49.824,69.72605623137106,59.42606547660363,585.50324,594.61552,0.10499251933356274,0.0941625317169172,0.10497200410995437,0,forward
49.856,69.35638070543489,67.04757612500934,585.59744,594.716,0.10712632379299335,0.09675529013213244,0.10519872648185312,0,forward
49.888,63.10739378335703,66.29109997518609,585.69164,594.8102,0.10693270772489903,0.09879077365068577,0.10482087169908577,0,forward
49.92,63.160939599919296,65.8073046529354,585.79212,594.9044,0.10698737881421412,0.10043009468339145,0.10442426238741838,0,forward
49.952,65.30722741404826,70.60207405226689,585.88632,594.9986,0.10457534036683444,0.10125914382008006,0.10326096594653622,0,forward
49.984,71.2259930415418,64.98669453139412,585.98052,595.09908,0.10580191723789704,0.10216769850364346,0.10291017496202569,0,forward
50.016,67.01093453000357,66.27052121978521,586.081,595.19328,0.10654918748739495,0.10304399630039376,0.10294323379525802,0,forward
50.048,67.59026934540911,68.29775340217896,586.1752,595.28748,0.10789104779361351,0.10401340659903772,0.10348154529161079,0,forward
50.08,68.74398437410281,65.59705973350243,586.2694,595.38168,0.10603162677241137,0.10441705063371245,0.10315720018408545,0,forward
50.112,66.51259414584283,69.19392593700115,586.3636,595.48216,0.10438069826870197,0.10440978016071037,0.10231534552746731,0,forward
50.144,67.81380070523717,66.79043986478938,586.46408,595.57636,0.10784939315991873,0.10509770276055204,0.10301776333337861,0,forward
50.176,69.22645355827557,71.99026014917042,586.55828,595.67056,0.10371321409501838,0.10482080502744531,0.10202769977578101,0,forward
50.208,69.98389868129316,66.62804169973636,586.65248,595.77104,0.10209751634620925,0.1042761472911981,0.10077215205235063,0,forward
50.24,67.07837279624252,66.89067522484581,586.74668,595.86524,0.1047121172188251,0.10436334127672352,0.10094442634569117,0,forward
50.272,75.34465842789706,66.48400483138896,586.84716,595.95944,0.10133818361527074,0.10375830974443297,0.09980491857894025,0,forward
50.304,65.0492433438662,67.11812333088682,586.94136,596.05364,0.10069239857687279,0.10314512751092095,0.09888359788851189,0,forward
50.336,57.864774588890256,69.25511782579477,587.03556,596.15412,0.10307175423161435,0.10313045285505965,0.09910346035987196,0,forward
50.368,64.53154723648152,74.24230714183325,587.13604,596.24832,0.09926898607756975,0.10235815949956167,0.09788218365315814,0,forward
50.4,71.5570102288887,68.30710799577925,587.23024,596.34252,0.09620026008368726,0.1011265796163868,0.09604035300597143,0,forward
50.432,63.45799822255202,68.97426261248013,587.32444,596.43672,0.09688095971784522,0.10027745563667849,0.09510223796373105,0,forward
50.464,70.30515296106076,67.13255897695213,587.41864,596.5372,0.0940108077791126,0.09902412606516532,0.09343064707713924,0,forward
50.496,61.06572802813499,68.92407344280933,587.51912,596.6314,0.09375755303233738,0.09797081145859973,0.09226718584909732,0,forward
50.528,64.07859724060532,70.50733180696226,587.61332,596.7256,0.09192670547418523,0.09676199026171683,0.09090593737188972,0,forward
50.56,65.9968733617039,64.26572715714478,587.70752,596.82608,0.0951846627536891,0.0964465247601113,0.09115824536302639,0,forward
50.592,63.673137499135684,68.6084798877091,587.80172,596.92028,0.08821563936142125,0.09480034768037329,0.08886476568115442,0,forward
50.624,66.98940869544901,69.27675219124085,587.9022,597.01448,0.09199686712344912,0.09423965156898846,0.08870628696391775,0,forward
50.656,65.48907164660613,69.54846660622086,587.9964,597.10868,0.0938563680473713,0.09416299486466503,0.08931207368827934,0,forward
50.688,71.19982596411094,63.88277198664111,588.0906,597.20916,0.09159779659439571,0.09364995521061117,0.08885037345342778,0,forward
50.72,69.60049889341876,66.81464244258999,588.1910799999999,597.30336,0.08862281516116217,0.09264452720072137,0.08748827120493421,0,forward
50.752,66.20144641516018,68.7535755994284,588.28528,597.39756,0.08787205363094525,0.09169003248676616,0.08638649535655056,0,forward
50.784,68.76589217356799,69.48152602082341,588.37948,597.49804,0.09073402200200253,0.09149883038981343,0.0866634519180755,0,forward
50.816,68.67021467186001,70.16626862549857,588.47368,597.59224,0.08896698598722835,0.09099246150929642,0.08624944162739512,0,forward
50.848,59.174178613669255,73.1491171751537,588.57416,597.68644,0.09030458772533405,0.09085488675250394,0.08642165064459419,0,forward
50.88,68.6676387983459,68.47224913964574,588.66836,597.78064,0.08508703675022507,0.08970131675204818,0.08470424630703542,0,forward
50.912,59.67228286246612,72.19027561094832,588.76256,597.88112,0.08689195911532067,0.08913944522470268,0.08420743321268712,0,forward
50.944,68.05020839188879,62.43665440414367,588.85676,597.97532,0.08559426717397803,0.08843040961455775,0.08346500816940608,0,forward
50.976,63.23841457242853,72.05259725681279,588.95724,598.06952,0.08811078801286333,0.08836648529421888,0.08384881619673637,0,forward
51.008,65.56350967789221,67.6189970010923,589.05144,598.16372,0.08411321660739009,0.08751583155685314,0.08270427083768372,0,forward
51.04,62.55617197716248,64.44251788511704,589.14564,598.2642,0.08468439323203797,0.08694954389189011,0.08213308690619055,0,forward
51.072,65.19880470283786,65.21892093310309,589.24612,598.3584,0.08769960410263897,0.08709955593403988,0.08284675605974648,0,forward
51.104,69.38156444109708,68.31291054591844,589.34032,598.4526,0.08579902937104171,0.08683945062144026,0.0826651615131907,0,forward
51.136,68.59745093825059,63.742469658334706,589.43452,598.55308,0.08212259152382023,0.08589607880191626,0.08119020393971854,0,forward
51.168,69.37866945057138,66.31305360546493,589.52872,598.64728,0.08392757414756415,0.08550237787104584,0.08093161872964384,0,forward
51.2,63.176946409090824,67.83433205236959,589.6292,598.74148,0.08148542024656517,0.0846989863461497,0.07984944454728074,0,forward
51.232,69.90034095232294,66.90288372766541,589.7234,598.83568,0.08655749464540227,0.08507068800600022,0.08101338546394128,0,forward
51.264,68.24579245752055,72.73122707972857,589.8176,598.93616,0.08268201288874462,0.0845929529825491,0.0803306061017467,0,forward
51.296,72.34556132915338,65.62914000963579,589.91808,599.03036,0.0831136475459155,0.08429709189522239,0.08004707399754103,0,forward
51.328,68.01151457870691,68.48711764547134,590.01228,599.12456,0.08577003826918414,0.08459168117001474,0.08085810046026287,0,forward
51.36,61.95302722473918,65.61886088608139,590.10648,599.21876,0.08087653057532898,0.08384865105107758,0.0796254343809449,0,forward
51.392,66.47199743052116,62.833607989089195,590.20068,599.31924,0.0841126107403713,0.08390144298893634,0.07995242150957199,0,forward
51.424,69.40597724019011,65.15951171989332,590.30116,599.41344,0.0802785992329021,0.0831768742377295,0.07878869938015753,0,forward
51.456,61.96556604425296,60.491537899540916,590.39536,599.50764,0.08037337893590261,0.08261617517736412,0.07811715401868102,0,forward
51.488,69.62789829603877,76.45114167500442,590.48956,599.60812,0.08608441039805227,0.08330982222150177,0.07969090615690444,0,forward
51.52,64.81629018941126,70.27817263312068,590.58376,599.70232,0.08264769338383947,0.08317739645396932,0.07951092875479468,0,forward
51.552,67.46410933903415,62.75932714956692,590.68424,599.79652,0.08134711042936521,0.08281133924904852,0.07888817697087959,0,forward
51.584,61.77906208754641,69.55410499191012,590.77844,599.89072,0.0839480162973479,0.0830386746587084,0.07946163390247121,0,forward
51.616,67.51063302916664,67.73974004235168,590.87264,599.9912,0.0788818975348544,0.08220731923393759,0.07797336119266156,0,forward
51.648,63.71449033090354,67.40232550129208,590.97312,600.0854,0.08065321048101624,0.08189649748335333,0.07765285971752367,0,forward
51.68,66.96392956372429,70.04089648272904,591.06732,600.1796,0.08086432564345412,0.0816900631153735,0.07756412288711831,0,forward
51.712,69.16123092748073,71.32784523018266,591.16152,600.2738,0.07936387472366119,0.08122482543703104,0.07696962879822629,0,forward
51.744,76.86005207855534,64.45180081047432,591.25572,600.37428,0.08246769910470997,0.08147340017056683,0.07765877633534467,0,forward
51.776,74.62621871637182,71.85258226607789,591.3562,600.46848,0.08346445938175763,0.08187161201280499,0.07845812846501599,0,forward
51.808,66.29241344105422,71.36876939955037,591.4504,600.56268,0.078002809364846,0.08109785148321319,0.07705573814329708,0,forward
51.84,66.8862588966855,66.97658046652772,591.5446,600.66316,0.08208838735510927,0.08129595865759241,0.07757814505024647,0,forward
51.872,71.30296771557234,66.88405775660301,591.6388,600.75736,0.0798762576301975,0.08101201845211344,0.07716219247001986,0,forward
51.904,65.57909992442977,69.64677007121281,591.73928,600.85156,0.07782168692041971,0.0803739521457747,0.07611788358111689,0,forward
51.936,67.25511005707658,67.27388222735024,591.83348,600.94576,0.08033519175755893,0.08036620006813154,0.07638949735067578,0,forward
51.968,60.84043127245093,68.52280060342599,591.92768,601.04624,0.08010786207642408,0.08031453246979005,0.07644105189202142,0,forward
52.0,64.06570300932194,64.66361638715506,592.02816,601.14044,0.07934208425268144,0.08012004282636834,0.07619979092678121,0,forward
52.032000000000004,63.69007065506276,63.584862550244516,592.12236,601.23464,0.0792733135662488,0.07995069697434443,0.07606163486983943,0,forward
52.064,67.75432698668232,69.5035975225011,592.21656,601.32884,0.07449560256241627,0.07885967809195879,0.07426132313408336,1,start_turn_right
52.096000000000004,67.24808142511975,66.76726635523318,592.13492,601.41048,0.0711612735615005,0.07731999718586713,0.07426132313408336,1,forward
52.128,69.12923771107404,67.38729864075367,592.05956,601.49212,0.06713255022489292,0.0752825077936723,0.07426132313408336,1,forward
52.160000000000004,73.55732271228135,65.5518362680564,591.97792,601.57376,0.06646700943141609,0.07351940812122106,0.07426132313408336,1,forward
52.192,71.33839071847463,65.28431668104294,591.89628,601.64912,0.0612630526512833,0.07106813702723351,0.07426132313408336,1,forward
52.224000000000004,62.975422565038926,64.60890983361762,591.82092,601.73076,0.055683252491276716,0.06799116012004217,0.07426132313408336,1,forward
52.256,67.75254146207023,82.6278872079454,591.73928,601.8124,0.05557472130501039,0.06550787235703581,0.07426132313408336,1,forward
52.288000000000004,71.05652426012121,103.43672621468998,591.65764,601.89404,0.052508317705979114,0.06290796142682448,0.07426132313408336,1,forward
52.32,61.80130046338327,116.61085022829012,591.576,601.9694,0.05017928697052724,0.06036222653556503,0.07426132313408336,1,forward
52.352000000000004,66.6248661157626,124.9186845417679,591.49436,602.05104,0.049834276386627255,0.058256636505777476,0.07426132313408336,1,forward
52.384,65.61662236255806,130.9880197670618,591.419,602.13268,0.05017764296410594,0.05664083779744317,0.07426132313408336,1,forward
52.416000000000004,66.00946388375647,133.11948164988198,591.33736,602.20804,0.04804829183164923,0.05492232860428439,0.07426132313408336,1,forward
52.448,63.640937181907795,152.80699170726606,591.25572,602.28968,0.04946669668411522,0.05383120222025056,0.07426132313408336,1,forward
52.480000000000004,72.70776732179824,158.19096263703003,591.18036,602.37132,0.04967662557365043,0.05300028689093054,0.07426132313408336,1,forward
52.512,60.64882813729867,181.81079787899222,591.09872,602.45296,0.051608561467950016,0.05272194180633444,0.07426132313408336,1,forward
52.544000000000004,68.43824457809315,195.01990397727397,591.01708,602.52832,0.052587839161692074,0.05269512127740597,0.07426132313408336,1,forward
52.576,65.77462057788446,204.14546936683735,590.93544,602.60996,0.05336178135186561,0.0528284532922979,0.07426132313408336,1,forward
52.608000000000004,79.20941979508883,213.0527979782544,590.86008,602.6916,0.0545976701481187,0.05318229666346207,0.07426132313408336,1,forward
52.64,106.19404957684509,221.32200971896938,590.77844,602.77324,0.053099340519209136,0.053165705434611486,0.07426132313408336,1,forward
52.672000000000004,112.47812966143663,221.21010953033843,590.6968,602.8486,0.053119067035791015,0.0531563777548474,0.07426132313408336,1,forward
52.704,118.47248604307464,226.27221934371858,590.62144,602.93024,0.05224110771223348,0.05297332374632462,0.07426132313408336,1,forward
52.736000000000004,129.48895696347017,232.92050506386778,590.5398,603.01188,0.05113119703272358,0.05260489840360441,0.07426132313408336,1,forward
52.768,136.74317523934113,217.63826701674176,590.45816,603.08724,0.05375652855518078,0.052835224433919685,0.07426132313408336,1,forward
52.800000000000004,151.8175090115124,223.55370055605945,590.37652,603.16888,0.05270896045968369,0.05280997163907249,0.07426132313408336,1,forward
52.832,167.8539298368423,214.32215920376822,590.30116,603.25052,0.05436219971776815,0.05312041725481162,0.07426132313408336,1,forward
52.864000000000004,182.82565730089723,199.0478385460882,590.21952,603.33216,0.05733783885718005,0.05396390157528531,0.07426132313408336,1,forward
52.896,194.7656366274501,196.43314854225423,590.13788,603.4138,0.05788017856894004,0.054747156974016255,0.07426132313408336,1,forward
52.928000000000004,199.4376490847602,180.95593904123373,590.05624,603.48916,0.057257853594190576,0.05524929629805112,0.07426132313408336,1,forward
52.96,216.90392646989852,175.59392350017288,589.98088,603.5708,0.05388948603757234,0.05497733424595537,0.07426132313408336,1,forward
52.992000000000004,227.61878786351647,160.95338219531342,589.89924,603.65244,0.05201242782056225,0.05438435296087675,0.07426132313408336,1,forward
53.024,223.0248450528932,143.55684066897408,589.8176,603.7278,0.05280095101511293,0.05406767257172399,0.07426132313408336,1,forward
53.056000000000004,227.4272405516608,130.43893472548962,589.73596,603.80944,0.05204483497067113,0.05366310505151342,0.07426132313408336,1,forward
53.088,219.39592961126434,112.55107720821347,589.6606,603.89108,0.05344094029860193,0.05361867210093113,0.07426132313408336,1,forward
53.120000000000005,224.71596610558893,115.00968653723004,589.57896,603.97272,0.052507914844395605,0.053396520649624024,0.07426132313408336,1,forward
53.152,212.70053345291436,107.12770700101946,589.49732,604.04808,0.05466337833844044,0.05364989218738731,0.07426132313408336,1,forward
53.184000000000005,216.6278612938059,78.17174421352605,589.42196,604.12972,0.053939639824164116,0.053707841714742674,0.07426132313408336,1,forward
53.216,206.51699758063006,72.76518595310452,589.34032,604.21136,0.0532072711680801,0.05360772760541016,0.07426132313408336,1,forward
53.248000000000005,179.73012258179375,67.93346754648859,589.25868,604.293,0.05043885028641404,0.052973952141610936,0.07426132313408336,1,forward
53.28,183.93351020663613,62.54914439528282,589.17704,604.36836,0.049895093077915106,0.052358180328871774,0.07426132313408336,1,forward
53.312,169.76813025310864,67.96581312313214,589.10168,604.45,0.04982124832865934,0.05185079392882929,0.07426132313408336,1,forward
53.344,167.74655118408342,69.33420058665993,589.02004,604.53164,0.04797471158320897,0.05107557745970523,0.07426132313408336,1,forward
53.376,142.05791326963225,70.01879724998071,588.9384,604.607,0.04812739433693326,0.050485940835150844,0.07426132313408336,1,forward
53.408,127.11389239257502,68.88888787485783,588.85676,604.68864,0.04950797638031553,0.050290347944183786,0.07426132313408336,1,forward
53.44,118.8878036419304,61.684126518762916,588.7814,604.77028,0.048474162141395605,0.049927110783626154,0.07426132313408336,1,forward
53.472,102.73494076907247,66.34876738296887,588.69976,604.85192,0.049739460432242075,0.04988958071334934,0.07426132313408336,1,forward
53.504,111.68716665764072,70.84859110579981,588.61812,604.92728,0.05068347539290347,0.050048359649260174,0.07426132313408336,1,forward
53.536,77.00104440785677,65.3715679295899,588.54276,605.00892,0.05378919562460351,0.050796526844328845,0.07426132313408336,1,forward
53.568,73.00100580897916,72.59769753646607,588.46112,605.09056,0.05613366597876419,0.05186395467121592,0.07426132313408336,1,forward
53.6,74.92658005251324,71.95202129841951,588.37948,605.1722,0.06157409817997913,0.05380598337296856,0.07426132313408336,1,forward
53.632,66.67568850807899,66.37295613060155,588.29784,605.24756,0.06244369952648528,0.05553352660367191,0.07426132313408336,1,forward
53.664,73.34689120919629,69.23501889088718,588.22248,605.3292,0.0683458690833036,0.05809599509959826,0.07426132313408336,1,forward
53.696,64.27835402764671,65.48349243331899,588.14084,605.41084,0.07061870007249771,0.060600536094178155,0.07426132313408336,1,forward
53.728,70.73648204036608,67.24870249463217,588.0592,605.4862,0.07889068215268417,0.06425856530587937,0.07426132313408336,1,forward
53.76,67.57519227095646,67.37642965021213,587.97756,605.56784,0.08090279280847718,0.06758741080639893,0.07426132313408336,1,forward
53.792,73.0020818028965,65.54268643472187,587.9022,605.64948,0.08479691848753323,0.0710293123426258,0.07426132313408336,1,forward
53.824,62.50602351145996,68.26822245500924,587.82056,605.73112,0.09352277733400113,0.07552800534090087,0.07426132313408336,1,forward
53.856,65.19858152027211,65.6254606635881,587.73892,605.80648,0.10594442550684202,0.0816112893740891,0.10594442550684202,0,normal_exit
53.888,68.39113923895876,68.48088097603222,587.83312,605.90696,0.10407190866369953,0.08610341323201118,0.10406610898648924,0,forward
53.92,58.7783788247948,71.72722159670604,587.9336,606.00116,0.10545240222303891,0.08997321103021672,0.10388155689843677,0,forward
53.952,72.30082748338698,65.7059624942871,588.0278,606.09536,0.10505524010856267,0.09298961684588591,0.10326625028796188,0,forward
53.984,67.23137369028832,64.91378902091657,588.122,606.18956,0.1086724901015808,0.0961261914970249,0.10415385492290286,0,forward
54.016,61.623966692985846,69.95132330040934,588.22248,606.29004,0.1044127832377736,0.09778350984517464,0.10294906121698894,0,forward
54.048,68.039907496979,67.29188916438947,588.31668,606.38424,0.10807896512855163,0.09984260090185006,0.10357792736998926,0,forward
54.08,67.0077869997463,68.57450578405444,588.41088,606.47844,0.10769007721456059,0.10141209616439217,0.1038225207900942,0,forward
54.112,60.90862644119611,67.3903665128086,588.50508,606.57892,0.10855526299684967,0.10284072953088368,0.10424236294216242,0,forward
54.144,65.14694461500758,63.94048318176466,588.60556,606.67312,0.11010165469342709,0.10429291456339237,0.10506326557226937,0,forward
54.176,65.80370440099468,69.81769872069714,588.69976,606.76732,0.10638665280789418,0.10471166221229274,0.10429851028621696,0,forward
54.208,69.199114361679,64.22732249142912,588.79396,606.86152,0.10511710354285493,0.1047927504784052,0.10335264788963351,0,forward
54.24,73.6619450459952,59.70339084242743,588.89444,606.962,0.10412467442873229,0.10465913526847062,0.10230740454324933,0,forward
54.272,60.95538047439509,68.68261895361466,588.98864,607.0562,0.10702820186224499,0.1051329485872255,0.10275945421276748,0,forward
54.304,69.82240743545128,69.84595159792066,589.08284,607.1504,0.10677632481478415,0.10546162383273724,0.10295928073241635,0,forward
54.336,67.45339024541347,65.0895728579602,589.17704,607.25088,0.10404994047244674,0.10517928716067915,0.10206944456558364,0,forward
54.368,70.05903057051646,72.27342542457464,589.27752,607.34508,0.10507414511355598,0.10515825875125452,0.10186532651137781,0,forward
54.4,68.49671284653637,62.529501634312645,589.37172,607.43928,0.10774649278960921,0.10567590555892546,0.10273303196966448,0,forward
54.432,63.78377977475083,65.61668984138174,589.46592,607.53348,0.10791895552210024,0.10612451555156042,0.10335166025340359,0,forward
54.464,67.9026838523754,64.20211108749254,589.56012,607.63396,0.1081792404522552,0.10653546053169938,0.10380059991996349,0,forward
54.496,69.12702350704446,63.05690534244867,589.6606,607.72816,0.1072910839613465,0.1066865852176288,0.10377051457582057,0,forward
54.528,66.88647857018422,70.01729526231321,589.7548,607.82236,0.10665436923138197,0.10668014202037944,0.10356440856215746,0,forward
54.56,63.53184124554724,71.4783081712461,589.849,607.91656,0.10562568458258732,0.10646925053282102,0.10306360750342897,0,forward
54.592,63.50985611402861,69.44758923524225,589.94948,608.01704,0.10569698395352409,0.10631479721696163,0.10268514782761198,0,forward
54.624,61.49161180064505,66.10691422262187,590.04368,608.11124,0.10950884894893431,0.10695360756335617,0.10389052160309818,0,forward
54.656,66.55221155629039,73.15696817862897,590.13788,608.20544,0.10176668293125622,0.10591622263693619,0.10189037151493688,0,forward
54.688,71.07448701944912,62.038202815042055,590.23208,608.30592,0.10508959115295587,0.10575089634014012,0.10175593839937422,0,forward
54.72,69.46738131928721,65.34905304743853,590.33256,608.40012,0.10643935077390425,0.10588858722689296,0.10215322856605207,0,forward
54.752,64.86739886911083,66.94322185644484,590.42676,608.49432,0.10724348792082512,0.1061595673656794,0.10273758370314835,0,forward
54.784,66.2438238147586,64.57270300787023,590.52096,608.58852,0.10744453419037509,0.10641656073061855,0.10318461553693019,0,forward
54.816,65.65771505501677,62.149050587115454,590.61516,608.689,0.10634935820001597,0.10640312022449804,0.10303783078370046,0,forward
54.848,65.27691454659212,64.60352504710102,590.71564,608.7832,0.10824801002736599,0.10677209818507163,0.10362383916838054,0,forward
54.88,64.5388093919321,61.657977482685034,590.80984,608.8774,0.10740266969212772,0.10689821248648286,0.10373836499980918,0,forward
54.912,66.49967721859925,67.37204304050894,590.90404,608.9716,0.1043136423134436,0.10638129845187501,0.10270519364443113,0,forward
54.944,66.14534198815355,62.92095080399466,591.00452,609.07208,0.10787121242165115,0.10667928124583025,0.10323407224747676,0,forward
54.976,72.52653603358021,69.05488945013572,591.09872,609.16628,0.10489977951428363,0.10632338089952093,0.10259155567682714,0,forward
55.008,65.15460373166181,66.63883084111013,591.19292,609.26048,0.10687878396152731,0.10643446151192221,0.10288821885442953,0,forward
55.04,62.986813860835966,66.04282922188615,591.28712,609.36096,0.10955690248708372,0.10705894970695451,0.10399674747660094,0,forward
55.072,63.37914063256555,71.08130140745067,591.3876,609.45516,0.10590324448456831,0.10682780866247728,0.10339918669312688,0,forward
55.104,69.65333856863745,70.61566103667569,591.4818,609.54936,0.10623065284096796,0.10670837749817542,0.10317431206581436,0,forward
55.136,73.42917210552837,63.53644945544824,591.576,609.64356,0.10428264573437979,0.1062232311454163,0.10233211218455765,0,forward
55.168,67.14262952255599,66.66301976386912,591.6702,609.74404,0.10873803228823845,0.10672619137398073,0.10334650378348617,0,forward
55.2,68.19488964237789,64.98120187455977,591.77068,609.83824,0.10607288208072022,0.10659552951532864,0.10304267167798044,0,forward
55.232,61.12957382898794,62.702106576640716,591.86488,609.93244,0.1066540183308882,0.10660722727844055,0.1030971951449101,0,forward
55.264,60.911957919048696,64.90292529810547,591.95908,610.02664,0.10824327566132937,0.10693443695501831,0.10370154863560396,0,forward
55.296,62.42299840596965,64.93111675472979,592.05956,610.12712,0.10637579384339989,0.10682270833269464,0.10333773049593387,0,forward
55.328,66.46110753206793,67.37138419444129,592.15376,610.22132,0.10574245804944854,0.10660665827604543,0.102959973537008,0,forward
55.36,72.8641013623617,69.58536628204227,592.24796,610.31552,0.10466813239605732,0.10621895310004781,0.10233266557061628,0,forward
55.392,66.97571644018517,62.723097988209574,592.34216,610.416,0.10545516832764207,0.10606619614556667,0.10217074805129255,0,forward
55.424,69.07811107533813,66.37845217045903,592.44264,610.5102,0.10732628609651647,0.10631821413575664,0.10273718081301818,0,forward
55.456,71.07119781593569,75.2353747707765,592.53684,610.6044,0.10306929089858484,0.10566842948832228,0.10161689295753117,0,forward
55.488,65.62502474683885,69.84254744783851,592.63104,610.6986,0.10642805323030481,0.10582035423671879,0.10210125873576167,0,forward
55.52,62.85987569761147,69.79160026594765,592.73152,610.79908,0.10681506821205451,0.10601929703178593,0.10246812993375333,0,forward
55.552,63.38113921741734,66.04871025646435,592.82572,610.89328,0.10537767803776583,0.10589097323298192,0.10227122875828025,0,forward
55.584,70.61709508545705,65.6575177166039,592.91992,610.98748,0.10622964140240475,0.1059587068668665,0.1024500912436778,0,forward
55.616,62.96529571218249,68.85608554809488,593.01412,611.08796,0.10748636806541884,0.10626423910657698,0.10297379776934337,0,forward
55.648,64.71868186659762,63.710712259333555,593.1146,611.18216,0.10783258719524928,0.10657790872431144,0.10343391809196097,0,forward
55.68,62.303395396519804,71.32196837659278,593.2088,611.27636,0.10498322422254225,0.1062589718239576,0.10274969993316053,0,forward
55.712,69.18606984612596,70.14502707512429,593.303,611.37056,0.1065636359171222,0.10631990464259053,0.1028768025614393,0,forward
55.744,69.63518122292412,67.57422426186695,593.3972,611.47104,0.10661528973411362,0.10637898166089516,0.10293556612171297,0,forward
55.776,64.89082576377567,68.9274135459521,593.49768,611.56524,0.10743488803734003,0.10659016293618415,0.10326690448778543,0,forward
55.808,66.51745495203049,64.55609173864889,593.59188,611.65944,0.10674885139635802,0.10662190062821893,0.10327506951681623,0,forward
55.84,74.18601686789287,63.59047909029451,593.68608,611.75364,0.10377075901577286,0.10605167230572972,0.10221338522438983,0,forward
55.872,83.48374117054522,67.67961362195568,593.78656,611.85412,0.09786905954952976,0.10441514975448973,0.09933511093896692,0,forward
55.904,95.56504051013151,60.774848393731766,593.88076,611.94832,0.09113431668121122,0.10175898313983403,0.09515784551270293,0,forward
55.936,105.38328469119972,72.4879251962653,593.97496,612.04252,0.08630767345962088,0.09866872120379142,0.09074793557580092,0,forward
55.968,111.47310978261281,88.10077135487093,594.06916,612.143,0.08356264761232243,0.09564750648549764,0.08689317400608018,0,forward
56.0,116.75299838291033,95.81606515377074,594.16964,612.2372,0.08132023466733475,0.09278205212186506,0.08361604853583661,0,forward
56.032000000000004,111.97395765006502,106.75520917998041,594.26384,612.3314,0.08334463796993344,0.09089456929147875,0.08227954483861363,0,forward
56.064,128.10226398408636,103.70026633997054,594.35804,612.4256,0.07688527598730749,0.0880927106306445,0.07910773838319186,0,forward
56.096000000000004,129.9852038187007,113.49502986983535,594.45224,612.52608,0.07619584479778038,0.08571333746407167,0.07678395269685426,0,forward
56.128,149.06260254670863,118.33682148004397,594.55272,612.62028,0.0698499005167699,0.08254065007461132,0.07301919824826263,1,start_turn_left
56.160000000000004,153.25436632791258,130.49840641393172,594.62808,612.53864,0.0685946430580723,0.07975144867130352,0.07301919824826263,1,forward
56.192,131.59949428362947,138.1400737620309,594.70972,612.457,0.07334736678165062,0.07847063229337294,0.07301919824826263,1,forward
56.224000000000004,126.17380270485431,140.55726946998755,594.79136,612.38164,0.07254351687636036,0.07728520920997042,0.07301919824826263,1,forward
56.256,130.1606241715041,142.18064119283585,594.873,612.3,0.07201347477484872,0.07623086232294608,0.07301919824826263,1,forward
56.288000000000004,115.59336209110637,147.1738857280213,594.94836,612.21836,0.07043063047816875,0.07507081595399062,0.07301919824826263,1,forward
56.32,115.52929876735736,145.75218304040075,595.03,612.143,0.07087417620735313,0.07423148800466313,0.07301919824826263,1,forward
56.352000000000004,101.9091440942322,155.47362334347935,595.11164,612.06136,0.06794816240059809,0.07297482288385013,0.07301919824826263,1,forward
56.384,99.55310429122478,158.99691791014322,595.19328,611.97972,0.06694647002107196,0.07176915231129449,0.07301919824826263,1,forward
56.416000000000004,74.5881252068325,158.25259583074975,595.26864,611.89808,0.06715561668577205,0.07084644518619002,0.07301919824826263,1,forward
56.448,63.53788200236892,150.98616762429265,595.35028,611.82272,0.06926821707360667,0.07053079956367335,0.07301919824826263,1,forward
56.480000000000004,68.76266806371314,142.51940800332903,595.43192,611.74108,0.0719038404046115,0.07080540773186098,0.07301919824826263,1,forward
56.512,65.5225072673751,136.62969145995226,595.50728,611.65944,0.06972522708776092,0.07058937160304098,0.07301919824826263,1,forward
56.544000000000004,66.02614670354437,135.5894704570934,595.58892,611.5778,0.06715576561139193,0.06990265040471116,0.07301919824826263,1,forward
56.576,67.72563749658757,121.54710576453698,595.67056,611.50244,0.06711536151860574,0.06934519262749009,0.07301919824826263,1,forward
56.608000000000004,66.67295922042761,125.92688927565628,595.7522,611.4208,0.06571090333315113,0.06861833476862231,0.07301919824826263,1,forward
56.64,88.60591509748106,116.54155385065434,595.82756,611.33916,0.06401498475102532,0.06769766476510292,0.07301919824826263,1,forward
56.672000000000004,97.27116787040735,101.72951749512771,595.9092,611.2638,0.0672314693405072,0.06760442568018378,0.07301919824826263,1,forward
56.704,106.34626642467873,104.03939331037526,595.99084,611.18216,0.06714784159965248,0.06751310886407752,0.07301919824826263,1,forward
56.736000000000004,107.10554813620959,85.14732631513985,596.07248,611.10052,0.06750272941791378,0.06751103297484479,0.07301919824826263,1,forward
56.768,108.62085751278703,71.2569750516432,596.14784,611.01888,0.06744194435676225,0.06749721525122829,0.07301919824826263,1,forward
56.800000000000004,120.58078073167826,64.98037886929973,596.22948,610.94352,0.07008616902590874,0.06801500600616438,0.07301919824826263,1,forward
56.832,111.73558539748564,64.94531925266354,596.31112,610.86188,0.06900733344386291,0.06821347149370409,0.07301919824826263,1,forward
56.864000000000004,110.64923359234503,71.7878159259755,596.39276,610.78024,0.07655398512794499,0.06988157422055227,0.07301919824826263,1,forward
56.896,115.65351921401738,72.16178283276555,596.46812,610.6986,0.08082242105709996,0.0720697435878618,0.07301919824826263,1,forward
56.928000000000004,117.24976688022788,66.82740101370149,596.54976,610.62324,0.07937145651799525,0.0735300861738885,0.07301919824826263,1,forward
56.96,117.23171269171117,73.29015410880768,596.6314,610.5416,0.08112285687550293,0.07504864031421138,0.07301919824826263,1,forward
56.992000000000004,114.54880724717212,86.85128516432032,596.70676,610.45996,0.08224157334294101,0.07648722691995731,0.07301919824826263,1,forward
57.024,111.39460576100554,100.49181807736977,596.7884,610.37832,0.0835969223708384,0.07790916601013353,0.07301919824826263,1,forward
57.056000000000004,107.48615391605723,109.0984276439017,596.87004,610.30296,0.0846120203079118,0.0792497368696892,0.07301919824826263,1,forward
57.088,105.85519352402513,111.30775946846275,596.95168,610.22132,0.08363487212675039,0.08012676392110143,0.07301919824826263,1,forward
57.120000000000005,97.12752589425361,117.54133051717955,597.0270399999999,610.13968,0.08099570838219362,0.08030055281331988,0.07301919824826263,1,forward
57.152,85.16014384526481,109.99164111918243,597.10868,610.06432,0.08421423124590594,0.08108328849983709,0.07301919824826263,1,forward
57.184000000000005,83.57891269126132,123.45600760817227,597.19032,609.98268,0.07864107916053163,0.08059484663197601,0.07301919824826263,1,forward
57.216,76.11560160357568,111.9146147375005,597.27196,609.90104,0.0833704093973494,0.08114995918505069,0.07301919824826263,1,forward
57.248000000000005,64.14612899030482,109.90065277950221,597.34732,609.8194,0.08425458136038083,0.08177088362011672,0.07301919824826263,1,forward
57.28,64.27419790628907,113.56575727225203,597.42896,609.74404,0.08265924833748282,0.08194855656358996,0.07301919824826263,1,forward
57.312000000000005,64.82677096928684,112.02941094314453,597.5106,609.6624,0.08332057012213212,0.0822229592752984,0.07301919824826263,1,forward
57.344,70.13161545409878,111.38808359133094,597.58596,609.57448,0.0826840768974439,0.08231518279972751,0.07301919824826263,1,forward
57.376,66.93965730378977,118.15894178470616,597.6676,609.49912,0.08074326525917529,0.08200079929161708,0.07301919824826263,1,forward
57.408,70.22320147483381,105.98124108059382,597.74924,609.42376,0.08094121892814478,0.08178888321892262,0.07301919824826263,1,forward
57.44,67.91051384377852,107.44497174665483,597.83088,609.34212,0.08170063264007228,0.08177123310315257,0.07301919824826263,1,forward
57.472,71.01453003855542,100.96139915030913,597.90624,609.26048,0.07890758498015855,0.08119850347855377,0.07301919824826263,1,forward
57.504,65.13698839036608,89.4190123215099,597.98788,609.17884,0.07942055506918962,0.08084291379668095,0.07301919824826263,1,forward
57.536,68.47914691251353,80.0948545198887,598.06952,609.10348,0.08333878947225326,0.08134208893179541,0.07301919824826263,1,forward
57.568,67.051167041655,71.95687458683216,598.15116,609.02184,0.07889691491971203,0.08085305412937874,0.07301919824826263,1,forward
57.6,66.11372282124277,68.01836208698185,598.22652,608.9402,0.07839997852121697,0.0803624390077464,0.07301919824826263,1,forward
57.632,69.59178835198436,68.58933891710049,598.30816,608.86484,0.08279958884370915,0.08084986897493894,0.07301919824826263,1,forward
57.664,67.52772515985109,70.4564315746582,598.3898,608.7832,0.07770539436447198,0.08022097405284555,0.07301919824826263,1,forward
57.696,72.53148636130527,67.80577138374406,598.47144,608.70156,0.08502544317831291,0.08118186787793902,0.07301919824826263,1,forward
57.728,69.46475741044331,66.81192915966278,598.5468,608.61992,0.08509291497022639,0.0819640772963965,0.07301919824826263,1,forward
57.76,67.98062511156127,66.99080064607729,598.62844,608.54456,0.08476790137559571,0.08252484211223635,0.07301919824826263,1,forward
57.792,67.37345274862497,61.7413396870254,598.71008,608.46292,0.08864404671819395,0.08374868303342788,0.07301919824826263,1,forward
57.824,68.38857502276042,67.24306120943753,598.78544,608.38128,0.09234799179494838,0.08546854478573197,0.07301919824826263,1,forward
57.856,67.28191566192051,69.82645667061179,598.86708,608.29964,0.10362216236405944,0.08909926830139747,0.07301919824826263,1,forward
57.888,64.33172997146191,71.10799686026542,598.94872,608.22428,0.10588453511693184,0.09245632166450435,0.10588453511693184,0,normal_exit
57.92,68.97784095591399,67.7266938611647,599.04292,608.31848,0.10739852247378705,0.09544476182636089,0.10723601835318067,0,forward
57.952,67.3008712554696,70.44895390270526,599.13712,608.41268,0.10630225266779965,0.09761625999464865,0.10583898607117558,0,forward
57.984,62.885294540935085,67.04934770448183,599.2376,608.51316,0.10618258818592623,0.09932952563290418,0.10479771420707025,0,forward
58.016,67.67600211974471,63.06410493212333,599.3318,608.60736,0.10834529490462658,0.10113267948724866,0.10497129833889962,0,forward
58.048,71.19330469783873,70.22578569355676,599.426,608.70156,0.10483172898553587,0.1018724893869061,0.10370082563414254,0,forward
58.08,74.5422501543064,65.88719735677324,599.52648,608.79576,0.10353155841864874,0.10220430319325463,0.10236744524284502,0,forward
58.112,70.31365905855114,74.39844083315815,599.62068,608.89624,0.10318196981615864,0.10239983651783545,0.10138363070322261,0,forward
58.144,64.31115113067058,73.4562069132696,599.71488,608.99044,0.10388301864281242,0.10269647294283085,0.10104299946836356,0,forward
58.176,69.54424000667848,68.95540871449646,599.80908,609.08464,0.10250604411273041,0.10265838717681076,0.10032889068741341,0,forward
58.208,63.069400930613384,74.68265620749702,599.90956,609.17884,0.10263400662014584,0.10265351106547779,0.09987466675979371,0,forward
58.24,70.92518944695087,70.7106370052612,600.0037599999999,609.27932,0.09848879275479391,0.10182056740334103,0.09809761999508348,0,forward
58.272,68.88569872515542,62.963306031634225,600.09796,609.37352,0.09739513086393889,0.1009354800954606,0.09660670474917625,0,forward
58.304,69.70344858610427,66.8285252575732,600.19216,609.46772,0.0934241593343571,0.09943321594323991,0.09422725421342314,0,forward
58.336,71.56219002840075,63.785787066783186,600.29264,609.5682,0.10124758087121896,0.09979608892883572,0.09542048475270314,0,forward
58.368,65.30066117282468,65.09133886811493,600.38684,609.6624,0.09321694357898097,0.09848025985886479,0.09339178024330483,0,forward
58.4,65.37722498479053,70.4925064577173,600.48104,609.7566,0.09514966319677969,0.09781414052644778,0.09278228852212386,0,forward
58.432,64.8297416360672,68.6265266886724,600.58152,609.8508,0.0949119900444062,0.09723371043003948,0.09226469346413736,0,forward
58.464,64.90034325718261,64.26881024155655,600.67572,609.95128,0.09129727854147106,0.0960464240523258,0.09063753208200398,0,forward
58.496,68.06676495937074,61.25262041556786,600.76992,610.04548,0.09091054663879813,0.09501924856962027,0.08949607289832671,0,forward
58.528,66.10423324745746,65.6833028361343,600.86412,610.13968,0.08850197998817547,0.09371579485333131,0.08790066279709847,0,forward
58.56,67.38393092039394,69.55124677748431,600.9646,610.24016,0.08954034493880923,0.09288070487042689,0.08716620463416314,0,forward
58.592,68.93887017723927,69.06620614384866,601.0588,610.33436,0.0884224515071119,0.0919890541977639,0.08637699578732982,0,forward
58.624,68.17853559781447,68.37015926581002,601.153,610.42856,0.08803618190560622,0.09119847973933237,0.08573214297018296,0,forward
58.656,66.6969952710512,66.1295333889969,601.25348,610.52276,0.08509359912235472,0.08997750361593684,0.08422280203611864,0,forward
58.688,73.83090404937283,67.74709641702925,601.34768,610.62324,0.08519615915525178,0.08902123472379983,0.08329093682467811,0,forward
58.72,68.87166615230605,67.75170778021092,601.44188,610.71744,0.08712400932157964,0.0886417896433558,0.08342489525405643,0,forward
58.752,65.0958549608453,65.25854071392239,601.53608,610.81164,0.08415187335697327,0.0877438063860793,0.08244607185482897,0,forward
58.784,71.36979557513287,72.99125541316658,601.63656,610.90584,0.08823082513751236,0.08784121013636592,0.08323792573832672,0,forward
58.816,66.6117856106681,68.37815826561516,601.73076,611.00632,0.08041961970042848,0.08635689204917843,0.08094766849929143,0,forward
58.848,63.002845621224104,66.74936003890004,601.82496,611.10052,0.08377265886911942,0.08584004541316663,0.08072047387549885,0,forward
58.88,69.25101270144413,68.36254967353906,601.91916,611.19472,0.08190003888197595,0.08505204410692849,0.0799037931602374,0,forward
58.912,61.08045264422289,65.1540708760746,602.01964,611.2952,0.08820672798819718,0.08568298088318223,0.08155649568333648,0,forward
58.944,65.8816783845848,61.901146174204555,602.11384,611.3894,0.08541209588230422,0.08562880388300663,0.08169852483201924,0,forward
58.976,67.8433949096613,71.07532784986702,602.20804,611.4836,0.08052368284721245,0.08460777967584779,0.08003835999045396,0,forward
59.008,69.09073906903332,72.46295650918935,602.30852,611.5778,0.08243931924628528,0.08417408758993529,0.07961794405010708,0,forward
59.04,66.61232398267657,63.97323505401222,602.40272,611.67828,0.08549411693492849,0.08443809345893394,0.08044254969796084,0,forward
59.072,64.84283723382778,66.86575301328865,602.49692,611.77248,0.08400385567175325,0.0843512459014978,0.08047914571281475,0,forward
59.104,61.85957875598841,68.03387411979922,602.59112,611.86668,0.07910744449778614,0.08330248562075547,0.07874845456189737,0,forward
59.136,62.258457795152424,66.5688784332597,602.6916,611.96088,0.08172912210539343,0.08298781291768306,0.07853572350370634,0,forward
59.168,66.47872457854153,65.50319953150476,602.7858,612.06136,0.08258766167183632,0.08290778266851373,0.07870678325576792,0,forward
59.2,63.499019650701854,69.64929496548486,602.88,612.15556,0.08130329992324657,0.0825868861194603,0.07839773619866651,0,forward
59.232,66.58640176432016,71.58473106683095,602.9742,612.24976,0.08263812344329996,0.08259713358422824,0.07867761821910188,0,forward
59.264,66.62108396480897,63.21308731344495,603.07468,612.35024,0.08050412846886819,0.08217853256115623,0.07801009261379241,0,forward
59.296,65.30363432584555,68.70270852645123,603.16888,612.44444,0.079443721216772,0.0816315702922794,0.07728443210510813,0,forward
59.328,62.39381614761896,63.58326857195387,603.26308,612.53864,0.08112055825829635,0.08152936788548279,0.07741948452948069,0,forward
59.36,64.96228372013688,73.9542355889477,603.36356,612.63284,0.07869136398735216,0.08096176710585667,0.07659456720495003,0,forward
59.392,61.22649821662914,68.23507382570469,603.45776,612.73332,0.07606834332102493,0.07998308234889033,0.07512546574748544,0,forward
59.424,69.77967814695481,72.99527235030013,603.55196,612.82752,0.07681742725971556,0.07934995133105538,0.07449235495898998,1,start_turn_right
59.456,63.252772289809165,68.43122201649513,603.47032,612.90916,0.0719175774539533,0.07786347655563497,0.07449235495898998,1,forward
59.488,70.23947735616125,64.68810184329284,603.39496,612.98452,0.06766441319062291,0.07582366388263256,0.07449235495898998,1,forward
59.52,62.50497939917322,65.70741125471018,603.31332,613.06616,0.06518365789024348,0.07369566268415476,0.07449235495898998,1,forward
59.552,67.36496219727628,66.54696511442096,603.23168,613.1478,0.06645891980346329,0.07224831410801646,0.07449235495898998,1,forward
59.584,64.02574313182402,67.69565816382254,603.15004,613.22944,0.060245347056475315,0.06984772069770824,0.07449235495898998,1,forward
59.616,65.1044334726834,90.70454248613537,603.07468,613.3048,0.057610001931295396,0.06740017694442568,0.07449235495898998,1,forward
59.648,66.5669810275763,104.36203376224896,602.99304,613.38644,0.053494491913700946,0.06461903993828073,0.07449235495898998,1,forward
59.68,66.8511233175206,104.95642372734564,602.9114,613.46808,0.05424258443319447,0.06254374883726348,0.07449235495898998,1,forward
59.712,64.9791666478226,119.95135786761794,602.83604,613.54344,0.05312753051905455,0.0606605051736217,0.07449235495898998,1,forward
59.744,68.0064741194359,142.4803770761025,602.7544,613.62508,0.05323553683006694,0.05917551150491075,0.07449235495898998,1,forward
59.776,68.4750314982134,138.95675987281146,602.67276,613.70672,0.0544090954084538,0.05822222828561936,0.07449235495898998,1,forward
59.808,65.29850798818771,145.30845695111415,602.59112,613.78836,0.053717766403578275,0.057321335909211145,0.07449235495898998,1,forward
59.84,68.84268010957784,150.208521580736,602.51576,613.86372,0.05502550887862619,0.05686217050309415,0.07449235495898998,1,forward
59.872,73.96765998739606,161.15894329529868,602.43412,613.94536,0.05574118515315845,0.05663797343310702,0.07449235495898998,1,forward
59.904,63.203795395711666,176.9632488128109,602.35248,614.027,0.05621120123571825,0.05655261899362927,0.07449235495898998,1,forward
59.936,68.6090184653375,198.93460720296991,602.27084,614.10864,0.05736111470871529,0.05671431813664647,0.07449235495898998,1,forward
59.968,90.01076090687314,190.54448024223424,602.19548,614.184,0.059139997924460584,0.0571994540942093,0.07449235495898998,1,forward
60.0,106.13270864221798,208.43517720192236,602.11384,614.26564,0.055471735990090476,0.05685391047338553,0.07449235495898998,1,forward
60.032000000000004,113.12812948889994,196.53537030297548,602.0322,614.34728,0.057858783064423935,0.05705488499159322,0.07449235495898998,1,forward
60.064,116.38427510297004,199.00306144573352,601.9568399999999,614.42892,0.05734704098618654,0.05711331619051189,0.07449235495898998,1,forward
60.096000000000004,129.59548182859223,189.34791764443355,601.8752,614.50428,0.05940272395616445,0.0575711977436424,0.07449235495898998,1,forward
60.128,139.83152153151212,190.1590491378275,601.79356,614.58592,0.05922437190633305,0.057901832576180534,0.07449235495898998,1,forward
60.160000000000004,151.58527984026776,199.0601173190512,601.71192,614.66756,0.05733531596601137,0.0577885292541467,0.07449235495898998,1,forward
60.192,155.03711578020764,185.78104817207958,601.63656,614.74292,0.060199928136489333,0.05827080903061523,0.07449235495898998,1,forward
60.224000000000004,175.34161683106097,174.56667849574518,601.55492,614.82456,0.06266115253192711,0.05914887773087761,0.07449235495898998,1,forward
60.256,172.86015702073337,163.18303593845127,601.47328,614.9062,0.06327608188065816,0.05997431856083372,0.07449235495898998,1,forward
60.288000000000004,193.1786991631658,145.0689990950088,601.39164,614.98784,0.05856972029302851,0.059693398907272675,0.07449235495898998,1,forward
60.32,191.1716973558697,139.92534684064427,601.31628,615.0632,0.05900320776840714,0.05955536067949957,0.07449235495898998,1,forward
60.352000000000004,204.12665693231924,129.6324909160309,601.23464,615.14484,0.056312914010779716,0.058906871345755604,0.07449235495898998,1,forward
60.384,198.6492592316362,125.83224384882115,601.153,615.22648,0.05741985478130945,0.05860946803286638,0.07449235495898998,1,forward
60.416000000000004,200.54934512620073,110.71152508956777,601.07136,615.30812,0.05703096541823205,0.05829376750993952,0.07449235495898998,1,forward
60.448,196.5264339154571,105.5348460616185,600.996,615.38348,0.05786065286218427,0.05820714458038847,0.07449235495898998,1,forward
