time,raw_ps0,raw_ps7,l_encoder,r_encoder,z_procesado,simple_filt,kalman_est,turning,decision
0.032,63.661986392768526,69.98390175304829,0.20096,0.20096,0.10562062049337459,0.1056206204933746,0.08530896270618717,0,forward
0.064,67.79212422639874,67.0684301241127,0.29516,0.29516,0.10668922807199652,0.105834342009099,0.09507820317714895,0,forward
0.096,69.65102445933502,65.04791981242943,0.38936,0.38936,0.10691540574349837,0.10605055475597888,0.09882552062459427,0,forward
0.128,62.822918280007435,70.8050159716955,0.48984,0.48984,0.10609726670499496,0.10605989714578211,0.10030997398619401,0,forward
0.16,72.76020843703861,64.9405119371097,0.58404,0.58404,0.1033406387051152,0.10551604545764874,0.10019991716549788,0,forward
0.192,66.83767316804558,59.88680879021298,0.67824,0.67824,0.10589140521827196,0.1055911174097734,0.10102700572408084,0,forward
0.224,67.05578931199047,64.9923054327153,0.77872,0.77872,0.10474052429463535,0.1054209987867458,0.10104402312095646,0,forward
0.256,71.16212433205023,72.53495022642717,0.87292,0.87292,0.10489399299143672,0.10531559762768399,0.10118754039990369,0,forward
0.28800000000000003,70.14256897284444,68.78820378143172,0.96712,0.96712,0.10553986706167111,0.10536045151448142,0.10150909396953209,0,forward
0.32,63.284387955928416,63.746205481911275,1.06132,1.06132,0.10800126855976823,0.10588861492353879,0.10259656160593261,0,forward
0.352,68.09786643640629,66.56417159222529,1.1618,1.1618,0.10708113891220153,0.10612711972127134,0.1028815856424915,0,forward
0.384,68.15500764082111,73.45421843247843,1.256,1.256,0.10426562504073604,0.10575482078516428,0.10213821721125262,0,forward
0.41600000000000004,66.61884897556057,68.48916154555997,1.3502,1.3502,0.10761425254147,0.10612670713642543,0.1028608326836199,0,forward
0.448,69.8089163927495,69.76329198996213,1.4444,1.4444,0.10614750893480213,0.10613086749610078,0.1027990559469956,0,forward
0.48,67.51036077066911,65.36160816712817,1.54488,1.54488,0.10573643157497366,0.10605198031187535,0.10252951235629003,0,forward
0.512,72.05570758177198,63.58387453688988,1.63908,1.63908,0.10412823093376446,0.10566723043625317,0.10186299835050844,0,forward
0.544,61.20973534693474,67.34719874909506,1.73328,1.73328,0.10607426418848702,0.10574863718669995,0.10213244867496138,0,forward
0.5760000000000001,62.09980496563806,67.00608341256661,1.83376,1.83376,0.10817826491535247,0.10623456273243045,0.10297652206813777,0,forward
0.608,67.68560293462238,64.65618201947163,1.92796,1.92796,0.10749387567837264,0.1064864253216189,0.10335562961139252,0,forward
0.64,63.67526268489749,70.41759489663002,2.02216,2.02216,0.10637053471700249,0.10646324720069562,0.10319647345058137,0,forward
0.672,67.98643925551187,65.15718145869552,2.11636,2.11636,0.10492319112649996,0.1061552359858565,0.10257581434254216,0,forward
0.704,67.5216815757565,68.8061899604429,2.21684,2.21684,0.10752240887461252,0.1064286705636077,0.10302608256597198,0,forward
0.736,63.59491020911424,71.37169846118785,2.31104,2.31104,0.10570007579126457,0.10628295160913909,0.10274479207680551,0,forward
0.768,70.30293326684695,59.7798550276289,2.40524,2.40524,0.10645168162881886,0.10631669761307505,0.10283354451289065,0,forward
0.8,61.13992342024029,67.00692401750649,2.50572,2.50572,0.10551265938113101,0.10615588996668626,0.10247147096674548,0,forward
0.8320000000000001,61.60455394270448,71.0005288591915,2.59992,2.59992,0.10595989378898171,0.10611669073114535,0.10248195604124707,0,forward
0.864,71.00232970353942,64.19443077571722,2.69412,2.69412,0.10595863011790983,0.10608507860849825,0.10248823203849024,0,forward
0.896,66.0489140725588,61.02928552364988,2.78832,2.78832,0.10700906773855375,0.10626987643450936,0.10286858684101378,0,forward
0.928,68.19446888992493,77.66088018593223,2.8888,2.8888,0.101483639956411,0.1053126291388897,0.10105053240820862,0,forward
0.96,67.38995048102235,71.82952717308947,2.983,2.983,0.10516473314698375,0.10528304994050852,0.10128520715776429,0,forward
0.992,70.05887111468668,67.68694847738888,3.0772,3.0772,0.10662481918694133,0.10555140378979509,0.10195889477784563,0,forward
1.024,68.26566612316678,71.61977178193285,3.1713999999999998,3.1713999999999998,0.1055271341722635,0.10554654986628878,0.10199797474312298,0,forward
1.056,61.08304121625122,62.70426522033861,3.27188,3.27188,0.10579690781543595,0.10559662145611823,0.10203708454423682,0,forward
1.088,67.84275555263676,70.89638077656744,3.36608,3.36608,0.10603302688678287,0.10568390254225117,0.10222939232817513,0,forward
1.12,66.70523222625043,68.10650436049521,3.46028,3.46028,0.1065158342036401,0.10585028887452896,0.10252577376871638,0,forward
1.1520000000000001,63.93030761970016,72.79515824438434,3.56076,3.56076,0.10471535998810386,0.10562330309724395,0.10198832287782499,0,forward
1.184,68.88363469423108,62.97697019426108,3.65496,3.65496,0.10535524148509134,0.10556969077481343,0.10195527814720663,0,forward
1.216,64.86489478572544,68.41774510566636,3.74916,3.74916,0.1068583330899975,0.10582741923785025,0.10247256588656714,0,forward
1.248,69.4342126191179,67.71404436049659,3.84336,3.84336,0.10707052768954087,0.10607604092818838,0.10288055169918696,0,forward
1.28,67.1313692535349,67.76805542177145,3.94384,3.94384,0.10290548153423812,0.10544192904939834,0.1015675962732501,0,forward
1.312,60.621618139376125,61.11794510113439,4.03804,4.03804,0.10670320717193095,0.10569418467390486,0.10216819894413946,0,forward
1.344,64.77210952035684,66.51169494972697,4.13224,4.13224,0.10667266986084376,0.10588988171129264,0.1025426909390744,0,forward
1.3760000000000001,70.29119634312704,68.57975809255444,4.22644,4.22644,0.10645999492525629,0.10600390435408537,0.10270682593659221,0,forward
1.408,65.15052413343444,70.8206671296129,4.32692,4.32692,0.10608625664180264,0.10602037481162882,0.10259564583926943,0,forward
1.44,68.34520883388896,67.05204824742592,4.42112,4.42112,0.10651302012820553,0.10611890387494416,0.1027598060232811,0,forward
1.472,68.63351018003742,66.73442120859,4.51532,4.51532,0.10550110253192196,0.10599534360633973,0.10250262744018643,0,forward
1.504,65.1365713039673,64.69402976096212,4.6158,4.6158,0.10804269661251346,0.1064048142075745,0.1031655124286515,0,forward
1.536,62.48991501690449,66.94675070478714,4.71,4.71,0.10608901425342143,0.10634165421674388,0.10297361027926241,0,forward
1.568,65.9944812720689,70.22348529640429,4.8042,4.8042,0.10467948260010891,0.1060092198934169,0.10234548314325159,0,forward
1.6,67.60971276276068,66.00593063955688,4.8984,4.8984,0.10746474467177344,0.10630032484908822,0.10294022852852501,0,forward
1.6320000000000001,71.37435306265381,65.07857736679142,4.99888,4.99888,0.10444158295836983,0.10592857647094454,0.10215621338946243,0,forward
1.6640000000000001,61.153708158092876,63.08182565680517,5.09308,5.09308,0.10586344728339254,0.10591555063343415,0.10224508918630641,0,forward
1.696,70.2062665483798,67.10887273323281,5.18728,5.18728,0.10306195203587688,0.10534483091392272,0.10129846767785768,0,forward
1.728,69.1366384977363,71.51532887478574,5.28148,5.28148,0.10559987638757404,0.10539584000865299,0.10160021110006072,0,forward
1.76,60.904616637598785,67.03607790637399,5.38196,5.38196,0.10819694723427191,0.10595606145377677,0.1026416550260567,0,forward
1.792,72.45259490509656,62.8848646310633,5.47616,5.47616,0.10495065702200856,0.10575498056742313,0.1022296036615398,0,forward
1.824,68.73590609219423,65.57290647603891,5.57036,5.57036,0.10612943236976494,0.1058298709278915,0.10238747800845056,0,forward
1.856,60.29108144058894,66.63059164575631,5.67084,5.67084,0.10911774835263759,0.10648744641284073,0.10347676157595699,0,forward
1.8880000000000001,75.4279720122619,71.96117762388212,5.76504,5.76504,0.10294157346875595,0.10577827182402379,0.10204575757790113,0,forward
1.92,60.268951833539525,71.33692337953762,5.85924,5.85924,0.10572436417168087,0.10576749029355521,0.10212437742777201,0,forward
1.952,61.885831857473555,74.6173265692092,5.95344,5.95344,0.10348128735001859,0.1053102497048479,0.10137123187099344,0,forward
1.984,70.76601770912937,72.23577039255221,6.05392,6.05392,0.10442967813799582,0.10513413539147748,0.10114505666899233,0,forward
2.016,60.78097719868294,69.71000640987208,6.14812,6.14812,0.10687328378168408,0.1054819650695188,0.1019579685843569,0,forward
2.048,67.37960832659486,60.85448232322236,6.24232,6.24232,0.1085631871442067,0.10609820948445639,0.10308506932404872,0,forward
2.08,66.7032468900493,69.96420362073705,6.3427999999999995,6.3427999999999995,0.10669212794584214,0.10621699317673355,0.10305543865087032,0,forward
2.112,67.83762730613402,68.18043214114003,6.437,6.437,0.10542158633743531,0.10605791180887392,0.1026638601625796,0,forward
2.144,70.5076591173661,75.63123849289813,6.5312,6.5312,0.10280712378145165,0.10540775420338946,0.10147591663092677,0,forward
2.176,66.08602105610824,66.79946687366517,6.6254,6.6254,0.10805413512642839,0.10593703038799725,0.10259334439318901,0,forward
2.208,66.72391550832374,70.0269417669678,6.72588,6.72588,0.10621955103244964,0.10599353451688773,0.10257057364220905,0,forward
2.24,63.34576561301847,74.71773851384467,6.82008,6.82008,0.10341412790601426,0.10547765319471304,0.10163351453495047,0,forward
2.2720000000000002,60.36291461183162,69.10410288785047,6.91428,6.91428,0.1073075769889075,0.10584363795355194,0.10242702155132419,0,forward
2.3040000000000003,68.36067932833865,71.53001024521781,7.00848,7.00848,0.10558964507497583,0.10579283937783672,0.10232078656059011,0,forward
2.336,68.7264704705018,62.58123120969895,7.10896,7.10896,0.10433859782136103,0.10550199106654158,0.1017217959905245,0,forward
2.368,68.56132646115717,71.31185980027549,7.20316,7.20316,0.10574187655296316,0.1055499681638259,0.10192275147445315,0,forward
2.4,65.26129212817548,68.4387569915544,7.29736,7.29736,0.10482268691805927,0.10540451191467258,0.10172240649062649,0,forward
2.432,64.81013447868897,64.7106811975101,7.39784,7.39784,0.10597579225950315,0.1055187679836387,0.10192432741026113,0,forward
2.464,69.03915285321173,65.30879983693104,7.49204,7.49204,0.10735434074667856,0.10588588253624667,0.10263040198294757,0,forward
2.496,67.77168696535405,66.16316989963474,7.58624,7.58624,0.10827513936246323,0.10636373390148998,0.10341340306942665,0,forward
2.528,65.48249230302575,70.79079678743362,7.68044,7.68044,0.10610727140433404,0.10631244140205881,0.10313923298408462,0,forward
2.56,70.59869007395541,65.60137246063553,7.78092,7.78092,0.10547599604716616,0.10614515233108028,0.10265450931150105,0,forward
2.592,64.23016064158219,71.11838989277229,7.87512,7.87512,0.10587725300245045,0.10609157246535432,0.10256981282578073,0,forward
2.624,59.832674288544,69.13723735200934,7.96932,7.96932,0.10728373600105737,0.10633000517249493,0.10301934267779718,0,forward
2.656,65.77550385139455,71.92590419699032,8.06352,8.06352,0.10531449580352054,0.10612690329870006,0.10260232985069193,0,forward
2.688,69.29070547317664,70.30367564669554,8.164,8.164,0.10645115584271983,0.10619175380750402,0.10265931416795707,0,forward
2.72,67.93520466652288,69.7482531874856,8.2582,8.2582,0.10684598757868591,0.10632260056174041,0.10291995280080948,0,forward
2.7520000000000002,62.878848063033566,70.9829678040987,8.3524,8.3524,0.10597221814291063,0.10625252407797446,0.10277418115617919,0,forward
2.7840000000000003,63.31035688223175,66.82993731702197,8.45288,8.45288,0.1089696031501685,0.10679593989241327,0.10367185125369505,0,forward
2.816,70.49219948433083,69.84881064336533,8.54708,8.54708,0.10631780288164314,0.10670031249025926,0.10338051464537955,0,forward
2.848,65.58070426648344,68.93950300486259,8.64128,8.64128,0.10669517671499422,0.10669928533520626,0.1033287486145918,0,forward
2.88,61.34995364993642,70.25356921721892,8.73548,8.73548,0.10475109306427727,0.10630964688102046,0.10259904547257456,0,forward
2.912,68.00648819466039,75.58912269614915,8.83596,8.83596,0.10283495223021785,0.10561470795085995,0.10136167412614523,0,forward
2.944,69.59578310628815,68.4556110702302,8.93016,8.93016,0.10695488647986798,0.10588274365666156,0.10212621598211553,0,forward
2.976,64.79178938318461,68.13487056538186,9.02436,9.02436,0.10361845585002129,0.10542988609533352,0.1014215534027488,0,forward
3.008,63.60838699323437,64.98553436669727,9.11856,9.11856,0.1097543481500159,0.10629477850627,0.10316757138846319,0,forward
3.04,68.32764581326215,66.86874069966451,9.21904,9.21904,0.10652266730227465,0.10634035626547095,0.10304767316791964,0,forward
3.072,69.04186430802119,68.13464477872323,9.31324,9.31324,0.10735238769513236,0.10654276255140324,0.10335060092426411,0,forward
3.104,67.24590520971445,65.31357526605306,9.40744,9.40744,0.10556378009600195,0.10634696606032298,0.1029042203076421,0,forward
3.136,68.61769208373626,65.43536554679173,9.50792,9.50792,0.10765878392853158,0.10660932963396472,0.10328569198642386,0,forward
3.168,70.93692358233122,69.45940684726948,9.60212,9.60212,0.1060045456092294,0.10648837282901766,0.10302047306959737,0,forward
3.2,66.77777676183692,67.78800136060256,9.69632,9.69632,0.10481099372241678,0.10615289700769748,0.10242267183926101,0,forward
3.232,68.28215426354151,65.0828052920554,9.79052,9.79052,0.10790239782707256,0.10650279717157249,0.10314655634560908,0,forward
3.2640000000000002,73.94233252468666,64.59724591642353,9.891,9.891,0.10393502383390346,0.10598924250403868,0.10210714406354152,0,forward
3.2960000000000003,72.18310041440203,61.25514033199267,9.9852,9.9852,0.10513650961526752,0.10581869592628446,0.10195316839566944,0,forward
3.3280000000000003,63.40853302708742,71.70354758576525,10.0794,10.0794,0.10546885853776385,0.10574872844858035,0.1019734221935287,0,forward
3.36,66.27691178995171,61.18951271311178,10.17988,10.17988,0.10471908406799174,0.10554279957246264,0.10163518961528029,0,forward
3.392,72.57355003383458,68.91105445623941,10.27408,10.27408,0.10486745570547355,0.10540773079906483,0.10155390460116885,0,forward
3.424,63.687271205889544,68.48034660179016,10.36828,10.36828,0.10775836914571896,0.10587785846839566,0.1025374321813738,0,forward
3.456,71.26187474482774,66.56617508238577,10.46248,10.46248,0.10577681935379495,0.10585765064547552,0.10245869834887351,0,forward
3.488,65.73584105574949,63.59222379844891,10.56296,10.56296,0.10978768080721746,0.10664365667782391,0.10376247506322536,0,forward
3.52,59.12470032948986,68.60213728051767,10.65716,10.65716,0.10767005302081659,0.10684893594642246,0.10392312563737945,0,forward
3.552,64.18905035798535,64.43814800314732,10.75136,10.75136,0.10624747765603963,0.1067286442883459,0.10351657353468971,0,forward
3.584,74.03503872046595,63.23630220348764,10.84556,10.84556,0.10387247039964649,0.10615740951060602,0.10240480747297313,0,forward
3.616,68.04586081768818,62.14592013976451,10.94604,10.94604,0.10646806450559809,0.10621954050960444,0.10253861333366698,0,forward
3.648,67.19207135257955,66.52364421107322,11.04024,11.04024,0.1087015071733998,0.10671593384236353,0.10350724789420188,0,forward
3.68,68.30417592445228,64.78014830045096,11.13444,11.13444,0.10762187744195112,0.10689712256228105,0.10374207626780617,0,forward
3.712,63.338577243608135,65.17984980582003,11.23492,11.23492,0.11020813164774734,0.10755932437937431,0.10473670282439751,0,forward
3.744,67.06090920549175,72.90083826916285,11.32912,11.32912,0.10464298417928879,0.10697605633935722,0.10346385860283738,0,forward
3.7760000000000002,66.95661287858161,65.87062418596994,11.42332,11.42332,0.10448116691201692,0.10647707845388917,0.10258904819756462,0,forward
3.8080000000000003,68.89152251938246,70.6158134628446,11.51752,11.51752,0.10452760502100573,0.10608718376731249,0.10204428204591265,0,forward
3.84,70.01713705767929,68.02405915331768,11.618,11.618,0.10471224060807086,0.10581219513546417,0.10167821166785615,0,forward
3.872,65.12775001582355,67.11398541679762,11.7122,11.7122,0.10757380071704356,0.10616451625178004,0.10255108226381575,0,forward
3.904,62.221170499832084,67.79369786256679,11.8064,11.8064,0.10663591982436861,0.10625879696629777,0.1027752374324966,0,forward
3.936,68.57198649158245,66.51834581092753,11.9006,11.9006,0.10769190328424734,0.1065454182298877,0.10329740138301967,0,forward
3.968,62.741357078252506,62.78878000035506,12.00108,12.00108,0.10721208041608082,0.10667875066712633,0.10337797805070928,0,forward
4.0,68.6541066967871,70.40164845726241,12.09528,12.09528,0.10490343462072886,0.10632368745784684,0.10268521560630847,0,forward
4.032,63.61273271775925,60.416262485432235,12.18948,12.18948,0.10398344625882167,0.10585563921804182,0.10191104775697545,0,forward
4.064,67.29429356598513,70.21798838476265,12.28996,12.28996,0.10651187765221705,0.10598688690487687,0.1022374431648571,0,forward
4.096,69.15457076019166,63.5066894154129,12.38416,12.38416,0.10708872988485202,0.10620725550087191,0.10273618454654163,0,forward
4.128,70.16092211464958,63.14294344815014,12.47836,12.47836,0.1065523557972281,0.10627627556014316,0.10286408797604439,0,forward
4.16,64.33853481109279,67.24252521827722,12.57256,12.57256,0.10344007620170675,0.10570903568845588,0.1018311713102812,0,forward
4.192,69.94150085125264,64.64545533686356,12.67304,12.67304,0.10592341304851963,0.10575191116046863,0.10197536116116065,0,forward
4.224,64.35046199872325,67.38366840840658,12.76724,12.76724,0.10551169752899607,0.10570386843417413,0.10200301162567314,0,forward
4.256,68.55767477026036,65.2908228038838,12.86144,12.86144,0.10746939406840657,0.10605697356102062,0.10272211570599306,0,forward
4.288,60.98449355060235,63.82712644318421,12.95564,12.95564,0.106155432183693,0.1060766652855551,0.10271285851505589,0,forward
4.32,67.23851169109348,69.6572456933259,13.05612,13.05612,0.10691096128273551,0.10624352448499119,0.10289497388104728,0,forward
4.352,71.48710521325958,65.51191917776,13.15032,13.15032,0.10561955076952338,0.10611872974189764,0.10263180536746948,0,forward
4.384,66.84506501871203,64.38671850683932,13.24452,13.24452,0.10866200235176797,0.10662738426387172,0.1035529002750968,0,forward
4.416,67.85657363093152,59.24585223856266,13.345,13.345,0.1082129769890245,0.10694450280890229,0.10390052130424128,0,forward
4.448,65.25337620761546,74.64733177081035,13.4392,13.4392,0.10346120955848265,0.10624784415881836,0.10250386573840786,0,forward
4.48,68.58888459647903,68.62640401350974,13.5334,13.5334,0.10765247336903638,0.10652877000086197,0.10310912458689617,0,forward
4.5120000000000005,69.45824979730648,69.0632615031162,13.6276,13.6276,0.10502105522708272,0.10622722704610613,0.10255481940354648,0,forward
4.5440000000000005,72.87197360773766,67.73285431947568,13.72808,13.72808,0.10466274243999266,0.10591433012488344,0.1019881120592172,0,forward
4.5760000000000005,74.4842948296132,65.40734682777288,13.82228,13.82228,0.1035703986456813,0.10544554382904302,0.10131570939838223,0,forward
4.6080000000000005,61.9986111199907,64.14171950096224,13.91648,13.91648,0.10671154613003903,0.10569874428924222,0.1020095399437135,0,forward
4.64,66.52479607829254,69.65607787233895,14.01696,14.01696,0.1069117955479795,0.10594135454098969,0.10244392339349374,0,forward
4.672,65.90812263861945,65.70351135054564,14.11116,14.11116,0.10859262651064376,0.10647160893492051,0.10340747402024673,0,forward
4.704,73.49038101264387,66.33217040849037,14.20536,14.20536,0.10233650400388104,0.10564458794871262,0.10178452209763382,0,forward
4.736,85.88024349273716,76.31529521392244,14.29956,14.29956,0.09645512728404296,0.1038066958157787,0.09863595725728733,0,forward
4.768,86.48925322377153,91.7892786640744,14.40004,14.40004,0.0931373606340546,0.1016728287794339,0.09534415666736111,0,forward
4.8,99.71116057247687,97.94904600651638,14.49424,14.49424,0.08903175489508487,0.09914461400256411,0.09184342214319874,0,forward
4.832,105.9967296198022,106.13272768526134,14.58844,14.58844,0.0859601650874369,0.09650772421953867,0.08849643196213666,0,forward
4.864,120.05972853311653,106.63240528865038,14.68264,14.68264,0.07997611571961855,0.09320140251955465,0.08420469536621131,0,forward
4.896,118.81450748605727,107.70690691279152,14.78312,14.78312,0.08047702455074648,0.09065652692579303,0.08154734235193303,0,forward
4.928,126.22609208949135,114.4201782463618,14.87732,14.87732,0.07758475097834291,0.08804217173630301,0.07888844518997941,0,forward
4.96,122.7477133033475,137.6638508537159,14.97152,14.97152,0.0735078421944902,0.08513530582794045,0.0757215346308477,0,forward
4.992,142.85092464251483,131.55454704203729,15.072,15.072,0.07179687508887979,0.08246761968012832,0.07299360891419442,1,start_turn_left
5.024,135.29881312545834,160.44128731197756,15.14736,14.99036,0.0665443118312691,0.07928295811035649,0.07299360891419442,1,forward
5.056,131.4896446152878,174.88986452546996,15.229,14.90872,0.06277220959643609,0.0759808084075724,0.07299360891419442,1,forward
5.088,66.06017338933395,186.4939699463217,15.31064,14.82708,0.06003888194251745,0.07279242311456141,0.07299360891419442,1,forward
5.12,67.1475714330736,222.71745745171208,15.386,14.75172,0.052854566547594094,0.06880485180116795,0.07299360891419442,1,forward
5.152,65.02890841220187,251.67563916228198,15.46764,14.67008,0.048239901008139865,0.06469186164256234,0.07299360891419442,1,forward
5.184,72.95082362305331,290.37512205842734,15.54928,14.58844,0.04319944577021556,0.06039337846809299,0.07299360891419442,1,forward
5.216,59.60676809541395,249.71860522041268,15.63092,14.5068,0.04852622735469903,0.058019948245414205,0.07299360891419442,1,forward
5.248,61.26758851522545,207.5770634763247,15.70628,14.43144,0.05563726051927375,0.05754341070018612,0.07299360891419442,1,forward
5.28,66.62180367495901,184.1821110096347,15.78792,14.3498,0.06056428249003008,0.05814758505815491,0.07299360891419442,1,forward
5.312,67.34316393099962,157.51432342007607,15.86956,14.26816,0.06698602683959433,0.0599152734144428,0.07299360891419442,1,forward
5.344,66.78940128050517,154.69589774261397,15.9512,14.1928,0.06085929930523537,0.060104078592601314,0.07299360891419442,1,forward
5.376,65.10607133549408,131.06178805241674,16.02656,14.11116,0.054754754656805855,0.05903421380544222,0.07299360891419442,1,forward
5.408,65.24916511314251,117.09326534730992,16.1082,14.02952,0.05082208904728537,0.057391788853810854,0.07299360891419442,1,forward
5.44,67.11523967246951,67.28020313922504,16.18984,13.94788,0.04374541891379587,0.05466251486580786,0.07299360891419442,1,forward
5.472,70.61991296048323,65.79591786250518,16.2652,13.87252,0.04031585415196939,0.05179318272304017,0.07299360891419442,1,forward
5.5040000000000004,67.88570313475225,61.62308577457527,16.34684,13.79088,0.04611200062963072,0.05065694630435828,0.07299360891419442,1,forward
5.5360000000000005,63.565086064149945,72.28425317827435,16.42848,13.70924,0.05407977764590317,0.05134151257266726,0.07299360891419442,1,forward
5.5680000000000005,66.69632611823131,69.0964090896977,16.51012,13.6276,0.05471088009658861,0.05201538607745153,0.07299360891419442,1,forward
5.6000000000000005,65.41139324059296,70.10044929613004,16.58548,13.55224,0.06379757219874495,0.05437182330171021,0.07299360891419442,1,forward
5.632,66.52975546767864,67.145790863529,16.66712,13.4706,0.06623419971410537,0.056744298584189244,0.07299360891419442,1,forward
5.664,70.41281035980957,63.67175174893762,16.74876,13.38896,0.07161566055649336,0.05971857097865007,0.07299360891419442,1,forward
5.696,72.71036610537845,67.62652366231134,16.8304,13.3136,0.0814779894276816,0.06407045466845637,0.07299360891419442,1,forward
5.728,66.8427387029869,71.11571766513093,16.90576,13.23196,0.10587912526383024,0.07243218878753116,0.10587912526383024,0,normal_exit
5.76,69.88610074335125,66.86127235370951,17.00624,13.32616,0.10674772324217488,0.07929529567845992,0.10661262569602654,0,forward
5.792,64.7099256228854,60.74554478250925,17.10044,13.42036,0.10779847826087656,0.08499593219494325,0.10635063876975429,0,forward
5.824,73.27015763525002,70.78391604087581,17.19464,13.52084,0.10439083672163083,0.08887491310028077,0.10437028468997184,0,forward
5.856,66.93576444629261,70.45973143472558,17.28884,13.61504,0.10634074544351643,0.0923680795689279,0.10393800410666391,0,forward
5.888,64.59474787597883,64.29718320688188,17.38932,13.70924,0.10376742621851433,0.09464794889884519,0.1026154634490815,0,forward
5.92,63.938543204770156,66.73218105373265,17.48352,13.80344,0.1054006185192022,0.09679848282291659,0.10239424118029965,0,forward
5.952,70.17436453508148,70.4848960311054,17.57772,13.90392,0.10375302952499166,0.09818939216333161,0.10160637271880532,0,forward
5.984,67.35150451248666,62.60996936462518,17.67192,13.99812,0.10701713157996959,0.09995494004665921,0.10231087343727523,0,forward
6.016,68.71556553218683,69.1380421088716,17.7724,14.09232,0.10357996036915411,0.10067994411115819,0.10148593019333987,0,forward
6.048,63.49943352126944,63.27460052317562,17.8666,14.18652,0.1079314297552292,0.10213024123997239,0.10255684000702711,0,forward
6.08,69.38683939105034,66.27319749358601,17.9608,14.287,0.10710448166131124,0.10312508932424017,0.10290582047603541,0,forward
6.112,61.51960268930723,64.75782855887331,18.06128,14.3812,0.10951198980694325,0.1044024694207808,0.10399213217734649,0,forward
6.144,65.92249592568824,66.92542459205725,18.15548,14.4754,0.10861295069172043,0.10524456567496873,0.10440836282504772,0,forward
6.176,66.17817428681059,68.06556652485276,18.24968,14.57588,0.10806023558025833,0.10580769965602665,0.10443611608014335,0,forward
6.208,62.264949155519986,67.22290650265604,18.34388,14.67008,0.10762078428516972,0.10617031658185527,0.10433778621185696,0,forward
6.24,63.77346436847521,64.1314483538202,18.44436,14.76428,0.10889989799268078,0.10671623286402038,0.10469162345449581,0,forward
6.272,65.19709356557614,64.41824439819462,18.53856,14.85848,0.10841480034428601,0.10705594636007351,0.10478621234657894,0,forward
6.304,70.19576620886389,69.95281456393279,18.63276,14.95896,0.10543093633007787,0.10673094435407439,0.10373661209461162,0,forward
6.336,67.6577074901461,63.468323520594105,18.73324,15.05316,0.10835871876899997,0.10705649923705951,0.10411193930709535,0,forward
6.368,65.29998339192213,60.997507311106034,18.82744,15.14736,0.1078675111797251,0.10721870162559263,0.10421813264879189,0,forward
6.4,64.86728033107745,66.40226064588029,18.92164,15.24784,0.10768109764743407,0.10731118082996093,0.10417818834343019,0,forward
6.432,69.3567135586375,68.4099494354058,19.01584,15.34204,0.10541040096039116,0.10693102485604698,0.10338036904239174,0,forward
6.464,65.73612604090287,65.24676606041918,19.116319999999998,15.43624,0.10924039334608285,0.10739289855405415,0.10419918934828314,0,forward
6.496,71.10118220627608,68.58856438198099,19.21052,15.53044,0.10588931050292888,0.10709218094382911,0.10356541923954932,0,forward
6.5280000000000005,63.35227148025809,68.78511117968426,19.30472,15.63092,0.10753764185905121,0.10718127312687353,0.10370792029412829,0,forward
6.5600000000000005,69.60032601959377,70.44824757935382,19.39892,15.72512,0.10634886253201993,0.10701479100790282,0.10341478903429126,0,forward
6.5920000000000005,70.07210814456415,65.58813696500367,19.4994,15.81932,0.1066154144019036,0.10693491568670298,0.1032808595317394,0,forward
6.6240000000000006,68.16722530173111,72.70686718193173,19.5936,15.91352,0.10477590363331821,0.10650311327602602,0.10257720159036157,0,forward
6.656000000000001,68.30044750423151,73.63904586813312,19.6878,16.014,0.10414019372219119,0.10603052936525906,0.10185657758487385,0,forward
6.688,71.22767840101962,70.12887500977462,19.78828,16.1082,0.10580073812660028,0.10598457111752732,0.10198902518646887,0,forward
6.72,69.41876177314019,64.3469049769392,19.88248,16.2024,0.10708159945999628,0.10620397678602111,0.10257420966063845,0,forward
6.752,72.69025695623101,62.54944253591661,19.976679999999998,16.30288,0.10478730155380139,0.10592064173957717,0.1020864888155565,0,forward
6.784,68.04637545134838,65.95499497900997,20.07088,16.39708,0.10784648668187405,0.10630581072803655,0.10291078284389739,0,forward
6.816,66.63914643099761,68.6109147280898,20.17136,16.49128,0.1076636936746864,0.10657738731736652,0.10333297135836692,0,forward
6.848,71.48307941106188,69.26660709810037,20.26556,16.58548,0.10562235770625363,0.10638638139514395,0.10291389253945021,0,forward
6.88,66.79186278754912,68.27677369751855,20.35976,16.68596,0.1054527016237999,0.10619964544087515,0.10254286234362404,0,forward
6.912,63.48905338436671,73.79166248161798,20.45396,16.78016,0.10403684921419201,0.10576708619553853,0.10183882564118502,0,forward
6.944,64.55491804187372,64.50282091831345,20.55444,16.87436,0.10700050146994317,0.10601376925041946,0.10240745731032137,0,forward
6.976,68.30748162241255,69.63647417204123,20.64864,16.96856,0.10692580193786412,0.1061961757879084,0.10278691966718118,0,forward
7.008,71.91467898128649,72.4801869916592,20.74284,17.06904,0.10357021979659181,0.10567098458964508,0.10178696509993075,0,forward
7.04,66.26564174709698,70.75548029120213,20.84332,17.16324,0.10613212845791144,0.10576321336329836,0.10206307499582357,0,forward
7.072,69.08798602381435,69.59050710449966,20.93752,17.25744,0.10695865873910607,0.10600230243845991,0.10257768612140696,0,forward
7.104,64.90410125055166,64.13330911472099,21.03172,17.35792,0.10409651819834058,0.10562114559043606,0.10184124144196247,0,forward
7.136,72.10965938422126,67.54687418610669,21.12592,17.45212,0.10354043783635397,0.10520500403961966,0.10121072260476574,0,forward
7.168,58.66625780475143,67.86580421001469,21.2264,17.54632,0.10685768587748601,0.10553554040719293,0.10195321217408268,0,forward
7.2,69.12468203367885,69.95847372370622,21.3206,17.64052,0.10669620464048933,0.10576767325385222,0.10241315631968635,0,forward
7.232,68.10431501274738,63.44213589690457,21.4148,17.741,0.10492201739600965,0.10559854208228371,0.10203139702329335,0,forward
7.264,59.54145484204364,69.98527441888596,21.509,17.8352,0.10661445371966084,0.10580172440975916,0.10243404296864733,0,forward
7.296,66.1774921314445,67.23738260337392,21.60948,17.9294,0.10704590163473784,0.1060505598547549,0.10280569847741941,0,forward
7.328,67.72492793708173,70.28769517824662,21.70368,18.0236,0.10646247506173692,0.1061329428961513,0.10287649756115833,0,forward
7.36,66.45637788495989,66.60850970332532,21.79788,18.12408,0.10731669683107795,0.10636969368313665,0.10318665479187714,0,forward
7.392,70.11184948530956,66.3825737093209,21.89836,18.21828,0.10649008229505018,0.10639377140551937,0.10308955493237013,0,forward
7.424,56.66975668835652,64.07692838253212,21.99256,18.31248,0.10898673810146789,0.10691236474470907,0.10396299663385426,0,forward
7.456,62.22381010304207,67.05074758214414,22.08676,18.412959999999998,0.10759942063137148,0.10704977592204155,0.10398519528906155,0,forward
7.488,66.97556073401692,68.8351037887729,22.18096,18.50716,0.10750152076157542,0.10714012488994834,0.10400567669885272,0,forward
7.5200000000000005,63.35658808830009,67.18075938322342,22.28144,18.60136,0.10739537248616789,0.10719117440919225,0.10393948310514702,0,forward
7.5520000000000005,65.11046104974724,62.15704353603053,22.37564,18.69556,0.10773594811532265,0.10730012915041834,0.10406032662482048,0,forward
7.5840000000000005,63.163075790547865,71.90185800032485,22.46984,18.79604,0.10427495870512686,0.10669509506136005,0.10285664242444817,0,forward
7.6160000000000005,68.58962234142274,72.1495334820569,22.57032,18.89024,0.10515970462628393,0.10638801697434483,0.10240115412347639,0,forward
7.648000000000001,68.07371330790501,70.26186076340757,22.66452,18.98444,0.106480779079347,0.10640656939534526,0.10262344183707303,0,forward
7.68,63.71471308906272,71.5632812843863,22.75872,19.08492,0.10456643092269224,0.10603854170081467,0.10203895461664476,0,forward
7.712,68.5877546219362,62.20046419544113,22.85292,19.17912,0.10768047502104121,0.10636692836485998,0.10282080319743649,0,forward
7.744,67.59507970687955,65.91136728401496,22.9534,19.27332,0.10840469771604606,0.1067744822350972,0.10354069790819466,0,forward
7.776,66.48563709418725,70.50497312533948,23.0476,19.36752,0.10630877948913565,0.1066813416859049,0.10329311528000099,0,forward
7.808,69.22145013637889,68.75275596329983,23.1418,19.468,0.10682648203149599,0.10671036975502313,0.10327839289672944,0,forward
7.84,71.94939366079946,69.50756103925954,23.236,19.5622,0.10529821550796847,0.1064279389056122,0.10276274082869707,0,forward
7.872,66.28234164215483,66.18347870650499,23.33648,19.6564,0.10683002998172765,0.10650835712083528,0.10293930018729891,0,forward
7.904,70.04005765725242,66.83508300739098,23.43068,19.7506,0.10663818882654645,0.10653432346197753,0.10302518623348353,0,forward
7.936,64.571962978784,66.64532860077601,23.52488,19.85108,0.10807497568442917,0.10684245390646786,0.1035537337608451,0,forward
7.968,66.14356039974447,69.82220339645185,23.62536,19.94528,0.10582364072868214,0.10663869127091073,0.10308636734632484,0,forward
8.0,64.71546412039652,62.016906402012296,23.71956,20.03948,0.10680591509723447,0.10667213603617548,0.1031796546756414,0,forward
8.032,69.22295959134034,71.5151520018162,23.81376,20.13996,0.10559999966081418,0.10645770876110322,0.10276618381957162,0,forward
8.064,66.55801726647493,68.28972142391459,23.90796,20.23416,0.1078968916143617,0.10674554533175491,0.10336502991637807,0,forward
8.096,63.937648727580225,69.3325260822245,24.00844,20.32836,0.1071434363280655,0.10682512353101704,0.10343809484619708,0,forward
8.128,70.86043084292936,66.6275656661109,24.10264,20.42256,0.10605829448186214,0.10667175772118608,0.10313753239171657,0,forward
8.16,64.81505008331384,69.11784339791994,24.19684,20.52304,0.10418872124158925,0.1061751504252667,0.10223355098635416,0,forward
8.192,70.23107386931568,60.559680601489355,24.29104,20.61724,0.10385534827067636,0.10571118999434864,0.10157530333210293,0,forward
8.224,63.35419002122878,65.68534023400352,24.39152,20.71144,0.10680980379679636,0.1059309127548382,0.10217002497830885,0,forward
8.256,68.87320304391052,68.2701636273471,24.48572,20.80564,0.10652650381744683,0.10605003096735993,0.10249149769123027,0,forward
8.288,66.13627620292623,68.6401357204972,24.57992,20.90612,0.10651695888260794,0.10614341655040954,0.10265307186595338,0,forward
8.32,66.0883911234001,66.87188991269002,24.6804,21.00032,0.10861045592622258,0.10663682442557215,0.10350677203213854,0,forward
8.352,74.45328265962246,70.63946662219782,24.7746,21.09452,0.10359119420763699,0.10602769838198513,0.10229774810799705,0,forward
8.384,66.99738691760977,64.40611796335381,24.8688,21.195,0.10791826764713973,0.10640581223501605,0.10303076400959409,0,forward
8.416,70.75367020945798,71.90290802728666,24.963,21.2892,0.1053304390797172,0.10619073760395628,0.10261537120329889,0,forward
8.448,67.88816819539042,67.18266460689614,25.06348,21.3834,0.10607479767500988,0.106167549618167,0.10257415915510411,0,forward
8.48,66.85478274466098,65.71837992203676,25.15768,21.4776,0.10463545930331158,0.10586113155519593,0.10207336672865475,0,forward
8.512,65.96296616578792,67.6772305632599,25.25188,21.57808,0.10685340848432566,0.10605958694102188,0.10250527510233015,0,forward
8.544,63.12315416781499,64.15090680862663,25.34608,21.67228,0.10465168419665717,0.10577800639214895,0.10203497360005988,0,forward
8.576,64.5649471996903,68.16471723432582,25.44656,21.76648,0.10437416310806585,0.10549723773533233,0.10159242817998901,0,forward
8.608,70.28467909632232,61.50285862789802,25.54076,21.86068,0.10646461167039577,0.10569071252234503,0.1020986559878516,0,forward
8.64,69.72434969629474,67.40348965526023,25.63496,21.96116,0.1068630455397193,0.10592517912581989,0.10252495684103523,0,forward
8.672,69.06347870600017,68.94424472157279,25.73544,22.05536,0.10733682145951395,0.10620750759255872,0.10296826599619456,0,forward
8.704,71.2192230998467,65.96422135035017,25.82964,22.14956,0.10580665388973434,0.10612733685199384,0.10274587113667272,0,forward
8.736,62.44230937020462,71.53820923805928,25.92384,22.25004,0.10558393213466556,0.10601865590852819,0.10248205020409523,0,forward
8.768,67.92292721426281,69.66208885076199,26.01804,22.34424,0.10690750157813622,0.1061964250424498,0.10282823284973296,0,forward
8.8,61.26114815137732,66.1026280257563,26.11852,22.43844,0.1070175985242778,0.10636065973881541,0.10304852704622497,0,forward
8.832,65.21711914238072,66.89875204152885,26.21272,22.53264,0.1066672536368373,0.1064219785184198,0.10310569443169969,0,forward
8.864,66.64698397396701,70.95509006231059,26.30692,22.63312,0.10599178863989012,0.10633594054271386,0.10285908176026262,0,forward
8.896,65.68988278945083,63.674680119716115,26.4074,22.72732,0.10635928535132183,0.10634060950443547,0.10283247842373659,0,forward
8.928,65.85851632514542,65.43125810826808,26.5016,22.82152,0.10911780095576797,0.10689604779470198,0.10384497399001089,0,forward
8.96,60.601688122703486,63.04033494799962,26.5958,22.922,0.10256474550776748,0.10602978733731508,0.10210574467776469,0,forward
8.992,69.09591394009968,70.33483027137018,26.69,23.0162,0.10372369975964812,0.1055685698217817,0.10144612052540619,0,forward
9.024000000000001,64.30411361048691,69.69767650083419,26.79048,23.1104,0.10688208644247622,0.10583127314592061,0.10211301869491793,0,forward
9.056000000000001,66.39821695417541,70.59879956487337,26.88468,23.2046,0.10371940735909115,0.10540889998855472,0.1014492507858628,0,forward
9.088000000000001,68.18989810706987,62.55375324664799,26.97888,23.30508,0.10796957285468753,0.1059210345617813,0.1025046277547697,0,forward
9.120000000000001,66.35063316133044,70.61299114939428,27.07308,23.39928,0.10623253597114653,0.10598333484365435,0.1026009102841244,0,forward
9.152000000000001,70.28468885051342,65.54460220183114,27.17356,23.49348,0.10451999781259182,0.10569066743744185,0.10200786014992379,0,forward
9.184000000000001,64.750919879087,63.98366709505021,27.26776,23.58768,0.10916497068441558,0.1063855280868366,0.10333268036707499,0,forward
9.216000000000001,56.04013993878939,68.98343024477518,27.36196,23.68816,0.10739449329172039,0.10658732112781337,0.10350727782540554,0,forward
9.248,65.92279483674892,69.86473606634391,27.46244,23.78236,0.10676294116927501,0.10662244513610569,0.10339306609427742,0,forward
9.28,66.81441352740174,65.97195720367596,27.55664,23.87656,0.10558533997308717,0.106415024103502,0.10293919599822136,0,forward
9.312,62.888644290863965,66.70949362864667,27.65084,23.97704,0.10744506165293011,0.10662103161338762,0.10327287870835233,0,forward
9.344,65.65242234563254,68.86197520385431,27.74504,24.07124,0.10726896515896053,0.10675061832250221,0.10346523812009437,0,forward
9.376,71.88873339506542,68.3140898539537,27.84552,24.16544,0.10534026877677427,0.10646854841335662,0.10285640427808757,0,forward
9.408,68.42830129232395,66.61595381777066,27.93972,24.25964,0.10448255292303113,0.10607134931529154,0.1021997155317165,0,forward
9.44,70.78077196916679,67.61961380455442,28.03392,24.36012,0.10611432605791304,0.10607994466381584,0.10232157661655489,0,forward
9.472,70.006954306222,67.66680448917668,28.12812,24.45432,0.106661721611505,0.10619630005335368,0.10263719760615705,0,forward
9.504,66.55500137205657,62.9870278424167,28.2286,24.54852,0.10737354298566555,0.10643174863981607,0.10305345142231276,0,forward
9.536,72.34962823577574,66.13872962921673,28.3228,24.64272,0.10502158873166699,0.10614971665818626,0.10251928270364849,0,forward
9.568,67.79810657074057,66.30095975930054,28.417,24.7432,0.10825578467300544,0.10657093026115011,0.10329385018879829,0,forward
9.6,64.87753800770832,67.38773075244902,28.51748,24.8374,0.10519704456062817,0.10629615312104573,0.10269510621092913,0,forward
9.632,65.91702002862529,67.52466663926971,28.61168,24.9316,0.1075506567733301,0.10654705385150261,0.10319537514643073,0,forward
9.664,68.03732331413005,62.426239757934205,28.70588,25.03208,0.10808085178660355,0.1068538134385228,0.10366505636556785,0,forward
9.696,66.83734791449064,63.231204899135676,28.80008,25.12628,0.10475395829050163,0.10643384240891857,0.1028158949150666,0,forward
9.728,63.5840540730814,69.358662041689,28.90056,25.22048,0.10712468752253605,0.10657201143164208,0.10307897471428053,0,forward
9.76,63.57081141054887,65.01578267851926,28.99476,25.31468,0.10978676742360118,0.1072149626300339,0.10424282341945486,0,forward
9.792,69.17434360538417,69.83770993714184,29.08896,25.41516,0.1067821979307621,0.10712840969017955,0.10387199579211617,0,forward
9.824,66.90141340971621,64.13594070698393,29.18316,25.50936,0.10321037875067739,0.10634480350227912,0.10239569767136636,0,forward
9.856,77.3208622956346,66.75827253688432,29.28364,25.60356,0.10170297674782053,0.1054164381513874,0.10086694738915945,0,forward
9.888,65.5195290540403,73.50901087974135,29.37784,25.69776,0.10422840918787737,0.1051788323586854,0.10083194771557333,0,forward
9.92,66.31234005606213,65.36063730344306,29.47204,25.79824,0.1093550960491051,0.10601408509676935,0.1026048523541961,0,forward
9.952,65.32702753136729,61.46280018984712,29.57252,25.89244,0.10936865363292511,0.10668499880400051,0.10374745759306603,0,forward
9.984,68.38628580625148,64.57149307062406,29.66672,25.98664,0.10782667625289348,0.10691333429377911,0.10396959974802976,0,forward
10.016,69.52353969920165,63.061051069223545,29.76092,26.08712,0.10700656252645838,0.10693197994031498,0.10377703688387954,0,forward
10.048,68.55921129271378,62.03676108925885,29.85512,26.18132,0.10733898746255699,0.10701338144476338,0.10381386383331283,0,forward
10.08,68.45893524661109,63.091965637786316,29.9556,26.27552,0.10777391049869621,0.10716548725554995,0.10395200275894352,0,forward
10.112,60.34677498069522,65.5419122976293,30.0498,26.36972,0.1065597878906209,0.10704434738256415,0.10364699271443789,0,forward
10.144,72.18001363112685,70.27463784295846,30.144,26.4702,0.10513864217927343,0.10666320634190601,0.10290080965845065,0,forward
10.176,69.08827914755342,64.78251941891581,30.24448,26.5644,0.10246073628827933,0.1058227123311807,0.10146257227465469,0,forward
10.208,68.69283979907486,68.55959799715431,30.33868,26.6586,0.1075364087331712,0.10616545161157881,0.10239930135424939,0,forward
10.24,66.46272359107526,68.24898353410309,30.43288,26.75908,0.1079265410026867,0.1065176694898004,0.10309889902891951,0,forward
10.272,69.4172622551655,64.86478881387647,30.52708,26.85328,0.10708267410679896,0.10663067041320012,0.1032868477981906,0,forward
10.304,67.54724698390909,69.32715780036165,30.62756,26.94748,0.10714728811346365,0.10673399395325284,0.10338930199492448,0,forward
10.336,65.35304304118573,60.2611822571055,30.72176,27.04168,0.10778900333847242,0.10694499583029676,0.10372625949722333,0,forward
10.368,67.81607037444566,65.55052854109458,30.81596,27.14216,0.10707583575491825,0.10697116381522107,0.10364569277834657,0,forward
10.4,69.84729719009584,68.59361024058215,30.91016,27.23636,0.10677536598943421,0.1069320042500637,0.10352765308871918,0,forward
10.432,68.43331796256903,67.30727183924257,31.01064,27.33056,0.10718741553108607,0.10698308650626817,0.10355821291845416,0,forward
10.464,69.95576538647211,63.41636331067165,31.10484,27.42476,0.10669813167079072,0.10692609553917269,0.10344384377153278,0,forward
10.496,63.27897740098028,64.88272624172023,31.19904,27.52524,0.10578870453437254,0.10669861733821268,0.10300333012143466,0,forward
10.528,66.20009445876694,63.5622652461634,31.29952,27.61944,0.10943905377921974,0.1072467046264141,0.10402839906921932,0,forward
10.56,62.852890912836116,69.32903213397275,31.39372,27.71364,0.10628273489749855,0.107053910680631,0.1035967631363384,0,forward
10.592,63.318041697280925,62.122386785885965,31.48792,27.81412,0.10781041255240871,0.10720521105498654,0.10382575716704759,0,forward
10.624,72.5293506954927,67.18807719365435,31.58212,27.90832,0.10489784377265304,0.10674373759851985,0.10297057150111348,0,forward
10.656,66.9803317526509,63.614628797513376,31.6826,28.00252,0.10878835163732693,0.10715266040628127,0.10377425750477434,0,forward
10.688,66.7771335896692,66.47392709215092,31.7768,28.09672,0.1090088054501028,0.10752388941504558,0.10441030512152873,0,forward
10.72,69.77812392898721,66.4076301716271,31.871,28.1972,0.10670733284657122,0.10736057810135072,0.10395265492356781,0,forward
10.752,67.49026965630068,70.7965321347472,31.9652,28.2914,0.10463669272870087,0.10681580102682076,0.10295844783753079,0,forward
10.784,65.01857565685825,70.25264115950867,32.06568,28.3856,0.10648731281212123,0.10675010338388086,0.102942112658607,0,forward
10.816,66.64537541664964,67.88516870233558,32.15988,28.4798,0.10736176750741933,0.10687243620858856,0.10328621865520479,0,forward
10.848,66.2013978683262,71.66214528675862,32.25408,28.58028,0.10549765051620258,0.10659747907011137,0.10279790309103232,0,forward
10.88,65.65768554690084,63.5975248450521,32.35456,28.67448,0.10883675280857914,0.10704533381780493,0.1036807889455911,0,forward
10.912,63.04066468092556,70.68159359456376,32.44876,28.76868,0.10618417033105523,0.10687310112045499,0.10333837546872088,0,forward
10.944,69.95355900979213,67.98511055815894,32.54296,28.86916,0.10669970159864751,0.10683842121609351,0.10326201823051173,0,forward
10.976,68.64238590349687,67.71310185101599,32.63716,28.96336,0.106002649053547,0.10667126678358421,0.10300460116050994,0,forward
11.008000000000001,62.45733898636502,68.13846071916785,32.73764,29.05756,0.10758387129947335,0.10685378768676204,0.10336458158276006,0,forward
11.040000000000001,67.59105269254565,69.98290113955461,32.83184,29.15176,0.10667882724252999,0.10681879559791564,0.10331266636999344,0,forward
11.072000000000001,59.90638480754249,68.93717197336589,32.92604,29.25224,0.10742784885737756,0.10694060624980804,0.1035063838781558,0,forward
11.104000000000001,67.89453356203832,64.4724033703867,33.02024,29.34644,0.10811773197661405,0.10717603139516925,0.10391916543246045,0,forward
11.136000000000001,66.39398634372421,68.26544611515313,33.12072,29.44064,0.10727371292853062,0.10719556770184152,0.10384037969736143,0,forward
11.168000000000001,65.38875454009944,62.73331000880368,33.21492,29.53484,0.10861666826359766,0.10747978781419275,0.10431225242276368,0,forward
11.200000000000001,62.642374473803216,73.43787205314021,33.30912,29.63532,0.10427673289459276,0.10683917683027275,0.10301894951513288,0,forward
11.232000000000001,70.2886842554913,68.11943088738163,33.4096,29.72952,0.1064617744127691,0.10676369634677202,0.10297178982736029,0,forward
11.264,69.82669831584757,63.200929074942756,33.5038,29.82372,0.10414691661664276,0.10624034040074617,0.10215351908719068,0,forward
11.296,65.39575338891088,69.4938391121135,33.598,29.9242,0.10702782198268877,0.10639783671713471,0.10261919722771848,0,forward
11.328,66.92837963564871,69.00370644934085,33.6922,30.0184,0.10737987920749995,0.10659424521520776,0.10308547877538932,0,forward
11.36,69.62583369611168,68.22471989899489,33.79268,30.1126,0.10693340584818938,0.10666207734180409,0.10318345000828828,0,forward
11.392,64.76540431887368,70.0329729756219,33.88688,30.2068,0.1066432243704173,0.10665830674752674,0.10318367155472068,0,forward
11.424,71.64313643546973,67.74176493387876,33.98108,30.30728,0.10551087491393749,0.10642882038080889,0.10273683200611701,0,forward
11.456,63.89735710815693,65.78521118210985,34.08156,30.40148,0.10521477891575096,0.10618601208779732,0.10234399747550288,0,forward
11.488,68.819955317934,63.44073385758801,34.17576,30.49568,0.1041462779511589,0.10577806526046965,0.10175040929071372,0,forward
11.52,69.27089561393497,68.10062068269332,34.26996,30.59616,0.10718767335181945,0.1060599868787396,0.1024177725301525,0,forward
11.552,72.5808989231523,70.64590877090362,34.36416,30.69036,0.10486240488108826,0.10582047047920934,0.10205431176696196,0,forward
11.584,71.73922700474,73.256960733641,34.46464,30.78456,0.10439982577892716,0.10553634153915292,0.10161403214830776,0,forward
11.616,69.56243835543839,71.53538929165595,34.55884,30.87876,0.1055858969630206,0.10554625262392647,0.10179771397564477,0,forward
11.648,75.03456851370132,69.5587761107554,34.65304,30.97924,0.10320278988995919,0.10507756007713302,0.10102051528986519,0,forward
11.68,65.23658723859369,64.88600364441147,34.74724,31.07344,0.10687857696999227,0.10543776345570488,0.10187994142179564,0,forward
11.712,67.61546013059147,72.71807484303295,34.84772,31.16764,0.10476821434820442,0.10530385363420479,0.1016341092926521,0,forward
11.744,63.938169349732924,64.56439113146912,34.94192,31.26184,0.10408831891872768,0.10506074669110937,0.1012740796607755,0,forward
11.776,64.51224494105757,67.10386955145665,35.03612,31.36232,0.107453741774786,0.1055393457078447,0.10220741262224624,0,forward
11.808,70.94683928264152,67.07985206180943,35.1366,31.45652,0.10599758216891633,0.10563099300005904,0.10228469178421376,0,forward
11.84,71.05412734307866,66.78676554146914,35.2308,31.55072,0.10592229607642777,0.1056892536153328,0.102348622249182,0,forward
11.872,63.83668719255497,68.07215772674692,35.325,31.6512,0.10805542544687219,0.10616248798164069,0.10311254992457745,0,forward
11.904,65.2288279054189,63.55824864129515,35.4192,31.7454,0.11017096420016619,0.10696418322534579,0.10440201145989576,0,forward
11.936,66.13193361376045,65.49597218602138,35.51968,31.8396,0.10713629005476884,0.10699860459123041,0.1041010096958201,0,forward
11.968,67.76497290912397,69.91730233791364,35.61388,31.9338,0.10563863200239496,0.10672661007346333,0.10341260571862872,0,forward
12.0,66.15484109283352,60.77895180659387,35.70808,32.03428,0.10871361019063319,0.10712401009689732,0.1040311529288556,0,forward
12.032,64.00042608805008,61.75805621312485,35.80228,32.12848,0.10646802918043373,0.1069928139136046,0.10366491348436041,0,forward
12.064,64.58962971726234,67.24090739247963,35.90276,32.22268,0.10658064210574669,0.10691037955203303,0.10342891756576839,0,forward
12.096,71.64730373434239,63.17757633581854,35.99696,32.31688,0.10550797545354976,0.10662989873233639,0.10293448698393848,0,forward
12.128,65.44213621550105,64.41045493274984,36.09116,32.41736,0.10413734124079692,0.1061313872340285,0.10208484085865932,0,forward
12.16,63.47896880529076,63.52186822539328,36.19164,32.51156,0.10546600310809222,0.10599831040884125,0.10201559006041273,0,forward
12.192,66.69507478379312,67.42963713860222,36.28584,32.60576,0.10852634728360627,0.10650391778379427,0.10310884931122283,0,forward
12.224,67.50285329615177,68.26089556357205,36.38004,32.70624,0.10791786963906097,0.10678670815484761,0.1035511394777303,0,forward
12.256,65.04126827741098,59.044133399135816,36.47424,32.80044,0.10930591630985743,0.10729054978584959,0.10437356303105057,0,forward
12.288,71.11410473049521,66.55539734685799,36.57472,32.89464,0.10588025537745294,0.10700849090417026,0.10363276920125164,0,forward
12.32,67.61150113020099,71.2926258389927,36.66892,32.98884,0.10575531960842148,0.10675785664502051,0.10315392014370908,0,forward
12.352,67.73489687867031,77.20109558221388,36.76312,33.08932,0.1017804611395487,0.10576237754392614,0.10138129029127813,0,forward
12.384,70.09732887777618,62.86384230417576,36.85732,33.18352,0.10461399319214855,0.10553270067357062,0.1013001617678982,0,forward
12.416,76.0092527387978,63.67402052288998,36.9578,33.27772,0.1025580195989297,0.10493776445864245,0.10047022108941589,0,forward
12.448,65.02376588967644,68.5526666441608,37.052,33.37192,0.10661107098344598,0.10527242576360316,0.10143095823954124,0,forward
12.48,61.98715222279434,68.16695563638133,37.1462,33.4724,0.10629969686630099,0.10547787998414274,0.10189464293867481,0,forward
12.512,72.12653814500196,65.86178668541345,37.24668,33.5666,0.10445344517778266,0.10527299302287073,0.10153077544187881,0,forward
12.544,69.02084747186254,68.69788725914664,37.34088,33.6608,0.10736752790928161,0.10569190000015291,0.1023825673870508,0,forward
12.576,65.0678952597663,60.66614921285127,37.43508,33.76128,0.10635760105032631,0.1058250402101876,0.10252607551812037,0,forward
12.608,65.2051233350091,62.91220240010219,37.52928,33.85548,0.10694709190481078,0.10604945054911225,0.10287066929596914,0,forward
12.64,70.322197389189,69.63097908044462,37.62976,33.94968,0.10643803961018136,0.10612716836132607,0.10286812894643087,0,forward
12.672,65.31436005260454,65.77180028823201,37.72396,34.04388,0.10851048519467976,0.10660383172799683,0.10365027697460964,0,forward
12.704,70.18284092506094,66.346559230472,37.81816,34.14436,0.1032919719435371,0.10594145977110489,0.10224133371724092,0,forward
12.736,66.52397677393142,69.55591822262522,37.91236,34.23856,0.10694703642665833,0.10614257510221559,0.10268791852513849,0,forward
12.768,71.316150194137,67.90733366092796,38.01284,34.33276,0.10541264031454729,0.10599658814468194,0.10238349296316511,0,forward
12.8,66.57226573811936,64.45914690874066,38.10704,34.43324,0.10424061952778844,0.10564539442130325,0.10176824484465412,0,forward
12.832,63.06024449345706,66.8390438978862,38.20124,34.52744,0.10765655286166033,0.10604762610937467,0.10263850695572103,0,forward
12.864,66.78874181972576,68.19415579960045,38.30172,34.62164,0.10796647083462882,0.1064313950544255,0.10326671257754012,0,forward
12.896,62.8340160162269,59.81654208719058,38.39592,34.71584,0.10889434045676538,0.10692398413489348,0.10404358405602991,0,forward
12.928,69.06916397033741,66.44862409537112,38.49012,34.81632,0.10635095447586751,0.10680937820308829,0.1035896392067683,0,forward
12.96,71.24621513928622,67.05210937517543,38.58432,34.91052,0.1057877711866391,0.10660505679979845,0.10313786781976024,0,forward
12.992,74.80678880709398,67.39656639468167,38.6848,35.00472,0.103354640473408,0.10595497353452037,0.10193495049599051,0,forward
13.024000000000001,84.92557851621555,68.86305881911777,38.779,35.09892,0.09701345384959116,0.10416666959753454,0.09893251826162372,0,forward
13.056000000000001,98.02393342460209,67.6214696848577,38.8732,35.1994,0.0898755560121158,0.1013084468804508,0.09440721521130317,0,forward
13.088000000000001,99.54387098931092,65.2787693459122,38.97368,35.2936,0.08911471002512002,0.09886969950938465,0.09123055739895974,0,forward
13.120000000000001,105.3350311377051,73.90269415266494,39.06788,35.3878,0.08633014439732065,0.09636178848697186,0.08823567853992087,0,forward
13.152000000000001,101.8416696122431,73.33034678604378,39.16208,35.48828,0.08798863337604741,0.09468715746478697,0.08686659497215725,0,forward
13.184000000000001,122.13805708628408,73.82749649319705,39.25628,35.58248,0.07915382303872787,0.09158049057957515,0.08286416723766608,0,forward
13.216000000000001,121.16062913009466,84.35866095695279,39.35676,35.67668,0.07953842692375195,0.08917207784841051,0.08039211782823104,0,forward
13.248000000000001,125.20130280320419,90.01129788695842,39.45096,35.77088,0.07797221451047319,0.08693210518082305,0.07828590033964972,0,forward
13.280000000000001,145.8564245655489,110.06003466080156,39.54516,35.87136,0.07084146501821745,0.08371397714830192,0.07433829726732763,1,start_turn_left
13.312000000000001,147.23926099789713,119.31954071784797,39.6268,35.78972,0.07041036804000196,0.08105325532664193,0.07433829726732763,1,forward
13.344,148.88024566166405,112.52129424351249,39.70844,35.70808,0.06990555237192275,0.07882371473569809,0.07433829726732763,1,forward
13.376,143.1175400094512,107.7765352302396,39.7838,35.62644,0.07171108107109035,0.07740118800277654,0.07433829726732763,1,forward
13.408,133.79153647099903,119.70300626590242,39.86544,35.55108,0.07483925820501511,0.07688880204322425,0.07433829726732763,1,forward
13.44,129.29144263011761,126.11563427738795,39.94708,35.46944,0.07644841948113916,0.07680072553080725,0.07433829726732763,1,forward
13.472,119.8694624441408,133.15100747313912,40.02872,35.3878,0.0750641537643977,0.07645341117752534,0.07433829726732763,1,forward
13.504,114.41582011322603,129.23234719430477,40.10408,35.31244,0.0764700115185417,0.07645673124572862,0.07433829726732763,1,forward
13.536,102.65699822628814,136.9805121495198,40.18572,35.2308,0.07373934111177002,0.0759132532189369,0.07433829726732763,1,forward
13.568,104.25407600232174,143.00285587894012,40.26736,35.14916,0.07174796007404408,0.07508019458995834,0.07433829726732763,1,forward
13.6,97.26816197638564,136.4810164398689,40.34272,35.06752,0.0739094829797432,0.07484605226791531,0.07433829726732763,1,forward
13.632,82.32239428606208,147.15322844040645,40.42436,34.99216,0.07043703543133922,0.0739642489006001,0.07433829726732763,1,forward
13.664,65.21235364261173,138.02998583866787,40.506,34.91052,0.07338440140907619,0.07384827940229532,0.07433829726732763,1,forward
13.696,66.80794100064286,133.24504892555018,40.58764,34.82888,0.0750310503367703,0.07408483358919032,0.07433829726732763,1,forward
13.728,67.0104657353817,138.86958329346186,40.663,34.74724,0.07310289424066335,0.07388844571948494,0.07433829726732763,1,forward
13.76,64.34683153052933,135.8976187334905,40.74464,34.67188,0.07314337152689578,0.07373943088096711,0.07433829726732763,1,forward
13.792,73.36619186420889,127.76205889442193,40.82628,34.59024,0.07069753920835554,0.07313105254644481,0.07433829726732763,1,forward
13.824,68.09460372579622,122.94454633659639,40.90792,34.5086,0.07044826703269041,0.07259449544369394,0.07433829726732763,1,forward
13.856,66.90906430526735,117.06585663947705,40.98328,34.43324,0.06829435557678526,0.0717344674703122,0.07433829726732763,1,forward
13.888,60.49759931296574,105.10820381246715,41.06492,34.3516,0.06951790464730902,0.07129115490571157,0.07433829726732763,1,forward
13.92,56.39035895704523,100.77226713028239,41.14656,34.26996,0.07061393753255363,0.07115571143107999,0.07433829726732763,1,forward
13.952,68.81042550145136,95.04605989691423,41.22192,34.18832,0.07077667829539047,0.07107990480394208,0.07433829726732763,1,forward
13.984,69.5314417447669,71.11879863419836,41.30356,34.11296,0.07252602079349844,0.07136912800185335,0.07433829726732763,1,forward
14.016,72.37545014382782,62.75583226364553,41.3852,34.03132,0.07305069208210761,0.07170544081790421,0.07433829726732763,1,forward
14.048,71.3193547358359,67.66233392044956,41.46684,33.94968,0.07450944216335031,0.07226624108699344,0.07433829726732763,1,forward
14.08,69.75167757340834,73.91670020606125,41.5422,33.86804,0.07652279922241528,0.07311755271407781,0.07433829726732763,1,forward
14.112,68.46280672069699,72.06267900442026,41.62384,33.79268,0.07751871612538375,0.073997785396339,0.07433829726732763,1,forward
14.144,67.01778668529087,63.74452435018903,41.70548,33.71104,0.08257280841763845,0.07571279000059888,0.07433829726732763,1,forward
14.176,65.06460184516038,65.00354415543642,41.78712,33.6294,0.08109784421615784,0.07678980084371068,0.07433829726732763,1,forward
14.208,66.12073579134359,71.62403097367654,41.86248,33.54776,0.08512537694947676,0.0784569160648639,0.07433829726732763,1,forward
14.24,63.72338120793519,66.38640982674718,41.94412,33.4724,0.08990998939931821,0.08074753073175475,0.07433829726732763,1,forward
14.272,69.91142015050876,63.63348523860328,42.02576,33.39076,0.09832974312482393,0.08426397321036859,0.07433829726732763,1,forward
14.304,71.44747498270529,67.05897198776562,42.1074,33.30912,0.10564718891369525,0.08854061635103393,0.10564718891369525,0,normal_exit
14.336,75.8918418732544,61.146239389218835,42.2016,33.4096,0.10263526177982148,0.09135954543679145,0.10268320787104193,0,forward
14.368,69.66046871159459,67.14377472441065,42.2958,33.5038,0.10566500339979311,0.09422063702939179,0.10338293974489553,0,forward
14.4,63.047223707713044,69.87878864502139,42.39,33.598,0.10675293111619022,0.09672709584675149,0.10369841881710565,0,forward
14.432,68.65603253366942,67.68962993147261,42.49048,33.6922,0.10659466257307845,0.0987006091920169,0.10358214435486343,0,forward
14.464,69.35106493963814,66.78923569647523,42.58468,33.79268,0.10713013667807843,0.10038651468922921,0.10363082722924637,0,forward
14.496,70.22821747993385,65.55725961536591,42.67888,33.88688,0.10291133264659179,0.10089147828070173,0.10213899463343473,0,forward
14.528,67.4486114022856,70.01744989729198,42.77308,33.98108,0.10271963109847818,0.10125710884425704,0.10111217108080711,0,forward
14.56,68.71784083148148,64.58115487489871,42.87356,34.07528,0.10508526254416456,0.10202273958423855,0.10125931171641422,0,forward
14.592,61.171934642159805,70.24007012783882,42.96776,34.17576,0.10454113235034614,0.10252641813746008,0.10115604639087566,0,forward
14.624,68.93216565199904,64.58223471423823,43.06196,34.26996,0.10284104856820608,0.10258934422360928,0.10052088684301697,0,forward
14.656,64.07096715927933,61.858199498046865,43.16244,34.36416,0.1031160267484276,0.10269468072857295,0.10017026995181688,0,forward
14.688,66.46144646945062,60.508219430114714,43.25664,34.46464,0.10385141155696395,0.10292602689425115,0.10020860735726475,0,forward
14.72,68.90096840279102,66.28616645393228,43.35084,34.55884,0.10246309887173588,0.1028334412897481,0.09977706313151959,0,forward
14.752,63.758848111018764,64.49770309339947,43.44504,34.65304,0.1017084931817893,0.10260845166815634,0.09922975741494623,0,forward
14.784,75.7344040087599,67.8603922745065,43.54552,34.74724,0.09859518814212732,0.10180579896295056,0.09772184238324093,0,forward
14.816,62.64222731913523,67.66554753088663,43.63972,34.84772,0.1032214448868189,0.10208892814772423,0.09841154333577871,0,forward
14.848,70.44701816875214,61.88173302992541,43.73392,34.94192,0.10339282138222325,0.10234970679462405,0.0989568568011054,0,forward
14.88,66.57953567663638,73.26928899800123,43.82812,35.03612,0.10213183756048994,0.10230613294779724,0.09885504940289867,0,forward
14.912,67.46607515142267,63.54762433780029,43.9286,35.13032,0.10039750962979845,0.10192440828419749,0.0981270698352133,0,forward
14.944,67.29863003782216,70.47623796014985,44.0228,35.2308,0.09960254845691958,0.10146003631874193,0.09737509351214019,0,forward
14.976,64.39190998513877,66.1623142329238,44.117,35.325,0.10147845781477641,0.10146372061794882,0.09760588606927756,0,forward
15.008000000000001,67.11286393222191,64.25923187378176,44.21748,35.4192,0.10320054523719685,0.10181108554179844,0.09832963731933912,0,forward
15.040000000000001,63.478018319874884,66.14051414858992,44.31168,35.51968,0.10348879570968436,0.10214662757537563,0.09889736710572843,0,forward
15.072000000000001,72.1663074732002,64.31770547412026,44.40588,35.61388,0.10276257892087315,0.10226981784447514,0.09904283969153678,0,forward
15.104000000000001,64.79011062709178,64.45743871319262,44.50008,35.70808,0.10022193339206661,0.10186024095399344,0.09822599012798468,0,forward
15.136000000000001,68.3484583228814,62.67766458424081,44.60056,35.80228,0.09928623784228402,0.10134544033165156,0.09732525412963129,0,forward
15.168000000000001,66.8966557162706,70.37141659329724,44.69476,35.90276,0.10191644562509239,0.10145964139033974,0.09768950546831363,0,forward
15.200000000000001,68.56112442298104,74.96703860670424,44.78896,35.99696,0.10004818525805435,0.10117735016388266,0.09729525154951864,0,forward
15.232000000000001,71.0155872755127,64.02773324193996,44.88316,36.09116,0.10117084316457525,0.10117604876402118,0.09744444277437338,0,forward
15.264000000000001,63.33705743558168,73.90375735186615,44.98364,36.19164,0.09619644455822977,0.10018012792286292,0.09567545123867469,0,forward
15.296000000000001,69.58697522284234,65.1624319923705,45.07784,36.28584,0.10140499193567495,0.10042510072542532,0.09648883375556859,0,forward
15.328000000000001,63.876496461643214,71.29616259311804,45.17204,36.38004,0.10142653365704368,0.100625387311749,0.09701853331362537,0,forward
15.36,70.0740588069769,68.48533552911638,45.27252,36.47424,0.09450555527902535,0.09940142090520428,0.09483766214295505,0,forward
15.392,68.83047389346879,62.86464072147889,45.36672,36.57472,0.09838956729008802,0.09919905018218103,0.09482958128024752,0,forward
15.424,73.80903312250624,66.89689514093884,45.46092,36.66892,0.09830689720944298,0.09902061958763343,0.09483608722586243,0,forward
15.456,67.74570049309963,69.24929828897663,45.55512,36.76312,0.09567594840906629,0.09835168535192,0.09389770504452367,0,forward
15.488,64.96585612622034,67.99013565364936,45.6556,36.85732,0.09774202371737771,0.09822975302501155,0.09399438354082824,0,forward
15.52,72.52851004456346,64.81977912271674,45.7498,36.9578,0.09770287157833402,0.09812437673567605,0.09404239968384988,0,forward
15.552,67.84392583506677,63.39091362578737,45.844,37.052,0.09701620621411641,0.09790274263136411,0.09386851957598617,0,forward
15.584,63.7625406629631,66.76889124702653,45.94448,37.1462,0.0942681073911116,0.09717581558331362,0.09273109716763442,0,forward
15.616,68.52060955881016,63.72325508410869,46.03868,37.24668,0.09455352796317122,0.09665135805928515,0.0921034190272187,0,forward
15.648,67.80823960005232,68.08519042079351,46.13288,37.34088,0.0883083129611709,0.09498274903966232,0.08950452474447139,0,forward
15.68,66.29490482650284,62.913164645032396,46.22708,37.43508,0.0921663708172556,0.09441947339518098,0.08921888244133133,0,forward
15.712,66.3198068300687,63.61086440750154,46.32756,37.52928,0.09440696756371696,0.09441697222888817,0.08979697543981477,0,forward
15.744,62.040327430892496,63.17004851643008,46.42176,37.62976,0.09442488299265235,0.09441855438164101,0.09017438058374598,0,forward
15.776,66.94536001144472,64.39045317518493,46.51596,37.72396,0.09213469756799784,0.09396178301891238,0.08963741017441787,0,forward
15.808,69.88726239609316,66.16649044729517,46.61016,37.81816,0.09580519148754553,0.09433046471263902,0.09060779570929217,0,forward
15.84,65.10492746848378,63.69479840329251,46.71064,37.91236,0.09443684507860035,0.0943517407858313,0.09069900386202048,0,forward
15.872,66.10586898387123,67.33436548360552,46.80484,38.01284,0.0939540254062835,0.09427219770992175,0.09058456220132528,0,forward
15.904,65.92409900540385,69.456206331402,46.89904,38.10704,0.09250021751647584,0.09391780167123256,0.09003159141097533,0,forward
15.936,69.82730823741015,69.30566888793615,46.99952,38.20124,0.08928941458882257,0.09299212425475056,0.08848512317873629,0,forward
15.968,69.99413590350225,67.18687093594026,47.09372,38.30172,0.09500602009280441,0.09339490342236134,0.0895407060903029,0,forward
16.0,69.25267282943406,67.44019894990355,47.18792,38.39592,0.09281931384210361,0.0932797855063098,0.08947602332724537,0,forward
16.032,67.07796801641238,68.38557510328931,47.28212,38.49012,0.08754637454550564,0.09213310331414898,0.08754544323717209,0,forward
16.064,64.52296030635078,64.38475812376215,47.3826,38.58432,0.09172827009739169,0.09205213667079752,0.08776339485393657,0,forward
16.096,62.07322438609754,69.361038942033,47.4768,38.6848,0.09033337608368659,0.09170838455337535,0.0874035323151574,0,forward
16.128,67.8586260073546,69.90260642100468,47.571,38.779,0.09179493519475648,0.09172569468165158,0.08773751682993139,0,forward
16.16,67.3137961120213,69.61422529795743,47.6652,38.8732,0.0924535529057882,0.0918712663264789,0.0881878036445743,0,forward
16.192,62.79523953342881,67.31639421561444,47.76568,38.9674,0.0893840951366841,0.09137383208851996,0.08733580635914713,0,forward
16.224,66.6917522155399,61.4956798683465,47.85988,39.06788,0.08996695832178411,0.0910924573351728,0.08699785869845636,0,forward
16.256,64.23442515059956,70.07864255890145,47.95408,39.16208,0.08700403079373625,0.0902747720268855,0.08576080109076294,0,forward
16.288,71.15480958472907,69.83759913353992,48.05456,39.25628,0.0862671712475255,0.08947325187101351,0.08466163426459115,0,forward
16.32,69.75052645802518,60.42584015422127,48.14876,39.35676,0.09078267796627516,0.08973513709006585,0.08557396673613404,0,forward
16.352,62.776859555302266,64.05804938867247,48.24296,39.45096,0.08847124936347772,0.08948235954474823,0.08537267136080093,0,forward
16.384,64.29219926767102,63.02727918281358,48.33716,39.54516,0.08942533621155596,0.08947095487810977,0.08558530041266552,0,forward
16.416,66.95646580086878,62.4300370984559,48.43764,39.63936,0.08788580655694325,0.08915392521387647,0.08512889638472543,0,forward
16.448,72.23251634493374,67.03661202602287,48.53184,39.73984,0.08888675604041975,0.08910049137918513,0.08519460028368135,0,forward
16.48,66.68328652664778,66.29792801315014,48.62604,39.83404,0.08816067245968408,0.08891252759528492,0.08501794928485748,0,forward
16.512,66.48747003998362,62.37801411215051,48.72024,39.92824,0.08830398827900174,0.08879081973202829,0.08495592882062028,0,forward
16.544,66.42667036449849,67.94569762151396,48.82072,40.02872,0.08703725647315304,0.08844010708025324,0.08437969347869038,0,forward
16.576,63.86369967380259,69.08944935921761,48.91492,40.12292,0.08672350813012972,0.08809678729022853,0.08398011401151609,0,forward
16.608,66.60969779417823,64.54707973979309,49.00912,40.21712,0.0878746999869077,0.08805236982956437,0.08413611010970438,0,forward
16.64,62.13650721841604,61.62833593397139,49.1096,40.31132,0.08586572666494406,0.08761504119664032,0.08347518056514523,0,forward
16.672,64.44421045213554,67.98485987283068,49.2038,40.4118,0.08769227125637,0.08763048720858625,0.08370540745872723,0,forward
16.704,67.1375202724098,63.0152564093441,49.298,40.506,0.0884648308631528,0.08779735593949956,0.08417123811225004,0,forward
16.736,66.29667450441762,61.820515294498335,49.3922,40.6002,0.08476299814920789,0.08719048438144122,0.08314397181726808,0,forward
16.768,71.82352751780789,64.80815775927462,49.49268,40.6944,0.0859552961391683,0.08694344673298665,0.08287057226809724,0,forward
16.8,60.071300646420724,69.89718047175158,49.58688,40.79488,0.08674518959392752,0.08690379530517482,0.08297810548617604,0,forward
16.832,75.091625485515,68.95661662787383,49.68108,40.88908,0.08624928663165689,0.08677289357047124,0.0829107620851887,0,forward
16.864,71.42876765511701,68.18770144078607,49.78156,40.98328,0.08458621974551918,0.08633555880548083,0.08223042970657282,0,forward
16.896,70.99407152865253,67.80806701542481,49.87576,41.08376,0.08580547569707957,0.08622954218380058,0.08223063922616806,0,forward
16.928,68.13630107519596,64.91453847925723,49.96996,41.17796,0.08463615624565668,0.0859108649961718,0.08185316509940323,0,forward
16.96,76.52479727740473,66.85480114925282,50.06416,41.27216,0.08553568161213629,0.0858358283193647,0.08193318570733524,0,forward
16.992,69.7849391449129,69.70776802252868,50.16464,41.36636,0.08660954510681657,0.08599057167685507,0.0823279490920826,0,forward
17.024,65.58520361702303,68.76206577910199,50.25884,41.46684,0.08561310293416173,0.08591507792831642,0.08222430255516631,0,forward
17.056,70.08431598416698,67.78600093478579,50.35304,41.56104,0.08440517436707616,0.08561309721606837,0.08176634758233547,0,forward
17.088,70.68123913765497,68.1442252412393,50.44724,41.65524,0.0848987648955418,0.08547023075196307,0.08164929098806357,0,forward
17.12,68.6130540400232,68.79592327740367,50.54772,41.74944,0.08379684873236455,0.08513555434804336,0.08113809203808962,0,forward
17.152,71.81131430694883,66.70781904652323,50.64192,41.84992,0.08427708037360153,0.084963859553155,0.08098208060204647,0,forward
17.184,65.18057534895058,71.96054205230956,50.73612,41.94412,0.08220305794193838,0.08441169923091169,0.08018023616869824,0,forward
17.216,62.46952746789104,64.29659706284076,50.8366,42.03832,0.08646607765050113,0.08482257491482958,0.08115160869240483,0,forward
17.248,65.24125080452488,64.8793901955583,50.9308,42.1388,0.0877677577110203,0.08541161147406773,0.08224131639143592,0,forward
17.28,69.27940228812741,58.648545002076034,51.025,42.233,0.08349735637022228,0.08502876045329864,0.08145203341387817,0,forward
17.312,68.70262621635644,65.6743311060798,51.1192,42.3272,0.08539681630167373,0.08510237162297365,0.0816260129359005,0,forward
17.344,72.20487948422827,65.46155186869478,51.21968,42.4214,0.08835944056784091,0.0857537854119471,0.08275773658589523,0,forward
17.376,70.8148107333055,66.85697340019904,51.31388,42.52188,0.08557326220197588,0.08571768076995286,0.08248584218216616,0,forward
17.408,62.16286850324258,68.2275807843796,51.40808,42.61608,0.08445489662049012,0.08546512394006031,0.08195200203189756,0,forward
17.44,62.570283197200844,66.53123893913707,51.50228,42.71028,0.08348398096369776,0.08506889534478781,0.08126157627297566,0,forward
17.472,72.95920645181378,70.85976253536978,51.602759999999996,42.80448,0.0845138287876691,0.08495788203336407,0.081146142586477,0,forward
17.504,66.13948831340156,67.59669142476987,51.69696,42.90496,0.08581513742841593,0.08512933311237444,0.08153826756273877,0,forward
17.536,68.24797943142971,64.55540959883986,51.79116,42.99916,0.08139626139948644,0.08438271876979685,0.0802481239722915,0,forward
17.568,72.72810192657457,70.3492031021673,51.89164,43.09336,0.08364471899334512,0.08423511881450652,0.08018440208129633,0,forward
17.6,60.18526378741432,70.85789245158306,51.98584,43.19384,0.08275856360182945,0.0839398077719711,0.0798260371633329,0,forward
17.632,68.99572051542386,69.99997166146699,52.08004,43.28804,0.08697790941172184,0.08454742809992126,0.0811489807248366,0,forward
17.664,67.25076472756412,66.66728903174959,52.17424,43.38224,0.08355283459913057,0.08434850939976313,0.08077091076371662,0,forward
17.696,65.01326887505009,70.79385137014839,52.27472,43.47644,0.08523651396907865,0.08452611031362624,0.08109016914660268,0,forward
17.728,65.38040023839685,63.02288054956819,52.36892,43.57692,0.08346210380114788,0.08431330901113057,0.0806593549231437,0,forward
17.76,66.17705998364737,66.50199152571923,52.463119999999996,43.67112,0.08410539649246299,0.08427172650739706,0.08065465659260174,0,forward
17.792,60.014195151013794,66.73884873522049,52.55732,43.76532,0.08385947219016214,0.08418927564395008,0.08056353723171818,0,forward
17.824,67.37234078879757,66.0438875411231,52.6578,43.8658,0.08364269336359023,0.08407995918787811,0.08034478149556985,0,forward
17.856,66.18693826174223,71.39839643739897,52.752,43.96,0.08459609397382317,0.08418318614506712,0.08062857756364805,0,forward
17.888,65.18909128079989,67.4621215502541,52.8462,44.0542,0.08213796845783236,0.08377414260762017,0.0799300594692702,0,forward
17.92,70.98999269125869,62.7115357042595,52.94668,44.1484,0.0835904704603239,0.08373740817816092,0.07996085164648138,0,forward
17.952,61.93574611227628,64.75696206076174,53.04088,44.24888,0.08341966421469187,0.0836738593854671,0.07991941966271061,0,forward
17.984,61.62817235583312,65.75719353995053,53.13508,44.34308,0.08248790960992047,0.08343666943035778,0.07960033182092477,0,forward
18.016000000000002,67.42896202997363,67.81415796535893,53.22928,44.43728,0.08359788619287369,0.08346891278286098,0.07979321712659854,0,forward
18.048000000000002,67.2059857031072,70.71065940113972,53.32976,44.53148,0.08464432472938047,0.08370399517216487,0.0802505853779341,0,forward
18.080000000000002,67.2282172773354,70.10022586911961,53.42396,44.63196,0.08054967346821189,0.08307313083137427,0.07907715818242346,0,forward
18.112000000000002,65.72078316515055,66.35859772836609,53.51816,44.72616,0.07919171565836665,0.08229684779677275,0.07787893045777533,0,forward
18.144000000000002,60.89549933782821,69.69009791974453,53.61864,44.82036,0.08426061662455911,0.08268960156233002,0.07888464006537224,0,forward
18.176000000000002,68.65596055458767,67.77110515079637,53.71284,44.92084,0.08134717599734481,0.08242111644933299,0.07848628443535764,0,forward
18.208000000000002,66.19189298868014,63.831984530233136,53.80704,45.01504,0.08092500001468232,0.08212189316240286,0.07812070394395043,0,forward
18.240000000000002,64.95587851227296,65.96237479456273,53.90124,45.10924,0.08072078923967621,0.08184167237785753,0.07781293537493127,0,forward
18.272000000000002,66.81760121832204,72.97849988871207,54.00172,45.20344,0.08349848953773432,0.0821730358098329,0.07856925042273395,0,forward
18.304000000000002,70.23790397289243,71.93353618884885,54.09592,45.30392,0.07962290332126847,0.08166300931212,0.07766615178145626,0,forward
18.336000000000002,69.79944290846692,67.19992700647278,54.19012,45.39812,0.08271541520423903,0.08187349049054382,0.07823581981549828,0,forward
18.368000000000002,66.19434490922633,69.29748278556018,54.28432,45.49232,0.08008967364747151,0.08151672712192937,0.07766070817599399,0,forward
18.400000000000002,69.56644810654713,67.27030106905463,54.3848,45.58652,0.08495245837558264,0.08220387337266002,0.07899245511206893,0,forward
18.432000000000002,71.04236834491758,68.05977964349884,54.479,45.687,0.08324427411098545,0.08241195352032511,0.07923512368475727,0,forward
18.464,66.70500039489447,62.85674199964585,54.5732,45.7812,0.08090784462854518,0.08211113174196913,0.07859511981697599,0,forward
18.496,66.04537141616268,59.559454440836404,54.67368,45.8754,0.08348678281680084,0.08238626195693548,0.07906701734628609,0,forward
18.528,64.78326723475547,65.45839401945294,54.76788,45.97588,0.08147000982878368,0.08220301153130513,0.0786473298247832,0,forward
18.56,70.16352830342773,70.15449154509344,54.86208,46.07008,0.07851594131913353,0.0814655974888708,0.0773609900905424,0,forward
18.592,64.84017586782143,68.0633409492056,54.95628,46.16428,0.08162438184164018,0.08149735435942468,0.07764911364955113,0,forward
18.624,64.46706946516817,69.12756868779073,55.05676,46.25848,0.07913552017296394,0.08102498752213252,0.07690105227011275,0,forward
18.656,63.84898849449715,66.10321272394725,55.15096,46.35896,0.0809291579802641,0.08100582161375884,0.07706357386370417,0,forward
18.688,65.8440528919235,71.29291514812397,55.24516,46.45316,0.07860205369581146,0.08052506803016937,0.07637547710152587,0,forward
18.72,71.39538704806183,71.0892455778984,55.33936,46.54736,0.08088541482379807,0.08059713738889511,0.07675192762093647,0,forward
18.752,66.09902691941728,69.41415417409318,55.43984,46.64156,0.08257142036970837,0.08099199398505777,0.07755622718101003,0,forward
18.784,67.28732118955946,70.49522066225786,55.53404,46.74204,0.08099581547932945,0.0809927582839121,0.07750790795703272,0,forward
18.816,73.8171877563979,71.40507820908121,55.62824,46.83624,0.07774384010796019,0.08034297464872173,0.07635316362844283,0,forward
18.848,69.22293702766716,62.88913423096275,55.72872,46.93044,0.0802774892386972,0.08032987756671682,0.07647850521568315,0,forward
18.88,60.91726368406497,68.83242545717397,55.82292,47.03092,0.08097362191562503,0.08045862643649847,0.07680833703140466,0,forward
18.912,70.88920585678359,63.177513396771225,55.91712,47.12512,0.08144750095570708,0.0806564013403402,0.07723108381586981,0,forward
18.944,66.67563530779991,64.44041573345403,56.01132,47.21932,0.0776435288850818,0.08005382684928852,0.07613957657636905,0,forward
18.976,71.2704467909781,66.45658599082279,56.1118,47.31352,0.0790898659484018,0.07986103466911118,0.07591596230830351,0,forward
19.008,63.70010737314727,62.79725745149859,56.206,47.414,0.08203725830683267,0.08029627939665548,0.07682838516710093,0,forward
19.04,59.7288003907935,65.6579454152595,56.3002,47.5082,0.07647332663538271,0.07953168884440094,0.07546191395295185,0,forward
19.072,61.878172857256764,69.04751022798924,56.3944,47.6024,0.07754420296527786,0.07913419166857633,0.07496864094594803,1,start_turn_right
19.104,63.451729146175126,68.88553130809424,56.31904,47.68404,0.07330082151138695,0.07796751763713845,0.07496864094594803,1,forward
19.136,68.1688310392379,67.00228490231834,56.2374,47.76568,0.06722791121351454,0.07581959635241367,0.07496864094594803,1,forward
19.168,66.95888261290183,66.8461677439593,56.15576,47.84104,0.0633898249242664,0.07333364206678422,0.07496864094594803,1,forward
19.2,66.33458686080849,68.46211865905197,56.0804,47.92268,0.05990770795587724,0.07064845524460284,0.07496864094594803,1,forward
19.232,64.25203581841198,68.96270281611477,55.99876,48.00432,0.05619430974012125,0.06775762614370652,0.07496864094594803,1,forward
19.264,70.97066925560956,71.29907650216227,55.91712,48.08596,0.05286537786182217,0.06477917648732966,0.07496864094594803,1,forward
19.296,65.83081005273941,97.62990707326985,55.83548,48.16132,0.05061632336313354,0.06194660586249044,0.07496864094594803,1,forward
19.328,62.24295971539232,102.82697272498454,55.76012,48.24296,0.04998493900377988,0.05955427249074833,0.07496864094594803,1,forward
19.36,65.51586280115774,121.75687101262803,55.67848,48.3246,0.04721450497821899,0.057086318988242464,0.07496864094594803,1,forward
19.392,68.83950206108234,124.28248749212146,55.59684,48.39996,0.04588503155612485,0.05484606150181894,0.07496864094594803,1,forward
19.424,62.49796247386936,138.47315253665408,55.5152,48.4816,0.04470606602237002,0.05281806240592916,0.07496864094594803,1,forward
19.456,68.22277074657747,149.48211373077476,55.43984,48.56324,0.044668804215170534,0.05118821076777744,0.07496864094594803,1,forward
19.488,63.61353459082604,172.59158726732866,55.3582,48.64488,0.0453715140301226,0.050024871420246475,0.07496864094594803,1,forward
19.52,63.541608412271025,190.0163261330118,55.27656,48.72024,0.04458026394715902,0.04893594992562899,0.07496864094594803,1,forward
19.552,68.9802089868777,212.81484402502238,55.2012,48.80188,0.046036064167633346,0.048355972774029865,0.07496864094594803,1,forward
19.584,67.7214091200291,201.81864613427967,55.11956,48.88352,0.04741854715507374,0.04816848765023864,0.07496864094594803,1,forward
19.616,66.76765343073521,222.36926290272987,55.03792,48.96516,0.04940495585324836,0.048415781290840586,0.07496864094594803,1,forward
19.648,93.3997166295522,236.86231616807035,54.95628,49.04052,0.050495117859055444,0.04883164860448356,0.07496864094594803,1,forward
19.68,106.92673162923528,233.9864882160609,54.88092,49.12216,0.050957606777620484,0.04925684023911095,0.07496864094594803,1,forward
19.712,112.7508769309849,248.65550728016254,54.79928,49.2038,0.048683194547416465,0.04914211110077205,0.07496864094594803,1,forward
19.744,122.01170323893044,242.2324558332775,54.71764,49.28544,0.049653595441293386,0.04924440796887632,0.07496864094594803,1,forward
19.776,135.4999422832883,236.61217231534772,54.636,49.3608,0.05053501222961163,0.04950252882102339,0.07496864094594803,1,forward
19.808,154.79035705936,243.58595706724208,54.56064,49.44244,0.049445903478052215,0.04949120375242916,0.07496864094594803,1,forward
19.84,166.51866815238705,244.68379605173396,54.479,49.52408,0.04927871422770546,0.049448705847484425,0.07496864094594803,1,forward
19.872,186.9012978104743,229.0316021276053,54.39736,49.59944,0.05177464016574357,0.049913892711136255,0.07496864094594803,1,forward
19.904,193.7278537880514,231.62314088219298,54.322,49.68108,0.051344068847726215,0.05019992793845425,0.07496864094594803,1,forward
19.936,201.3087463622811,226.50736704163631,54.24036,49.76272,0.05220102914468135,0.05060014817969967,0.07496864094594803,1,forward
19.968,222.68348597178584,209.99044676617214,54.15872,49.84436,0.052860498644750696,0.05105221827270988,0.07496864094594803,1,forward
20.0,216.45798702961002,190.04919239893087,54.07708,49.91972,0.05397054793602822,0.051635884205373545,0.07496864094594803,1,forward
20.032,234.87720221394434,173.27155043044803,54.00172,50.00136,0.050813459620137086,0.05147139928832626,0.07496864094594803,1,forward
20.064,244.56538150187066,159.67641473871012,53.92008,50.083,0.049296693091428125,0.05103645804894664,0.07496864094594803,1,forward
20.096,247.19549818106475,145.47556073178376,53.83844,50.15836,0.048900428303404894,0.0506092520998383,0.07496864094594803,1,forward
20.128,244.7713393323298,118.11255681080262,53.7568,50.24,0.04926543097335209,0.050340487874541054,0.07496864094594803,1,forward
20.16,244.23163010106978,123.81750750119278,53.68144,50.32164,0.049347437185608536,0.050141877736754555,0.07496864094594803,1,forward
20.192,230.8478630034582,117.0866325714889,53.5998,50.40328,0.05147212480538108,0.05040792715047986,0.07496864094594803,1,forward
20.224,232.7219616950518,95.079546084928,53.51816,50.48492,0.05116365960764299,0.05055907364191249,0.07496864094594803,1,forward
20.256,239.6549335046984,63.06434019432057,53.43652,50.56028,0.04970359931783279,0.050387978777096554,0.07496864094594803,1,forward
20.288,219.8523739107932,67.81529586321551,53.36116,50.64192,0.047281724884583855,0.049766727998594024,0.07496864094594803,1,forward
20.32,205.46617289402448,69.32001675282208,53.27952,50.72356,0.04663439381609216,0.04914026116209365,0.07496864094594803,1,forward
20.352,187.15571132296498,67.03501844232424,53.19788,50.79892,0.044365893183465885,0.0481853875663681,0.07496864094594803,1,forward
20.384,165.82985739406163,63.54276362330335,53.12252,50.88056,0.04362355571673841,0.047273021196442166,0.07496864094594803,1,forward
20.416,159.223039021718,71.0509634313479,53.04088,50.9622,0.044120185032616575,0.046642453963677055,0.07496864094594803,1,forward
20.448,139.12122169693384,69.89148746416072,52.95924,51.04384,0.04626088518955321,0.04656614020885229,0.07496864094594803,1,forward
20.48,123.85031868930147,68.4902693212601,52.8776,51.1192,0.04579867707714454,0.04641264758251074,0.07496864094594803,1,forward
20.512,114.38923830685086,73.45563462034804,52.80224,51.20084,0.04618955915608062,0.04636802989722472,0.07496864094594803,1,forward
20.544,102.39429170576209,68.75408567326956,52.7206,51.28248,0.04821882019511643,0.04673818795680307,0.07496864094594803,1,forward
20.576,90.03656894572073,69.36410088967172,52.63896,51.36412,0.051269696561261395,0.04764448967769473,0.07496864094594803,1,forward
20.608,71.65737499607134,69.83887707484585,52.55732,51.43948,0.051741345074040636,0.04846386075696391,0.07496864094594803,1,forward
20.64,69.009135085231,69.32323147865442,52.48196,51.52112,0.05622067740737638,0.05001522408704641,0.07496864094594803,1,forward
20.672,68.73691439263881,65.08145667602373,52.40032,51.602759999999996,0.057428699844749395,0.05149791923858701,0.07496864094594803,1,forward
20.704,67.04381604469361,68.14290956609649,52.31868,51.67812,0.06376002638252523,0.053950340667374655,0.07496864094594803,1,forward
20.736,69.47574403468441,65.37366873839427,52.24332,51.75976,0.06735954994580934,0.0566321825230616,0.07496864094594803,1,forward
20.768,61.47042851446661,63.149034839302026,52.16168,51.8414,0.07098880480893012,0.0595035069802353,0.07496864094594803,1,forward
20.8,67.16722029792962,69.07917473969647,52.08004,51.92304,0.08069210866297999,0.06374122731678425,0.07496864094594803,1,forward
20.832,67.83929027866937,70.72524628108138,51.9984,51.9984,0.08008996525850687,0.06701097490512878,0.07496864094594803,1,forward
20.864,71.80596224745882,59.612813549882596,51.92304,52.08004,0.08652100645918086,0.0709129812159392,0.07496864094594803,1,forward
20.896,63.58973076905156,61.08573967422953,51.8414,52.16168,0.09994321139194237,0.07671902725113984,0.07496864094594803,1,forward
20.928,65.23961234646038,68.93692536163225,51.75976,52.24332,0.10549791929631237,0.08247480566017434,0.10549791929631237,0,normal_exit
20.96,71.2796827648095,62.62283691361019,51.85396,52.33752,0.10144319509271749,0.08626848354668297,0.10154336604571725,0,forward
20.992,64.01827338579153,66.34463674571572,51.95444,52.43172,0.10708282918119186,0.09043135267358475,0.10358281641887675,0,forward
21.024,76.4520794692991,67.23156990801569,52.04864,52.52592,0.10226773625683712,0.09279862939023523,0.10191278290105851,0,forward
21.056,61.39611912302179,68.80432417924223,52.14284,52.6264,0.1075126492360436,0.09574143335939692,0.10283512920440331,0,forward
21.088,65.64424778171204,61.22540448087864,52.23704,52.7206,0.10753641333251505,0.09810042935402055,0.10334972221880598,0,forward
21.12,68.69009867902146,69.01648851462087,52.33752,52.8148,0.10737066857155306,0.09995447719752706,0.10353550327294705,0,forward
21.152,64.1490720593813,57.991302378468426,52.43172,52.91528,0.10988864088609594,0.10194130993524084,0.10454570259295419,0,forward
21.184,71.0761455233342,66.39219396058537,52.52592,53.009479999999996,0.10590685872064924,0.10273441969232253,0.10379646576679412,0,forward
21.216,68.76175827176303,71.68315339820066,52.6264,53.10368,0.10548303909529481,0.10328414357291699,0.10312121481119561,0,forward
21.248,64.04435210628398,65.19479155271087,52.7206,53.19788,0.1053578016057589,0.10369887517948537,0.10268373242598244,0,forward
21.28,71.37526639705153,70.96797011392356,52.8148,53.29836,0.10542990257225175,0.10404508065803865,0.10238723090644707,0,forward
21.312,69.82356648735554,67.27606230166361,52.909,53.39256,0.10679227824516066,0.10459452017546306,0.10272623572880275,0,forward
21.344,70.1862560840307,70.2937461854374,53.009479999999996,53.48676,0.10645818875429901,0.10496725389123025,0.10278270754868392,0,forward
21.376,67.19785582669002,68.53620699914386,53.10368,53.58096,0.10771784417581245,0.1055173719481467,0.10331151306905953,0,forward
21.408,68.81963150652395,65.31480656815876,53.19788,53.68144,0.10751269733723669,0.1059164370259647,0.10353605038841227,0,forward
21.44,65.66695025292874,67.167863021706,53.29836,53.77564,0.10434859636205122,0.10560286889318202,0.10254657504998195,0,forward
21.472,69.0479470658988,61.52974016570701,53.39256,53.869839999999996,0.10734800656412864,0.10595189642737135,0.10302745708935337,0,forward
21.504,70.94463303546299,72.06153461841255,53.48676,53.97032,0.10522056113763975,0.10580562936942503,0.10253257587352235,0,forward
21.536,70.35710778254153,65.44687242680754,53.58096,54.06452,0.10641332648630407,0.10592716879280085,0.10268361559174907,0,forward
21.568,69.05686628066508,66.0895696322484,53.68144,54.15872,0.10252185337870148,0.105246105709981,0.10134508531829733,0,forward
21.6,66.4152931670072,66.3306559040231,53.77564,54.25292,0.1076661641121378,0.10573011739041235,0.10237039089464267,0,forward
21.632,64.3725385033014,60.070398879497326,53.869839999999996,54.3534,0.1081070798917176,0.10620550989067341,0.10314502540650898,0,forward
21.664,68.82553413321443,66.44262375777474,53.96404,54.4476,0.10750843323483944,0.10646609455950662,0.10346898048984142,0,forward
21.696,64.7034709811035,64.5619361015127,54.06452,54.5418,0.10852920505755283,0.10687871665911586,0.10400126648027384,0,forward
21.728,64.39351141474698,66.79392498335433,54.15872,54.636,0.10791780251467482,0.10708653383022765,0.10416512635444808,0,forward
21.76,66.57104935081531,66.19572473890777,54.25292,54.73648,0.10916207580464457,0.10750164222511104,0.1046747435521576,0,forward
21.792,73.32984271423982,64.880677335568,54.3534,54.83068,0.10435020160960534,0.1068713541020099,0.10327789617687873,0,forward
21.824,68.78809418484948,67.53522048608008,54.4476,54.92488,0.10590000636901951,0.10667708455541183,0.10297801819378259,0,forward
21.856,65.21868234093257,67.81958251606031,54.5418,55.02536,0.1082400567479727,0.10698967899392402,0.10358260556904282,0,forward
21.888,65.09547921525522,65.55345149393777,54.636,55.11956,0.10992525313401032,0.10757679382194128,0.1046156382623081,0,forward
21.92,65.07694283222354,66.54732188266739,54.73648,55.21376,0.10675303823524841,0.10741204270460272,0.1041008002138591,0,forward
21.952,66.29346461052218,66.64417464173253,54.83068,55.30796,0.10866330352868393,0.10766229486941897,0.10449608275469936,0,forward
21.984,71.28181029443553,67.25469728210805,54.92488,55.40844,0.10576288034139499,0.10728241196381419,0.10366934481135372,0,forward
22.016000000000002,69.33595534670735,72.19706395232187,55.01908,55.50264,0.10512686371540159,0.10685130231413167,0.10295224318386492,0,forward
22.048000000000002,66.45147244212156,65.85991815280644,55.11956,55.59684,0.10895716828995945,0.10727247550929724,0.10382297528957896,0,forward
22.080000000000002,62.95388846339369,69.20727713564463,55.21376,55.69104,0.10606036887375303,0.1070300541821884,0.10338526966950314,0,forward
22.112000000000002,66.83778876697147,71.67345153589196,55.30796,55.79152,0.10521776623800684,0.1066675965933521,0.10276119766844566,0,forward
22.144000000000002,67.15968855351372,67.04343459346346,55.40844,55.88572,0.10551046418268997,0.10643617011121967,0.10246556543993579,0,forward
22.176000000000002,69.39366397839387,65.4718806881052,55.50264,55.97992,0.10709958892442727,0.1065688538738612,0.10288647062292808,0,forward
22.208000000000002,62.85339150977758,67.033829021248,55.59684,56.0804,0.10752354375116724,0.10675979184932241,0.10326715940362569,0,forward
22.240000000000002,67.09047183193867,65.45125386831705,55.69104,56.1746,0.10877659035781148,0.10716315155102023,0.10400168593902893,0,forward
22.272000000000002,66.74789252975057,67.50518226232604,55.79152,56.2688,0.10747623704337371,0.10722576864949093,0.10396589240496105,0,forward
22.304000000000002,71.0789897081325,70.92150383912688,55.88572,56.363,0.1044732458314685,0.10667526408588646,0.10290838680286978,0,forward
22.336000000000002,69.75414203800862,63.906447434324264,55.97992,56.46348,0.1068417860251177,0.10670856847373271,0.1030369790802895,0,forward
22.368000000000002,72.30630738353403,71.32332664845485,56.07412,56.55768,0.10505146027675132,0.10637714683433644,0.10251941340998137,0,forward
22.400000000000002,64.19179608855173,65.06339548588797,56.1746,56.65188,0.10931283603935024,0.10696428467533921,0.10367263072193672,0,forward
22.432000000000002,70.66530191133467,67.52248317839273,56.2688,56.75236,0.10619565219745071,0.10681055817976152,0.10329594449574084,0,forward
22.464000000000002,71.0787278743321,68.36463679477846,56.363,56.84656,0.10590504848113935,0.1066294562400371,0.10299140694056391,0,forward
22.496000000000002,67.22879796512905,68.08629569762881,56.46348,56.94076,0.1075509001511605,0.10681374502226178,0.10334430212852523,0,forward
22.528,64.7259991103141,72.98390819861494,56.55768,57.03496,0.1045861632664504,0.1063682286710995,0.10254993947390223,0,forward
22.56,69.21078219294087,68.0651383461284,56.65188,57.13544,0.10716084181802657,0.10652675130048492,0.10292125237309102,0,forward
22.592,68.87564272044807,69.45360449693001,56.74608,57.22964,0.10504934584105664,0.10623127020859928,0.10244438915903673,0,forward
22.624,67.04397875475291,64.70938752828758,56.84656,57.32384,0.1068571900872933,0.10635645418433809,0.1027447307264632,0,forward
22.656,74.33524730534381,62.063476930316966,56.94076,57.41804,0.10367042058995687,0.10581924746546185,0.10183709731951805,0,forward
22.688,66.55192415488655,65.09583019596904,57.03496,57.51852,0.10425026443174887,0.10550545085871926,0.10142105493613386,0,forward
22.72,68.46570021019124,66.05414993837273,57.13544,57.61272,0.10776899969048677,0.10595816062507277,0.1024146764273219,0,forward
22.752,68.54591922232585,66.03912584103237,57.22964,57.70692,0.10717183443140901,0.10620089538634003,0.10287969548402558,0,forward
22.784,65.91248168395924,61.59212262261276,57.32384,57.8074,0.10965477260989487,0.10689167083105101,0.104026340380486,0,forward
22.816,67.44258509327624,70.5384317611582,57.41804,57.9016,0.10554843128781487,0.10662302292240379,0.10333237216194988,0,forward
22.848,61.48497871813884,62.800460976399854,57.51852,57.9958,0.11134840076949697,0.10756809849182243,0.10492359732009808,0,forward
22.88,68.45250118375756,77.23119999738556,57.61272,58.09,0.10176097365068797,0.10640667352359555,0.10255129464351892,0,forward
22.912,67.202919246945,65.7377259082239,57.70692,58.19048,0.10869349658180817,0.10686403813523808,0.10347120721348291,0,forward
22.944,69.51010483985455,69.61673461151454,57.80112,58.28468,0.10693990910538584,0.10687921232926763,0.10347462711503369,0,forward
22.976,66.76596097957979,71.76000285507837,57.9016,58.37888,0.10448695705823888,0.10640076127506189,0.1025567242122153,0,forward
23.008,72.40610519611344,64.87606050163205,57.9958,58.47308,0.10498267099872075,0.10611714321979367,0.10218656920412728,0,forward
23.04,70.37779777719965,60.069604786757104,58.09,58.57356,0.10639868542100653,0.10617345166003625,0.10241501395462073,0,forward
23.072,61.886449338078165,66.65044433978282,58.19048,58.66776,0.10885155721557953,0.10670907277114491,0.10344037653144637,0,forward
23.104,69.11880509016697,70.06385717233869,58.28468,58.76196,0.10627652159792593,0.10662256253650113,0.10321717816215314,0,forward
23.136,69.00987809204798,65.53001976639241,58.37888,58.86244,0.10591019749848664,0.10648008952889823,0.10290139495639396,0,forward
23.168,62.9555189591768,59.73046487415385,58.47308,58.95664,0.10926864627000958,0.1070378008771205,0.10394324212883037,0,forward
23.2,66.05257126634339,63.905919396804634,58.57356,59.05084,0.10503003374993462,0.10663624745168333,0.10305201568575671,0,forward
23.232,70.43418146154235,67.82437872395316,58.66776,59.14504,0.10635880651958286,0.10658075926526324,0.10299742972516646,0,forward
23.264,68.71196318460922,66.6476944873603,58.76196,59.24552,0.10513635643917993,0.10629187870004658,0.10248313864325946,0,forward
23.296,68.57812403641445,70.13676274411966,58.85616,59.33972,0.10650588777407781,0.10633468051485283,0.10268505016200982,0,forward
23.328,67.46092251189856,67.45646067239599,58.95664,59.43392,0.1069087328523913,0.10644949098236053,0.10291763868918782,0,forward
23.36,67.61461536692984,70.46715778297265,59.05084,59.52812,0.106335496966572,0.10642669217920284,0.10290284348097675,0,forward
23.392,62.590422858352916,64.56133744923292,59.14504,59.6286,0.1078794294508137,0.10671723963352502,0.10340516530711773,0,forward
23.424,74.97157128836635,62.24501499724223,59.24552,59.7228,0.10324474267753078,0.10602274024232618,0.10206711491795117,0,forward
23.456,67.93992009010053,66.11406249949432,59.33972,59.817,0.10611031584864263,0.10604025536358946,0.10227635344881589,0,forward
23.488,61.062171352548,67.30611744553585,59.43392,59.91748,0.10595196692029303,0.10602259767493018,0.10231259202971388,0,forward
23.52,65.76118128470407,66.21037982216329,59.52812,60.01168,0.10943135514360139,0.10670434916866442,0.10362367399316294,0,forward
23.552,69.23490168758724,66.08157673206847,59.6286,60.10588,0.10721352591831954,0.10680618451859546,0.10362918785091994,0,forward
23.584,69.09413757653041,66.64621741209687,59.7228,60.20008,0.10731474932598982,0.10690789748007433,0.10371029933965795,0,forward
23.616,69.40469589227963,71.3816408687169,59.817,60.30056,0.10569313364673939,0.10666494471340734,0.10314008697142676,0,forward
23.648,65.52222339579029,67.66313986689904,59.9112,60.39476,0.10798506109606174,0.10692896798993823,0.1036365668180404,0,forward
23.68,63.445861601029804,66.70654111615572,60.01168,60.48896,0.10873654364698151,0.10729048312134688,0.104183094353462,0,forward
23.712,67.88979788348884,63.89197077191501,60.10588,60.58944,0.1066660389513176,0.10716559428734104,0.10379205028248326,0,forward
23.744,66.07436312047021,71.95134744178604,60.20008,60.68364,0.10529686159005433,0.1067918477478837,0.10309189151653611,0,forward
23.776,65.15465398125541,69.02342761032568,60.30056,60.77784,0.10613431176146934,0.10666034055060084,0.10290128383107142,0,forward
23.808,60.91215443259449,69.95098058801534,60.39476,60.87204,0.10670153631045198,0.10666857970257107,0.10302348424025677,0,forward
23.84,64.97815780624225,67.58735192885686,60.48896,60.97252,0.10532276088864193,0.10639941593978525,0.10256663973610651,0,forward
23.872,71.46181601574146,62.46174544844572,60.58316,61.06672,0.10563718579960191,0.10624696991174859,0.10242741729829156,0,forward
23.904,69.377430862014,66.71773754469775,60.68364,61.16092,0.10711122763103251,0.10641982145560538,0.102824850036279,0,forward
23.936,71.38701358606964,66.70089839570073,60.77784,61.25512,0.10568938260284363,0.10627373368505304,0.10261182170377031,0,forward
23.968,66.29827837828962,69.16515299536654,60.87204,61.3556,0.10648545402519839,0.10631607775308212,0.10271900203656599,0,forward
24.0,64.71968016838824,68.45241068080846,60.97252,61.4498,0.1071339021859773,0.10647964263966117,0.1030200956658611,0,forward
24.032,64.74351549228768,58.256222731478644,61.06672,61.544,0.10345793690020616,0.10587530149177017,0.10193768679475551,0,forward
24.064,62.80196426910388,63.061329930990084,61.16092,61.64448,0.10824755592867027,0.1063497523791502,0.10291766740670834,0,forward
24.096,68.7093209862907,68.11225733872026,61.25512,61.73868,0.10759244877108286,0.10659829165753673,0.10335317440868531,0,forward
24.128,68.34899443048589,68.74371692840772,61.3556,61.83288,0.10756756877133176,0.10679214708029575,0.10358243532214424,0,forward
24.16,63.96054589237575,70.2941167847856,61.4498,61.92708,0.10645792624678237,0.10672530291359308,0.10337333290436466,0,forward
24.192,73.20178599241267,67.34583446746024,61.544,62.02756,0.104437424775142,0.10626772728590288,0.10247397410391072,0,forward
24.224,66.79510629488738,68.52523826874061,61.6382,62.12176,0.10772579924126904,0.10655934167697612,0.10311621140548943,0,forward
24.256,67.55103920466394,68.4859239228527,61.73868,62.21596,0.10693217444065303,0.1066339082297115,0.10320273127995346,0,forward
24.288,63.10137521262675,72.43285359109524,61.83288,62.31016,0.10496424899923727,0.10629997638361667,0.1025945395291404,0,forward
24.32,70.99887401953073,73.72520995848508,61.92708,62.41064,0.10408182239153194,0.10585634558519973,0.10184679210477464,0,forward
24.352,62.764962584974384,67.8799484338153,62.02756,62.50484,0.10804257845482858,0.10629359215912551,0.1027859016958602,0,forward
24.384,67.75414668676723,64.5594394120638,62.12176,62.59904,0.10718601832267102,0.10647207739183462,0.10312300797653147,0,forward
24.416,64.8858345159163,64.18758065018416,62.21596,62.69952,0.10871560135752784,0.10692078218497328,0.10384601912058568,0,forward
24.448,70.09954334162796,67.11356052228832,62.31016,62.79372,0.10659592723466088,0.1068558111949108,0.10359192571032336,0,forward
24.48,62.22303411599957,69.79294221064247,62.41064,62.88792,0.10681411129170834,0.10684747121427032,0.10346572031737541,0,forward
24.512,66.06219122656186,66.19734477613572,62.50484,62.98212,0.1056445793740646,0.10660689284622918,0.10300704425975124,0,forward
24.544,71.21339577180326,72.26115085273727,62.59904,63.0826,0.10508261569278925,0.1063020374155412,0.10247005566886727,0,forward
24.576,65.25331517249049,69.19659784260706,62.69324,63.1768,0.10724105127972815,0.1064898401883786,0.1029400321529413,0,forward
24.608,70.41463293750375,66.17263623175485,62.79372,63.271,0.10637262936145242,0.10646639802299337,0.10288920831812118,0,forward
24.64,70.02620944530615,68.75274444075033,62.88792,63.3652,0.10664803209490534,0.10650272483737577,0.10299656658100699,0,forward
24.672,65.64600664851227,64.35987921862423,62.98212,63.46568,0.10831091948080467,0.10686436376606157,0.10361989596653168,0,forward
24.704,74.44082438240125,67.81475777284344,63.0826,63.55988,0.10359955059799088,0.10621140113244742,0.10233202931644912,0,forward
24.736,68.98831267110842,69.1862929130426,63.1768,63.65408,0.10514457203468121,0.10599803531289419,0.10210037522723836,0,forward
24.768,69.2096854201128,64.4683980844193,63.271,63.75456,0.10723164488250621,0.1062447572268166,0.10265811365456243,0,forward
24.8,59.94656648358262,69.4725862584393,63.3652,63.84876,0.10704303980086269,0.10640441374162582,0.1029897778306065,0,forward
24.832,63.09742516627642,71.35989390588145,63.46568,63.94296,0.1057083193382067,0.106265194860942,0.10268313813589357,0,forward
24.864,60.83388612807017,65.37081902561171,63.55988,64.03716,0.10529238982328362,0.10607063385341033,0.10237865349607309,0,forward
24.896,67.01680173090342,70.9405405446245,63.65408,64.13764,0.10508221538907683,0.10587295016054363,0.10206664724104281,0,forward
24.928,71.09614533191956,73.13026667815139,63.74828,64.23184,0.10448620215380895,0.1055956005591967,0.10169420229580442,0,forward
24.96,66.96378527780256,68.35442678300429,63.84876,64.32604,0.10632279307686071,0.10574103906272951,0.10207185221141668,0,forward
24.992,66.38918473574138,63.832370480794935,63.94296,64.42652,0.10483452076093255,0.10555973540237013,0.10178102136348954,0,forward
25.024,66.67518480714375,68.14899243967865,64.03716,64.52072,0.1079993845149819,0.10604766522489248,0.10276952822483701,0,forward
25.056,68.10790659188969,64.98328313740708,64.13764,64.61492,0.10767248434331964,0.10637262904857792,0.10324547159938942,0,forward
25.088,69.53103849645109,61.483544668335334,64.23184,64.70912,0.10578394688766296,0.10625489261639494,0.1029156307788438,0,forward
25.12,68.93146416581853,69.59494474560074,64.32604,64.8096,0.10695548587694188,0.10639501126850434,0.10308236167960408,0,forward
25.152,68.92836354676871,68.66031641763328,64.42024,64.9038,0.10743420271972197,0.10660284955874788,0.10340217286592075,0,forward
25.184,70.28421277923438,67.24319973642379,64.52072,64.998,0.10646494201958391,0.10657526805091509,0.10321885533103958,0,forward
25.216,68.76360892409471,60.42360243662299,64.61492,65.0922,0.10753127708227438,0.10676646985718695,0.10352454425872976,0,forward
25.248,70.01797431005714,64.79555252814521,64.70912,65.19268,0.10665388646650568,0.10674395317905071,0.10336507702440892,0,forward
25.28,70.1592209288257,69.77759118914025,64.8096,65.28688,0.10510310207093974,0.10641578295742853,0.10270715988550282,0,forward
25.312,62.052379509739055,65.20226789018739,64.9038,65.38108,0.10579038688957837,0.10629070374385849,0.10257248049063898,0,forward
25.344,68.60742956207032,68.79990623097856,64.998,65.48156,0.10752694948048945,0.10653795289118469,0.10306687874128537,0,forward
25.376,61.083909362392674,65.35125369963735,65.0922,65.57576,0.10600347746189198,0.10643105780532615,0.10287966865396664,0,forward
25.408,71.60234660076856,66.37573762032315,65.19268,65.66996,0.10553926346624827,0.10625269893751058,0.10255191085945914,0,forward
25.44,67.81545803156459,67.51923208454016,65.28688,65.76416,0.1063570495198713,0.10627356905398273,0.10267586177998499,0,forward
25.472,67.49994777502384,61.20814726821807,65.38108,65.86464,0.10847461467853672,0.10671377817889355,0.10347273113172702,0,forward
25.504,67.95114181752523,67.28339575480759,65.47528,65.95884,0.10814380885098891,0.10699978431331264,0.10390691127480767,0,forward
25.536,67.01001446358222,69.08249396907999,65.57576,66.05304,0.10471379360136868,0.10654258617092385,0.10291540520819167,0,forward
25.568,56.82285406278853,70.06941789643915,65.66996,66.14724,0.10661732566352315,0.10655753406944371,0.10300237742543762,0,forward
25.6,65.14083683566089,65.67576043537478,65.76416,66.24772,0.10652502202035496,0.10655103165962596,0.10298381374841079,0,forward
25.632,70.95773138639625,63.458879045716166,65.86464,66.34192,0.1059899340898671,0.10643881214567419,0.10278020134775358,0,forward
25.664,72.09021026766655,68.87348926196998,65.95884,66.43612,0.10520072246491925,0.10619119420952322,0.102408102552555,0,forward
25.696,68.37645506160847,76.97353141590183,66.05304,66.53659999999999,0.10192801203922688,0.10533855777546397,0.1009555287243136,0,forward
25.728,68.81779683396789,67.33869188237973,66.14724,66.6308,0.10343645994184601,0.10495813820874038,0.10060507230484539,0,forward
25.76,72.28913333217285,74.64664797714619,66.24772,66.725,0.10346166702794939,0.10465884397258218,0.10034789121957985,0,forward
25.792,72.68689083310603,62.38658022151491,66.34192,66.8192,0.10478961168636773,0.1046849975153393,0.10069990239084298,0,forward
25.824,62.15536854825676,71.87672994396917,66.43612,66.91968,0.10534859425734786,0.10481771686374103,0.10108475367247222,0,forward
25.856,61.95926973408597,67.05762381164179,66.53032,67.01388,0.10880088760643611,0.10561435101228006,0.10260984825400943,0,forward
25.888,72.35283911127847,71.02808057812209,66.6308,67.10808,0.10501937537451209,0.10549535588472647,0.10219250181603581,0,forward
25.92,68.98123179008576,70.59684837059264,66.725,67.20228,0.10624392325015186,0.10564506935781155,0.10240468540447745,0,forward
25.952,68.00104719363792,71.42601099620268,66.8192,67.30276,0.10408724319437143,0.10533350412512353,0.10172689670102204,0,forward
25.984,70.05335264120001,66.82764490819143,66.91968,67.39695999999999,0.10662874050044314,0.10559255140018747,0.10220244157885106,0,forward
26.016000000000002,66.36763329090176,61.91123169409554,67.01388,67.49116,0.1093137850237725,0.10633679812490449,0.10351086538972987,0,forward
26.048000000000002,63.94395780697849,59.056114241462886,67.10808,67.59164,0.1064685798538824,0.10636315447070008,0.1032899112171204,0,forward
26.080000000000002,62.96778089390992,66.04185023221557,67.20228,67.68584,0.10419401536613368,0.1059293266497868,0.10237454456456968,0,forward
26.112000000000002,65.17956031247739,66.95327362612514,67.30276,67.78004,0.10750125809615335,0.10624371293906013,0.10293065072609629,0,forward
26.144000000000002,69.99211677869722,68.9337873904749,67.39695999999999,67.87424,0.10454652091449787,0.10590427453414768,0.10227027964486642,0,forward
26.176000000000002,65.38203779067997,66.5793529551651,67.49116,67.97472,0.10659449727304653,0.10604231908192746,0.1025388855745095,0,forward
26.208000000000002,61.915510821213005,70.12583061783425,67.58536,68.06892,0.10461197172660211,0.1057562496108624,0.10204231557316606,0,forward
26.240000000000002,68.72043947460531,63.12800041755853,67.68584,68.16312,0.10758440505235377,0.10612188069916068,0.10274723331210822,0,forward
26.272000000000002,67.54619095630873,65.48600594158385,67.78004,68.2636,0.1073224748275423,0.106361999524837,0.10310577044948434,0,forward
26.304000000000002,66.40492618499096,62.77039191241577,67.87424,68.3578,0.1069192959437155,0.10647345880861273,0.10323272601670995,0,forward
26.336000000000002,63.85378860915556,66.44783590100822,67.97472,68.452,0.10464179220038722,0.10610712548696763,0.1024569568751339,0,forward
26.368000000000002,72.13487721379397,65.00896861965215,68.06892,68.5462,0.10516983543172236,0.10591966747591858,0.10218959734560688,0,forward
26.400000000000002,61.26010799786291,63.96950805746142,68.16312,68.64668,0.10720765560964737,0.10617726510266434,0.10270677693507058,0,forward
26.432000000000002,74.96272922761108,66.21192913194763,68.25731999999999,68.74088,0.10325063374754463,0.1055919388316404,0.10166234894731416,0,forward
26.464000000000002,70.11856898472952,63.005009585856044,68.3578,68.83508,0.10658241753974863,0.10579003457326205,0.10214442299519261,0,forward
26.496000000000002,70.46894999251197,66.75920484400753,68.452,68.92928,0.10633423042292935,0.10589887374319552,0.10240618441336102,0,forward
26.528000000000002,72.44495847667802,71.58893587975443,68.5462,69.02976,0.1049559143174143,0.1057102818580393,0.10203906668385877,0,forward
26.560000000000002,69.00211970788096,69.70972938364763,68.64668,69.12396,0.10687348154239357,0.10594292179491016,0.1024904546332121,0,forward
26.592000000000002,64.01423748074917,68.51407922389639,68.74088,69.21816,0.10648204922312278,0.10605074728055269,0.10268120480185813,0,forward
26.624000000000002,63.745251241018174,68.63346582619658,68.83508,69.31864,0.10522062755745883,0.10588472333593392,0.10231039445840273,0,forward
26.656,72.18624279283705,65.22941356355777,68.92928,69.41284,0.10513433873112919,0.10573464641497297,0.10208282506239359,0,forward
26.688,71.29554071194993,62.40525851355365,69.02976,69.50704,0.1057532821172981,0.105738373555438,0.10211721631802302,0,forward
26.72,66.73446329818518,67.19268365946185,69.12396,69.60124,0.10597867388714667,0.10578643362177974,0.1022613439139005,0,forward
26.752,67.05013028358445,69.68420244801709,69.21816,69.70172,0.10575596214940654,0.1057803393273051,0.10223273958146925,0,forward
26.784,68.0514380231344,67.95558907768513,69.31236,69.79592,0.10695943891397874,0.10601615924463983,0.10268684658852341,0,forward
26.816,62.22132379656697,73.5562023925176,69.41284,69.89012,0.10419637729188619,0.10565220285408912,0.10194706962159043,0,forward
26.848,65.11104468515641,73.06913659253,69.50704,69.98432,0.10452793003328945,0.10542734828992918,0.10163241359234601,0,forward
26.88,64.90345765655076,67.57748763850984,69.60124,70.0848,0.10621343116467766,0.10558456486487888,0.10199302004582743,0,forward
26.912,71.51950244062485,67.91116532812174,69.70172,70.179,0.10559696766605894,0.1055870454251149,0.10200358379304238,0,forward
26.944,66.12361778239863,71.19000951515082,69.79592,70.2732,0.1058270983070256,0.10563505600149704,0.10213411800220601,0,forward
26.976,69.11796239979196,67.27999948404181,69.89012,70.37368,0.1072976034711585,0.10596756549542935,0.10270339798864012,0,forward
27.008,63.84460000100891,64.57648796974803,69.98432,70.46788,0.10686864438073707,0.1061477812724909,0.10295636022987593,0,forward
27.04,67.3201403691898,60.569614159510195,70.0848,70.56208,0.10745291098240004,0.10640880721447274,0.10328670580579008,0,forward
27.072,62.34118470440346,62.52790104329154,70.179,70.65628,0.10653469967794311,0.10643398570716683,0.10321105538861709,0,forward
27.104,67.89649316522018,69.35044106863236,70.2732,70.75676,0.10638964814990974,0.10642511819571543,0.10306923253789538,0,forward
27.136,65.64205218113844,68.10527302808694,70.3674,70.85096,0.10500403427701757,0.10614090141197585,0.10252312109886204,0,forward
27.168,67.2745296276994,64.01599503689685,70.46788,70.94516,0.10488022586233475,0.10588876630204765,0.10208699395467165,0,forward
27.2,68.97610982637028,61.2757855683188,70.56208,71.03936,0.10739977046418914,0.10619096713447596,0.10275106754669752,0,forward
27.232,63.6146900708327,69.61863353990047,70.65628,71.13984,0.10538657252294233,0.10603008821216924,0.10241467938608181,0,forward
27.264,73.46177709960953,65.36998224520838,70.75676,71.23404,0.10426048950035723,0.10567616846980685,0.1017953770635739,0,forward
27.296,65.61802491269282,71.76834654631301,70.85096,71.32824,0.10516292982723478,0.10557352074129245,0.10176255952428409,0,forward
27.328,68.03337622632259,63.579697807900246,70.94516,71.42872,0.10808373360030787,0.10607556331309553,0.10274659021732019,0,forward
27.36,69.22283048365128,70.07030135954646,71.03936,71.52292,0.10661669800786462,0.10618379025204935,0.10289381682049947,0,forward
27.392,71.78104880130688,69.75324376046784,71.13984,71.61712,0.10541500487946448,0.10603003317753239,0.10251647375894689,0,forward
27.424,66.19134192979381,71.7553422323623,71.23404,71.71132,0.10388982137851019,0.10560199081772796,0.1017692171316572,0,forward
27.456,69.88657555710486,60.520840839848965,71.32824,71.8118,0.1027451020926654,0.10503061307271545,0.10083825753809661,0,forward
27.488,65.28156442977313,68.28050193920436,71.42244,71.906,0.10421467459824255,0.10486742537782087,0.10080861570012083,0,forward
27.52,70.30393732223892,62.68265743490145,71.52292,72.0002,0.10645097051381532,0.10518413440501977,0.10154945425410804,0,forward
27.552,68.01398763028449,62.20126440067062,71.61712,72.10068,0.10809789166660025,0.10576688585733587,0.10261490375770287,0,forward
27.584,62.71484821626663,62.75821690382967,71.71132,72.19488,0.1060422856431813,0.10582196581450495,0.10260352045418047,0,forward
27.616,69.07029180952831,65.74950548187019,71.8118,72.28908,0.10733191574109006,0.10612395579982198,0.1030169260894844,0,forward
27.648,62.74878662257714,74.23682743750335,71.906,72.38328,0.10373657359156449,0.10564647935817048,0.1020354764469261,0,forward
27.68,66.98791176853939,68.99385589849993,72.0002,72.48376,0.10738697849997107,0.1059945791865306,0.10267211479780193,0,forward
27.712,74.23912976647097,68.31830684815013,72.0944,72.57796,0.10373502511473671,0.10554266837217183,0.10181364165699178,0,forward
27.744,69.22259638473425,64.57278262645005,72.19488,72.67216,0.10722236703848716,0.10587860810543491,0.10247078069843671,0,forward
27.776,66.79394348626862,63.70198106961135,72.28908,72.76636,0.10673867419331959,0.10605062132301185,0.10276051704123237,0,forward
27.808,65.18016318741658,65.80817806567225,72.38328,72.86684,0.1075044391147635,0.10634138488136219,0.1031794852653735,0,forward
27.84,59.552792518951115,67.82068454057735,72.48376,72.96104,0.10604651547812659,0.10628241100071509,0.10292604277326614,0,forward
27.872,68.1753055719107,64.22421458190526,72.57796,73.05524,0.10588623586304448,0.10620317597318098,0.10274728554730066,0,forward
27.904,66.50562259109358,68.24795144596347,72.67216,73.15572,0.10519781926857924,0.10600210463226063,0.10234463003445421,0,forward
27.936,59.6619233137458,70.82989090329193,72.76636,73.24992,0.1060442673546088,0.10601053717673027,0.10243078430124086,0,forward
27.968,66.90491206540167,69.93225670945554,72.86684,73.34412,0.10671486143909253,0.10615140202920273,0.10268500959638062,0,forward
28.0,63.75599818321077,66.91764054152249,72.96104,73.43832,0.10579365097153079,0.10607985181766834,0.10255943509232823,0,forward
28.032,65.60660372997705,66.67717381281413,73.05524,73.5388,0.10349075237426596,0.10556203192898787,0.10161250879038589,0,forward
28.064,68.51364210734988,68.59744337371752,73.14944,73.633,0.10739934324315965,0.10592949419182224,0.10244641722896283,0,forward
28.096,69.50709954354272,71.08132110519051,73.24992,73.7272,0.10590323067707348,0.1059242414888725,0.10240426904528392,0,forward
28.128,71.23343504479101,63.42891745824801,73.34412,73.8214,0.10579671086133341,0.1058987353633647,0.10238036819740991,0,forward
28.16,62.19595412850347,59.51936960099054,73.43832,73.92188,0.1062851365972595,0.10597601561014366,0.1024987032659845,0,forward
28.192,69.36109711127675,70.11438168388689,73.5388,74.01608,0.10658539055700232,0.1060978905995154,0.10268221215435445,0,forward
28.224,64.10551031058333,62.37942656733618,73.633,74.11028,0.10991360602296861,0.10686103368420605,0.10403364493824234,0,forward
28.256,65.4519110464489,69.24327167541416,73.7272,74.21076,0.10720751307836537,0.10693032956303791,0.10389012945622371,0,forward
28.288,61.45746322617202,73.27111406518101,73.8214,74.30496,0.10439018531042805,0.10642230071251595,0.10283000944361591,0,forward
28.32,68.21094240627282,71.59706647478457,73.92188,74.39916,0.10554293939890527,0.10624642844979382,0.10252135936781095,0,forward
28.352,62.838981608468416,73.19211265145903,74.01608,74.49336,0.10444401949337315,0.10588594665850969,0.10197089810381385,0,forward
28.384,63.38857439330711,68.86911424922708,74.11028,74.59384,0.09938293366484224,0.10458534405977621,0.09976316248616819,0,forward
28.416,65.77724952050743,63.43178502311143,74.20448,74.68804,0.10907353425424804,0.10548298209867057,0.10185940483935368,0,forward
28.448,63.89603633717305,64.9453971386092,74.30496,74.78224,0.10585118736085591,0.10555662315110766,0.10200891337566344,0,forward
28.48,72.74983176808807,67.06292993789434,74.39916,74.87644,0.10474643287523844,0.10539458509593382,0.10175038165048085,0,forward
28.512,67.47444616608102,66.84866863409027,74.49336,74.97692,0.10849337234995485,0.10601434254673803,0.10288553134180706,0,forward
28.544,71.01517722026058,64.74527274014459,74.59384,75.07112,0.10594961575725251,0.10600139718884093,0.10270268500941526,0,forward
28.576,68.57488866139852,76.23931639555093,74.68804,75.16532,0.10240700208577985,0.10528251816822871,0.10135748555630521,0,forward
28.608,71.15869153098494,68.32846836247508,74.78224,75.2658,0.10584902421386914,0.10539581937735681,0.10168603551126083,0,forward
28.64,68.14404255980448,68.94555788247148,74.87644,75.36,0.10742180047172085,0.10580101559622962,0.10250164791764609,0,forward
28.672,65.67925782613916,68.09843357017145,74.97692,75.4542,0.10602648281540421,0.10584610904006454,0.10248386893319145,0,forward
28.704,69.89968869492333,64.24549130795351,75.07112,75.5484,0.1025372498544155,0.10518433720293474,0.10126372424473962,0,forward
28.736,65.13475850264139,63.22102161001897,75.16532,75.64888,0.1089881381018998,0.10594509738272775,0.10275047621118516,0,forward
28.768,66.38686128526047,60.78848216954374,75.25952,75.74308,0.10719758001710611,0.10619559390960344,0.10310441600444187,0,forward
28.8,64.54408799740074,64.27947972568518,75.36,75.83728,0.10650695124832675,0.1062578653773481,0.10304282224324045,0,forward
28.832,63.2665487032963,64.57627470753135,75.4542,75.93148,0.1096053987640357,0.10692737205468564,0.10415464614966236,0,forward
28.864,64.7716839833283,61.70096260739124,75.5484,76.03196,0.10582855965465938,0.1067076095746804,0.10347376056570974,0,forward
28.896,65.50933525063942,72.0879447328171,75.64888,76.12616,0.10520228955758626,0.10640654557126157,0.10281244139334339,0,forward
28.928,71.3529825440403,64.29633010350518,75.74308,76.22036,0.10571314638840607,0.10626786573469046,0.10261237210715116,0,forward
28.96,69.02091370682862,69.21892062888341,75.83728,76.32084,0.10722500828023666,0.10645929424379971,0.1029843061636895,0,forward
28.992,61.63594890510032,61.86110766073756,75.93148,76.41504,0.10593965900407942,0.10635536719585567,0.10280381488174248,0,forward
29.024,70.08869353064458,67.56935003201906,76.03196,76.50924,0.10660363298274148,0.10640502035323283,0.10288455071133303,0,forward
29.056,65.26675470478465,66.16142467634518,76.12616,76.60344,0.09743233796608006,0.10461048387580228,0.09969198541729876,0,forward
29.088,64.46698348534916,66.67592722623829,76.22036,76.70392,0.10557536419439456,0.10480345993952074,0.10051917263060442,0,forward
29.12,66.54494717222494,64.09636655691138,76.31456,76.79812,0.10905277650281713,0.10565332325218003,0.10233713200535435,0,forward
29.152,67.57204216670388,67.06246413437478,76.41504,76.89232,0.10389198741506482,0.105301056084757,0.1016135929575556,0,forward
29.184,67.35218897679516,66.31195695124187,76.50924,76.9928,0.1085833886222054,0.10595752259224668,0.10282999724445521,0,forward
29.216,64.61420560967515,70.40259985350698,76.60344,77.087,0.10638113979136063,0.10604224603206948,0.10286295213469482,0,forward
29.248,70.50127844887007,67.1798641858799,76.70392,77.1812,0.10036571048198388,0.10490693892205237,0.10068771864195288,0,forward
29.28,65.70684423313506,69.53620264509755,76.79812,77.2754,0.10699750105313076,0.10532505134826806,0.10170897714508036,0,forward
29.312,62.141360854022594,69.22994576658117,76.89232,77.37588,0.10721708647556898,0.10570345837372826,0.10240172123853858,0,forward
29.344,62.604490566024275,63.55614990277543,76.98652,77.47008,0.10512290754989435,0.10558734820896148,0.10213733802504246,0,forward
29.376,64.11443573123385,67.4800822377093,77.087,77.56428,0.0956673460479145,0.1036033477767521,0.09853883665686199,0,forward
29.408,67.11215743816928,65.5878825227125,77.1812,77.65848,0.10066142341615784,0.10301496290463326,0.09806000062274374,0,forward
29.44,67.53931095106904,72.94893257157703,77.2754,77.75896,0.10461007952776867,0.10333398622926035,0.09912603820346358,0,forward
29.472,64.60622061905505,65.327062480447,77.37588,77.85316,0.10645653173333997,0.10395849533007628,0.10047166523088161,0,forward
29.504,74.25387630098871,70.8051878770369,77.47008,77.94736,0.0950060697981801,0.10216801022369706,0.0972743054877687,0,forward
29.536,69.89427890990447,66.29533110051977,77.56428,78.04784,0.10674189913290133,0.10308278800553793,0.09938556480824717,0,forward
29.568,67.57066020447664,68.23905481596078,77.65848,78.14204,0.09967038072664106,0.10240030654975857,0.09824833345937753,0,forward
29.6,64.35269677092407,67.56098642414466,77.75896,78.23624,0.09293909883424652,0.10050806500665616,0.09506568219889762,0,forward
29.632,68.2517245802698,57.55878400453989,77.85316,78.33044,0.08645417397515144,0.09769728680035522,0.09074127538541998,0,forward
29.664,61.561350444202276,70.33842526701274,77.94736,78.43092,0.0892986414690973,0.09601755773410364,0.08894386309708764,0,forward
29.696,65.80850145334935,71.16423995518598,78.04156,78.52512,0.09758064274521439,0.0963301747363258,0.09079878597454737,0,forward
29.728,65.3128355397896,69.26722082169796,78.14204,78.61932,0.1071903121926029,0.09850220222758121,0.0953905965499525,0,forward
29.76,60.97477581351539,66.9700454460472,78.23624,78.71352,0.10782986387828615,0.10036773455772222,0.09860778942176004,0,forward
29.792,68.08456671665694,65.46350824827873,78.33044,78.814,0.10693767891465263,0.1016817234291083,0.10031145761785196,0,forward
29.824,71.48667956314917,70.9164272786082,78.43092,78.9082,0.10495410445806112,0.10233619963489887,0.10069414322305296,0,forward
29.856,69.41417757711459,68.80454900149864,78.52512,79.0024,0.10708488484462723,0.10328593667684455,0.10174440597612534,0,forward
29.888,62.83316209553769,69.5741871198326,78.61932,79.10288,0.10423436673365015,0.10347562268820568,0.10135587549745688,0,forward
29.92,66.84638886699885,68.74895405847326,78.71352,79.19708,0.10722084123797695,0.10422466639815993,0.10221777506128338,0,forward
29.952,62.471176750319806,64.33568158894435,78.814,79.29128,0.10711564876081747,0.10480286287069145,0.10269189762077623,0,forward
29.984,64.75472749980734,68.95406617700806,78.9082,79.38548,0.10741566451087387,0.10532542319872792,0.10314495405813923,0,forward
30.016000000000002,67.59123306610167,67.88022894615791,79.0024,79.48596,0.10819566695305484,0.10589947194959332,0.10367383241629302,0,forward
30.048000000000002,67.40136217287575,67.9199706430181,79.0966,79.58016,0.10816659799516536,0.10635289715870773,0.10404413088534616,0,forward
30.080000000000002,73.17393525764561,68.89333979967579,79.19708,79.67436,0.10445641403080272,0.10597360053312674,0.10291125667518283,0,forward
30.112000000000002,71.47053815563314,66.68887786842942,79.29128,79.76856,0.10563110288523765,0.10590510100354893,0.10264639336025176,0,forward
30.144000000000002,69.64493965249135,68.12781041645036,79.38548,79.86904,0.10691975309793662,0.10610803142242647,0.10289677906565635,0,forward
30.176000000000002,65.93973415607611,67.70969290133934,79.48596,79.96324,0.10832058266268946,0.10655054167047909,0.10355931999195216,0,forward
30.208000000000002,64.36808924028149,69.90885169458501,79.58016,80.05744,0.10645764643253416,0.10653196262289011,0.10335839857061277,0,forward
30.240000000000002,65.11564688123299,68.98861215192575,79.67436,80.15792,0.10615037916489807,0.10645564593129171,0.10307806898460167,0,forward
30.272000000000002,68.35084555196367,70.66837622023279,79.76856,80.25212,0.10619348533107381,0.10640321381124815,0.10295492166530851,0,forward
30.304000000000002,74.37862879453661,67.25342922488643,79.86904,80.34632,0.10364128846677666,0.10585082874235385,0.10192023999958626,0,forward
30.336000000000002,65.88962701964522,66.05977750061899,79.96324,80.44052,0.10519617896114103,0.1057198987861113,0.10185460112222167,0,forward
30.368000000000002,64.93040111124243,72.04280229044657,80.05744,80.541,0.10417296364899571,0.10541051175868818,0.10140459427847479,0,forward
30.400000000000002,72.37639881676014,62.99727431551116,80.15164,80.6352,0.10500313778409189,0.10532903696376893,0.1014545309209742,0,forward
30.432000000000002,71.09204624820705,64.93554292344871,80.25212,80.7294,0.10589571322447998,0.10544237221591114,0.1017650403309163,0,forward
30.464000000000002,62.4399869963032,63.190810309138136,80.34632,80.82988,0.10417208396771731,0.10518831456627238,0.10134680416610775,0,forward
30.496000000000002,68.59180201692604,64.43314120503146,80.44052,80.92408,0.1050247162013188,0.10515559489328168,0.10142517518511393,0,forward
30.528000000000002,69.05108579136406,76.8895835616596,80.541,81.01828,0.10198255127442414,0.10452098616951018,0.10034428162036657,0,forward
30.560000000000002,71.10721152746429,61.59211423451706,80.6352,81.11248,0.10588508541891757,0.10479380601939166,0.10109004771474026,0,forward
30.592000000000002,68.40620271034814,68.42487952163006,80.7294,81.21296,0.1077986389584255,0.10539477260719843,0.1022128735406437,0,forward
30.624000000000002,65.20717714748632,60.568928849680965,80.8236,81.30716,0.11018739096999916,0.10635329627975858,0.10383053596523767,0,forward
30.656000000000002,67.65739887811596,65.24153362585592,80.92408,81.40136,0.10744210581174073,0.106571058186155,0.10384383043271071,0,forward
30.688000000000002,67.50218961297399,72.69341436289525,81.01828,81.49556,0.10478513475357865,0.10621387349963975,0.10294179102331345,0,forward
30.72,68.20977871905143,66.55948763649442,81.11248,81.59604,0.10388753104316442,0.1057486050083447,0.10200003177640128,0,forward
30.752,70.61274453376275,65.05675470422455,81.21296,81.69024,0.10623270991793987,0.10584542599026373,0.1022358429920474,0,forward
30.784,65.75285436827257,62.89227482955511,81.30716,81.78444,0.10729536247521643,0.10613541328725426,0.102809185337356,0,forward
30.816,66.77250024095305,65.60378503609824,81.40136,81.88492,0.10718176432589767,0.10634468349498294,0.10309511709041981,0,forward
30.848,73.02348247383132,60.65032987253105,81.49556,81.97912,0.10455911564250392,0.10598756992448714,0.10238033684588743,0,forward
30.88,70.17131605933788,66.76926982909295,81.59604,82.07332,0.10636033228758805,0.10606212239710733,0.10252562257163592,0,forward
30.912,63.06618806336662,69.56879521035107,81.69024,82.16752,0.10587169563257767,0.10602403704420141,0.10248510976625647,0,forward
30.944,66.18144199639626,70.38856529731684,81.78444,82.268,0.10639106748819728,0.1060974431330006,0.10260387091847281,0,forward
30.976,65.29533580384029,66.54784031359983,81.87864,82.3622,0.10820077940285387,0.10651811038697126,0.10336973694122929,0,forward
31.008,74.08878771821355,68.03965135359167,81.97912,82.4564,0.10383623777519521,0.10598173586461605,0.102256286628375,0,forward
31.04,64.64013426141318,71.03405128488016,82.07332,82.5506,0.10593637569729775,0.10597266383115239,0.10233543758618745,0,forward
31.072,65.63949467536393,66.40935629236633,82.16752,82.65108,0.1068155038729268,0.10614123183950729,0.10265987747745521,0,forward
31.104,69.74103502562981,71.36826801343817,82.268,82.74528,0.10570247126418565,0.10605347972444297,0.10246933196465294,0,forward
31.136,68.29008467104804,70.05750269216416,82.3622,82.83948,0.10464973563862894,0.10577273090728018,0.10201120927786372,0,forward
31.168,64.62311679569531,66.95318761807891,82.4564,82.93996,0.10483991341884429,0.10558616740959301,0.10174403618043483,0,forward
31.2,66.22132454403419,68.9499284646872,82.5506,83.03416,0.10724033427335548,0.1059170007823455,0.10247385776888071,0,forward
31.232,65.43315035726744,64.71192708707808,82.65108,83.12836,0.10956751474405618,0.10664710357468765,0.10373463630784388,0,forward
31.264,60.996479008349354,70.4304116017926,82.74528,83.22256,0.10636147192333639,0.1065899772444174,0.10343645124336757,0,forward
31.296,67.95010646261873,68.0561036395126,82.83948,83.32304,0.10806714216224982,0.1068854102279839,0.10381485354925292,0,forward
31.328,69.12780986664747,70.24012651564628,82.93368,83.41724,0.10423727186898202,0.10635578255618353,0.10272691930224238,0,forward
31.36,62.23353349156615,68.37310050131796,83.03416,83.51144,0.10783625836448621,0.10665187771784407,0.10327680092861212,0,forward
31.392,71.85844882314424,66.35909197297667,83.12836,83.60564,0.105284663524886,0.10637843487925246,0.1027568640946872,0,forward
31.424,67.37530825683801,60.91764783243672,83.22256,83.70612,0.10856635476626812,0.10681601885665559,0.10355758033489637,0,forward
31.456,67.72995462957985,65.83128873498195,83.32304,83.80032,0.10828544808253178,0.10710990470183085,0.10397079697526211,0,forward
31.488,65.06278576889794,69.50709908217755,83.41724,83.89452,0.10701832955240137,0.10709158967194496,0.10382332978175955,0,forward
31.52,69.37872146685181,65.58772505335098,83.51144,83.995,0.10635808251686675,0.10694488824092932,0.10345084636811276,0,forward
31.552,71.77655687579953,64.74331038267675,83.60564,84.0892,0.10541812470481184,0.10663953553370584,0.1029163699159928,0,forward
31.584,71.67323177949942,73.1924145994351,83.70612,84.1834,0.10444381363030622,0.10620039115302592,0.10218301042082535,0,forward
31.616,71.48742097890789,72.86068283868207,83.80032,84.2776,0.104670473158132,0.10589440755404714,0.10183489396775657,0,forward
31.648,64.46885695355088,69.85120884840174,83.89452,84.37808,0.10677257876635841,0.1060700417965094,0.10232327915484037,0,forward
31.68,70.77188264672877,68.42051846822858,83.98872,84.47228,0.1061205824264286,0.10608014992249326,0.10244442298801011,0,forward
31.712,70.16320398098786,70.72175385688612,84.0892,84.56648,0.10615587724113387,0.1060952953862214,0.10249350180022959,0,forward
31.744,68.66973977594058,66.02348279073645,84.1834,84.66696,0.10657427926134534,0.10619109216124618,0.1026748934473026,0,forward
31.776,67.00077320209299,66.95332310335205,84.2776,84.76116,0.10781792392532577,0.1065164585140621,0.1032781542386538,0,forward
31.808,65.07791149837455,73.56237672740733,84.37808,84.85536,0.10419218783258367,0.10605160437776642,0.10232503592465385,0,forward
31.84,67.60832449699078,66.97351990801634,84.47228,84.94956,0.10625269798432854,0.10609182309907886,0.10249288178040583,0,forward
31.872,70.20236328005194,67.6650289120584,84.56648,85.05004,0.10273886350525475,0.10542123118031405,0.10130042882749195,0,forward
31.904,63.10669793465733,67.3379813381713,84.66068,85.14424,0.10695053472654496,0.10572709188956023,0.10208535322673225,0,forward
31.936,67.18500038427212,66.97649042417362,84.76116,85.23844,0.10826512176231587,0.10623469786411137,0.10301872431453704,0,forward
31.968,67.61883618091913,66.14683865354455,84.85536,85.33264,0.10838725201972649,0.1066652086952344,0.10370277119442083,0,forward
32.0,70.32527774709851,66.36581684744624,84.94956,85.43312,0.10597213468528528,0.10652659389324458,0.10323521007516126,0,forward
32.032000000000004,61.68916061499443,64.00932874858209,85.05004,85.52732,0.10231195989342305,0.10568366709328028,0.10162387094121679,0,forward
32.064,65.7491666909036,67.11448366223095,85.14424,85.62152,0.10815777479185072,0.10617848863299438,0.10272542264651566,0,forward
32.096000000000004,71.7139985495101,65.09911325773058,85.23844,85.722,0.10446834120554628,0.10583645914750477,0.10206925864550413,0,forward
32.128,63.321018778037654,66.87418349974212,85.33264,85.8162,0.10654700590422218,0.10597856849884826,0.10243417668768089,0,forward
32.160000000000004,70.55711322183359,67.71984760365054,85.43312,85.9104,0.10627196322783707,0.10603724744464603,0.10252851499800142,0,forward
32.192,65.62116215279987,61.458347661141794,85.52732,86.0046,0.10987414029295582,0.10680462601430799,0.10392087205504998,0,forward
32.224000000000004,69.28895423127967,64.88164120778073,85.62152,86.10508,0.10681286118714817,0.10680627304887602,0.10367637128472444,0,forward
32.256,68.97977711063275,71.30993794799704,85.71572,86.19928,0.10574321962579195,0.10659366236425921,0.10317756654036418,0,forward
32.288000000000004,66.8391089852824,66.27069663656499,85.8162,86.29348,0.1060413345991974,0.10648319681124686,0.10292295535692228,0,forward
32.32,61.22213638150936,63.7741234553048,85.9104,86.38768,0.10326343091135724,0.10583924363126895,0.10180566449397972,0,forward
32.352000000000004,71.70882977635048,68.8617127595016,86.0046,86.48816,0.1054651863282265,0.10576443217066048,0.10183613812403441,0,forward
32.384,69.13915769458583,67.60203333526977,86.10508,86.58236,0.10728235459640688,0.10606801665580977,0.1025067086325747,0,forward
32.416000000000004,63.80943679340738,62.6820194825845,86.19928,86.67656,0.10789247088476382,0.10643290750160059,0.10319692991937796,0,forward
32.448,72.45330244883468,69.40087584498067,86.29348,86.77704,0.10495016994052858,0.10613635998938618,0.10254446366029908,0,forward
32.480000000000004,83.27857810323746,69.80884781020443,86.38768,86.87124,0.09799203414108343,0.10450749481972564,0.09967425251789784,0,forward
32.512,90.97731588929493,62.83143837398725,86.48816,86.96544,0.09357966533033976,0.10232192892184847,0.09621024275720577,0,forward
32.544000000000004,110.39336832371482,64.24922488115894,86.58236,87.05964,0.08403654045762837,0.09866485122900445,0.09060965295204929,0,forward
32.576,105.6346466634827,69.51836900553671,86.67656,87.16012,0.08619080698337901,0.09617004237987938,0.08774599016753944,0,forward
32.608000000000004,112.02256166041002,73.64217767228371,86.77076,87.25432,0.0833235420965576,0.09360074232321502,0.08492234586286196,0,forward
32.64,118.62795384272862,93.07301529810363,86.87124,87.34852,0.08055260949155536,0.0909911157568831,0.08207627696334262,0,forward
32.672000000000004,117.10608433579429,100.80006484233971,86.96544,87.44272,0.08117456167787314,0.0890278049410811,0.08051396182924622,0,forward
32.704,134.66215663405026,104.04129580844457,87.05964,87.5432,0.0745357274467168,0.08612938944220824,0.07709163634168761,0,forward
32.736000000000004,139.72820762484687,109.6197692183046,87.16012,87.6374,0.07281723258452831,0.08346695807067227,0.07427972107280625,1,start_turn_right
32.768,153.9651472993138,116.09579020911885,87.07848,87.71904,0.06838625404121004,0.08045081726477982,0.07427972107280625,1,forward
32.8,146.861334611972,104.91320053663758,86.99684,87.7944,0.07052766407888197,0.07846618662760026,0.07427972107280625,1,forward
32.832,140.8363199885814,75.99914770712547,86.9152,87.87604,0.07245185031532539,0.07726331936514529,0.07427972107280625,1,forward
32.864,143.8140703126491,64.11218279929989,86.83984,87.95768,0.07148790948508899,0.07610823738913403,0.07427972107280625,1,forward
32.896,136.81471206888213,66.30679616910108,86.7582,88.03932,0.07379573022201923,0.07564573595571107,0.07427972107280625,1,forward
32.928,141.83875893185075,67.93287194022622,86.67656,88.11467999999999,0.07212445686695908,0.07494148013796068,0.07427972107280625,1,forward
32.96,124.12593441534315,60.767047747726494,86.59492,88.19632,0.07075948550742757,0.07410508121185405,0.07427972107280625,1,forward
32.992,128.10778586397404,70.8248456372389,86.51956,88.27796,0.07147858314737295,0.07357978159895784,0.07427972107280625,1,forward
33.024,119.41959756102266,66.46918801329491,86.43792,88.3596,0.07039847992013946,0.07294352126319417,0.07427972107280625,1,forward
33.056,119.78622580466286,67.42752040181709,86.35628,88.43496,0.0701817019525632,0.07239115740106798,0.07427972107280625,1,forward
33.088,106.8603002352678,68.107792927052,86.28092,88.5166,0.06714535841805375,0.07134199760446513,0.07427972107280625,1,forward
33.12,105.05138703179024,64.39296911448402,86.19928,88.59824,0.06708917204293999,0.07049143249216011,0.07427972107280625,1,forward
33.152,102.40628596884262,59.98355275276766,86.11764,88.67988,0.06724995294190131,0.06984313658210836,0.07427972107280625,1,forward
33.184,74.48464473880311,69.45989264952574,86.036,88.75524,0.0686769986792963,0.06960990900154596,0.07427972107280625,1,forward
33.216,70.88718762257085,69.19160119841804,85.96064,88.83688,0.07136461307021552,0.06996084981527988,0.07427972107280625,1,forward
33.248,66.04643316539277,70.35552082263688,85.879,88.91852,0.07336118668259341,0.07064091718874259,0.07427972107280625,1,forward
33.28,69.07251572255717,68.15341782793315,85.79736,88.99388,0.07494451822540087,0.07150163739607425,0.07427972107280625,1,forward
33.312,61.40698216514422,69.63800666939993,85.71572,89.07552,0.07400902565867992,0.07200311504859538,0.07427972107280625,1,forward
33.344,69.54337116496218,62.130658899027914,85.64036,89.15716,0.08052337740104366,0.07370716751908504,0.07427972107280625,1,forward
33.376,70.43133480849963,66.71273932476072,85.55872,89.2388,0.08288956091994075,0.07554364619925619,0.07427972107280625,1,forward
33.408,63.686582710832134,71.79921636469983,85.47708,89.31416,0.08463537739403151,0.07736199243821125,0.07427972107280625,1,forward
33.44,63.33451376336498,72.68585383643212,85.40172,89.3958,0.0869845310964342,0.07928650016985585,0.07427972107280625,1,forward
33.472,64.6960425281892,68.31307949803704,85.32008,89.47744,0.09371381768081982,0.08217196367204865,0.07427972107280625,1,forward
33.504,70.86555970013582,65.62657169544913,85.23844,89.55908,0.10383774593978182,0.08650512012559529,0.07427972107280625,1,forward
33.536,66.61568195883063,71.29867310629093,85.1568,89.63444,0.10575109266661988,0.09035431463380021,0.10575109266661988,0,normal_exit
33.568,64.18020481503338,62.56082836029777,85.25728,89.73492,0.10600238787473008,0.09348392928198619,0.10589337206302678,0,forward
33.6,68.50467815130129,75.21518269560823,85.35148,89.82912,0.10308269927032541,0.09540368327965404,0.10349126507236898,0,forward
33.632,69.20272094675278,67.68278396091311,85.44568,89.92332,0.10723665023314188,0.09777027667035162,0.10396583437189459,0,forward
33.664,65.16519913982451,67.66549717858543,85.53988,90.01752,0.10685998197214291,0.09958821773070989,0.10388839634217881,0,forward
33.696,68.12195046107381,66.42382800630287,85.64036,90.118,0.1067120045695561,0.10101297509847913,0.10362932888267011,0,forward
33.728,66.10674917413984,64.84581838957497,85.73456,90.2122,0.10950897265485064,0.10271217460975345,0.10453001313558594,0,forward
33.76,76.86627005081446,67.52142982875094,85.82876,90.3064,0.10199770795096386,0.10256928127799554,0.10238246698525999,0,forward
33.792,66.53312418000134,64.2190843670464,85.92924,90.4006,0.1054968801880253,0.1031548010600015,0.10222135693349392,0,forward
33.824,70.38621230150947,70.00059036007885,86.02344,90.50108,0.10639273212042594,0.10380238727208639,0.10243704680677504,0,forward
33.856,65.66150430228818,66.80871208468169,86.11764,90.59528,0.10791236177666264,0.10462438217300166,0.10316026139583574,0,forward
33.888,64.26166327673921,61.7081063395333,86.21184,90.68948,0.10680379594272718,0.10506026492694677,0.1032265985891094,0,forward
33.92,66.33897398849953,69.57524758297023,86.31232,90.78996,0.10668025198624521,0.10538426233880648,0.10314212426162005,0,forward
33.952,68.04490684010372,70.07731464792792,86.40652,90.88416,0.1066117156849122,0.10562975300802763,0.1031459092069775,0,forward
33.984,66.13266745784699,71.94067443854136,86.50072,90.97836,0.10530425811997997,0.1055646540304181,0.102679899692884,0,forward
34.016,67.83303260303353,61.928566348428724,86.59492,91.07256,0.10597712744203457,0.1056471487127414,0.10262189529718399,0,forward
34.048,68.54029379217882,65.14555113310251,86.6954,91.17304,0.10771488053191436,0.106060695076576,0.10312461336979876,0,forward
34.08,67.5049670166763,65.0676978041994,86.7896,91.26724,0.10678232182815164,0.10620502042689114,0.1031957476845895,0,forward
34.112,66.38791188658116,68.10194120426792,86.8838,91.36144,0.10753638107492892,0.1064712925564987,0.10351154428337152,0,forward
34.144,63.48288975929049,67.12851304716801,86.98428,91.45564,0.10874846532888259,0.10692672711097549,0.10410713342389512,0,forward
34.176,70.23907603041069,65.05324103646375,87.07848,91.55611999999999,0.10649692758201838,0.10684076720518407,0.10368271757842187,0,forward
34.208,69.83972412104612,71.25449911636176,87.17268,91.65032,0.10578197735256142,0.10662900923465955,0.10319552450392837,0,forward
34.24,71.25767228034988,70.5109500872358,87.26688,91.74452,0.1057797582019156,0.10645915902811076,0.10288207699324058,0,forward
34.272,63.017926897673924,67.75139949436662,87.36736,91.845,0.10725626236349918,0.10661857969518845,0.10312727529221424,0,forward
34.304,67.77640531915604,68.77595864560563,87.46156,91.9392,0.10573323142897659,0.10644151004194609,0.10282160999868699,0,forward
34.336,72.02311267510088,70.89123851838059,87.55576,92.0334,0.10524715432050592,0.10620263889765806,0.10245131080546883,0,forward
34.368,69.10125412153754,69.97910383079943,87.64996,92.1276,0.10645122244980759,0.10625235560808798,0.10264504062231887,0,forward
34.4,68.13566373201469,62.930795057805845,87.75044,92.22808,0.1080091019063772,0.10660370486774584,0.103244869452778,0,forward
34.432,66.94251707880541,65.78483863739805,87.84464,92.32228,0.10732720281843507,0.1067484044578837,0.10346812747476777,0,forward
34.464,61.177526141733004,68.86758358904116,87.93884,92.41647999999999,0.1074780661730163,0.10689433680091022,0.10366544955911651,0,forward
34.496,62.53528457741724,63.64485715021319,88.03932,92.51696,0.10447345502124279,0.10641016044497675,0.1026330369040737,0,forward
34.528,66.3062853151571,73.31808975877182,88.13352,92.61116,0.10435820081749088,0.10599976851947959,0.10201182112713258,0,forward
34.56,68.5930799224352,68.3672463457335,88.22772,92.70536,0.10272190767006692,0.10534419634959707,0.10102694619858976,0,forward
34.592,63.120811643329354,64.91018070281892,88.32192,92.79956,0.10191755185849938,0.10465886745137754,0.10010674361014138,0,forward
34.624,65.832987500873,67.77796416089792,88.4224,92.90004,0.10585476097014795,0.10489804615513162,0.10084412761090612,0,forward
34.656,67.02725448704291,70.39983406699724,88.5166,92.99424,0.10638309609352778,0.10519505614281086,0.10158923618945592,0,forward
34.688,67.30239328535234,65.22805368416829,88.6108,93.08844,0.10687981431610748,0.10553200777747018,0.1022453570427896,0,forward
34.72,74.6648957864418,63.888711456873395,88.705,93.18264,0.10344946032286784,0.10511549828654972,0.10143746734978501,0,forward
34.752,68.4799998386074,65.29229387252543,88.80548,93.28312,0.10775862080678505,0.10564412279059679,0.10238018169564829,0,forward
34.784,68.27880530792872,62.545184395759854,88.89968,93.37732,0.10554834185269128,0.10562496660301571,0.10227593024573617,0,forward
34.816,68.49467816199702,65.70391024766057,88.99388,93.47152,0.1077479691396425,0.10604956711034108,0.10299706079250527,0,forward
34.848,67.13341993539638,66.2412963274932,89.09436,93.572,0.10640591303116889,0.10612083629450665,0.1028964211822483,0,forward
34.88,69.43305066497416,68.25020376778514,89.18856,93.6662,0.10617547251514917,0.10613176353863517,0.10283189733547753,0,forward
34.912,60.454159402203395,64.28588098085432,89.28276,93.7604,0.10708670723657059,0.10632275227822226,0.10311694638176178,0,forward
34.944,68.57318713430415,69.71153372190693,89.37696,93.8546,0.10687219349258967,0.10643264052109574,0.1032230232769952,0,forward
34.976,61.30653256121671,71.78155209135922,89.47744,93.95508,0.10541465533551403,0.10622904348397941,0.10268630532345857,0,forward
35.008,57.82592025479239,67.93759191066448,89.57164,94.04928,0.10804032250953248,0.10659129928909003,0.10336515370003191,0,forward
35.04,66.70962678541012,67.72642199943088,89.66584,94.14348,0.10732006214832991,0.10673705186093801,0.10354276078074962,0,forward
35.072,70.53828019290748,63.434237987700826,89.76632,94.23768,0.10346924182395864,0.10608348985354214,0.10223584429017925,0,forward
35.104,67.18117836789591,61.88249679182401,89.86052,94.33816,0.10870955224999082,0.10660870233283189,0.10327452140168687,0,forward
35.136,62.09809014441846,70.79037368272085,89.95472,94.43236,0.10610756913213651,0.10650847569269281,0.10305021338831565,0,forward
35.168,66.74292362213968,70.15996032135192,90.04892,94.52656,0.10655303827837313,0.1065173882098289,0.10306585811224919,0,forward
35.2,68.1933372704681,66.18060953978363,90.1494,94.62704,0.10796706717521552,0.10680732400290623,0.10349986663068705,0,forward
35.232,66.51264406543231,66.45223079791191,90.2436,94.72124,0.10868162168712052,0.10718218353974909,0.10411700079537926,0,forward
35.264,63.885358854188844,66.41946283864685,90.3378,94.81544,0.10927509014038578,0.10760076485987644,0.10472565653981528,0,forward
35.296,66.12978817649571,65.3505604964982,90.432,94.90964,0.10791960203160658,0.10766453229422247,0.10463064288125871,0,forward
35.328,65.02026570991893,67.58455331478822,90.53248,95.01012,0.10811973698330161,0.1077555732320383,0.10455875052594771,0,forward
35.36,63.227042888579255,69.54975631135818,90.62668,95.10432,0.1069878038897534,0.10760201936358132,0.10418970847269282,0,forward
35.392,58.79788448168919,69.14669225060797,90.72088,95.19852,0.10727693493272748,0.10753700247741058,0.1040564619132002,0,forward
35.424,70.9120267492389,65.93408899461953,90.82136,95.29272,0.10555394133492216,0.10714039024891289,0.10331236748339728,0,forward
35.456,69.43729217869527,71.4168905783442,90.91556,95.3932,0.10566852838469487,0.1068460178760693,0.10287590219343809,0,forward
35.488,65.22313525840202,75.03067419069822,91.00976,95.4874,0.10320538231239915,0.10611789076333528,0.1017546721325071,0,forward
35.52,66.4135369349953,63.36860610389819,91.10396,95.5816,0.10497682560313737,0.1058896777312957,0.10166976419588977,0,forward
35.552,62.83073983274423,67.5299419260293,91.20444,95.68208,0.10845256082336366,0.1064022543497093,0.10277786570198114,0,forward
35.584,70.86436643922212,62.71257643965891,91.29864,95.77628,0.10473748970099449,0.10606930141996634,0.10224064702544579,0,forward
35.616,69.3385383405881,67.37541109628233,91.39284,95.87048,0.10713912281309255,0.10628326569859159,0.10275629424781399,0,forward
35.648,75.35508440413169,64.30844416072259,91.48704,95.96468,0.10298987034359641,0.10562458662759257,0.10160070584463428,0,forward
35.68,70.10764862075894,72.28713671455,91.58752,96.06516,0.10506468468174508,0.10551260623842308,0.10151981575555145,0,forward
35.712,61.27259633446279,68.67202727037474,91.68172,96.15936,0.10383535067461358,0.1051771551256612,0.10111010486018972,0,forward
35.744,60.842037436595746,64.3730832786094,91.77592,96.25356,0.10750771651091794,0.10564326740271254,0.10216282885320925,0,forward
35.776,71.34391383334123,64.22770154537373,91.8764,96.35404,0.10571948084822942,0.10565851009181593,0.10211513962443652,0,forward
35.808,65.80214373244982,64.95752676546462,91.9706,96.44824,0.1097377554980286,0.10647435917305847,0.10360673065296098,0,forward
35.84,68.42548056652981,61.54082440185156,92.0648,96.54244,0.1072188225690551,0.10662325185225781,0.10366152111606843,0,forward
35.872,64.4253472637235,68.45207913908281,92.159,96.63664,0.1077788879265868,0.10685437906712361,0.10389733013477943,0,forward
35.904,66.7794867744492,64.63299357552621,92.25948,96.73712,0.10829874501264304,0.1071432522562275,0.10415228360321437,0,forward
35.936,71.07177742837577,65.04774969488064,92.35368,96.83132,0.1059099209154782,0.10689658598807765,0.10354270166721366,0,forward
35.968,75.2399960516597,62.1294982921699,92.44788,96.92552,0.10306622266774362,0.10613051332401084,0.10213273065140074,0,forward
36.0,74.44128239839779,67.95238639901909,92.54208,97.01972,0.10359924335985693,0.10562425933118005,0.10141885112241955,0,forward
36.032000000000004,66.01422886490766,70.26414988696327,92.64256,97.1202,0.10565027332978806,0.10562946213090167,0.10161290342989085,0,forward
36.064,65.12060577976806,64.86915975914522,92.73676,97.2144,0.10849959369421175,0.10620348844356368,0.10284084353830826,0,forward
36.096000000000004,65.78818107719675,71.3320224418368,92.83096,97.3086,0.10572778809025345,0.10610834837290165,0.10263584446920956,0,forward
36.128,68.3915574045502,65.49919911909086,92.93144,97.40908,0.10718180035145061,0.10632303876861145,0.10294258084656521,0,forward
36.160000000000004,66.68206771140855,72.56765970596567,93.02564,97.50328,0.10487150442522239,0.10603273189993365,0.10239436351205057,0,forward
36.192,64.0939516872586,75.74440853017796,93.11984,97.59748,0.10273242006565998,0.10537266953307892,0.10127620602375165,0,forward
36.224000000000004,66.47038334806426,74.52401934247386,93.21404,97.69168,0.10354377311749162,0.10500689024996146,0.10084931029187601,0,forward
36.256,66.24826629621387,70.82547611317835,93.31452,97.79216,0.1060828741425203,0.10522208702847323,0.1014023874287576,0,forward
36.288000000000004,71.8383017938313,69.79558209204846,93.40872,97.88636,0.10537525651284667,0.10525272092534793,0.10158642904320041,0,forward
36.32,64.35974101335361,66.67369065286437,93.50292,97.98056,0.10908568488855666,0.10601931371798969,0.1030338254078362,0,forward
36.352000000000004,64.77254092875589,66.87725608231155,93.6034,98.07476,0.10893449691784433,0.10660235035796062,0.10386720787360497,0,forward
36.384,70.69849557942662,64.21699793814719,93.6976,98.17524,0.10617226096704527,0.10651633247977756,0.10341243282462048,0,forward
36.416000000000004,66.03915075961459,68.0790644354699,93.7918,98.26944,0.10664424696604914,0.10654191537703189,0.10333098589644309,0,forward
36.448,65.83534578460394,71.55503304059826,93.886,98.36364,0.1055722114864635,0.10634797459891822,0.10289465312146802,0,forward
36.480000000000004,62.89554522924477,66.30895271605579,93.98648,98.46412,0.10696205067280407,0.1064707898136954,0.10302994235433177,0,forward
36.512,69.48158685890701,66.25281465580271,94.08068,98.55832,0.10703659451449439,0.1065839507538552,0.10322608701149877,0,forward
36.544000000000004,69.2825840048871,62.352564652111056,94.17488,98.65252,0.10717928086960368,0.1067030167770049,0.10340307982730121,0,forward
36.576,71.07542401660042,70.60104361854677,94.26908,98.74672,0.10590736451113249,0.10654388632383043,0.10306098996390853,0,forward
36.608000000000004,68.9996032835579,64.6546052622394,94.36955999999999,98.8472,0.10738283624521301,0.10671167630810695,0.10328743738033201,0,forward
36.64,62.69224809882367,70.88789988177122,94.46376,98.9414,0.10603898664198295,0.10657713837488215,0.10303393192361136,0,forward
36.672000000000004,62.74238089906728,65.10396476210013,94.55796,99.0356,0.10830303113319074,0.10692231692654389,0.10368235779231928,0,forward
36.704,68.11690836685597,68.91866169022627,94.65844,99.1298,0.10464916173007784,0.10646768588725068,0.10274814485344073,0,forward
36.736000000000004,67.86670676173294,71.17287796238766,94.75264,99.23028,0.10583909108339432,0.10634196692647942,0.10257492196942686,0,forward
36.768,62.49923396864617,69.02509704557693,94.84684,99.32448,0.107364466235554,0.10654646678829434,0.10305154364965399,0,forward
36.800000000000004,65.03792540646032,68.418526871355,94.94104,99.41868,0.10780325298517718,0.1067978240276709,0.10351461067960091,0,forward
36.832,62.83720741116656,60.82567527356656,95.04152,99.51916,0.10805070616325937,0.10704840045478861,0.10381781449452601,0,forward
36.864000000000004,67.11738112273346,65.76928863445917,95.13572,99.61336,0.10871105548939294,0.10738093146170949,0.1043315863127561,0,forward
36.896,62.226774376626,67.64252098043379,95.22991999999999,99.70756,0.10648848403317869,0.10720244197600333,0.10386504244017827,0,forward
36.928,65.39839255343462,66.97536809036312,95.32412,99.80176,0.10763895283580101,0.10728974414796287,0.1039778055984611,0,forward
36.96,72.82819763575093,66.6903485940901,95.4246,99.90224,0.10469272194215251,0.1067703397068008,0.10291204306209438,0,forward
36.992,66.19895082464939,66.05265895592561,95.5188,99.99644,0.10778067120007466,0.10697240600545557,0.10341699713803791,0,forward
37.024,67.64327127701574,71.33023521098207,95.613,100.09064,0.1057290367499467,0.10672373215435381,0.10300603402243087,0,forward
37.056,67.90717972737195,67.08117322144406,95.71348,100.19112,0.10793807080881172,0.1069665998852454,0.10345108680613221,0,forward
37.088,64.04101014739585,69.4286653732143,95.80768,100.28532,0.10707450247272346,0.10698818040274102,0.10350993408857033,0,forward
37.12,61.15256134111388,68.8948092608349,95.90188,100.37952,0.10742471887050188,0.10707548809629319,0.10367316656209634,0,forward
37.152,68.20344856600484,69.54464247534621,95.99608,100.47372,0.10699146245000216,0.10705868296703498,0.10362270237421758,0,forward
37.184,68.03909155944162,64.86304837685029,96.09656,100.5742,0.10807956082043085,0.10726285853771417,0.10389751892069363,0,forward
37.216,65.24910118398778,72.51140585277335,96.19076,100.6684,0.10491018629416855,0.10679232408900505,0.10302104586507514,0,forward
37.248,68.82370052501565,63.76243487828506,96.28496,100.7626,0.10750975781112615,0.10693581083342928,0.10338989208948608,0,forward
37.28,61.894693855981224,66.27222282448727,96.37916,100.8568,0.10750145166660258,0.10704893900006394,0.10362362062287304,0,forward
37.312,67.95724053589281,65.20071840711154,96.47964,100.95728,0.10576459634907429,0.10679207046986602,0.10306875465484076,0,forward
37.344,66.56369880922996,72.14189118872032,96.57384,101.05148,0.10516498694073173,0.10646665376403917,0.10258047693113514,0,forward
37.376,70.29152974541553,68.96339610088441,96.66804,101.14568,0.10645975875754943,0.10646527476274123,0.10273099020210763,0,forward
37.408,63.940949231051164,65.66223067148417,96.76852,101.24616,0.10881795891264091,0.10693581159272117,0.10358980608988877,0,forward
37.44,60.21809260914179,66.64438919246939,96.86272,101.34036,0.1061477649982898,0.1067782022738349,0.10326694542373502,0,forward
37.472,68.64618142973062,69.09270280965485,96.95692,101.43456,0.10191871616437306,0.10580630505194255,0.10154466327860609,0,forward
37.504,68.70024798551535,62.73849160445121,97.05112,101.52876,0.10682825074029387,0.10601069418961281,0.1021982796733006,0,forward
37.536,69.6084733610744,64.29502602377389,97.1516,101.62924,0.10694581423462965,0.10619771819861619,0.10257723313828844,0,forward
37.568,67.17536720034656,68.9784180135684,97.2458,101.72344,0.10739810647299786,0.10643779585349253,0.10306507869448042,0,forward
37.6,68.19891520213484,73.79718434458016,97.34,101.81764,0.10403311392328388,0.10595685946745081,0.10217261583519056,0,forward
37.632,64.53195848795612,66.14182762398744,97.44048,101.91184,0.10592969354486327,0.10595142628293332,0.10223803959606535,0,forward
37.664,65.47590829701657,66.52116009975607,97.53468,102.01232,0.10662732484755509,0.10608660599585767,0.1025299564942882,0,forward
37.696,71.12218185048677,67.52443790172504,97.62888,102.10652,0.1058745963304689,0.10604420406277994,0.10248893022528932,0,forward
37.728,70.42716863378456,69.92758150132045,97.72308,102.20072,0.10636376490574023,0.106108116231372,0.10263785027255777,0,forward
37.76,63.860019197968576,67.29443215329736,97.82356,102.3012,0.10613403767476126,0.10611330052004984,0.10256849914572208,0,forward
37.792,60.902774474196846,66.24514858912855,97.91776,102.3954,0.10713658430213696,0.10631795727646728,0.10296578142356104,0,forward
37.824,65.50032910270798,71.72063288783369,98.01196,102.4896,0.10545698166068633,0.10614576215331109,0.10261900395809329,0,forward
37.856,65.47796897057279,70.05406138910253,98.10616,102.5838,0.10662823686265102,0.10624225709517908,0.10281607318647477,0,forward
37.888,71.94767825920297,72.04015669952393,98.20664,102.68428,0.10523535589101442,0.10604087685434616,0.10236091280007567,0,forward
37.92,59.52791276573534,59.09462207664746,98.30084,102.77848,0.10812314778516467,0.10645733104050988,0.10318600829314899,0,forward
37.952,64.58454812598701,64.56698137741265,98.39504,102.87268,0.11066189442358695,0.10729824371712529,0.10462503228051835,0,forward
37.984,64.88795426888022,64.93216755146877,98.49552,102.96688,0.10578113971906737,0.10699482291751371,0.10375863875373001,0,forward
38.016,69.18299033291368,66.11674057843902,98.58972,103.06736,0.1049275797051905,0.10658137427504907,0.10289684293008551,0,forward
38.048,68.64826939354596,69.80206962016807,98.68392,103.16156,0.10680760312970936,0.10662662004598114,0.10305863356653572,0,forward
38.08,62.31403427875938,65.6788388160467,98.77812,103.25576,0.10689442828911316,0.10668018169460755,0.10319356725338322,0,forward
38.112,66.15288723206044,61.77965757680129,98.8786,103.35624,0.10947440247687562,0.10723902585106117,0.10412183728690358,0,forward
38.144,67.6190544171583,66.86729091409052,98.9728,103.45044,0.1057477916815887,0.10694077901716667,0.10346507894890704,0,forward
38.176,66.16579493903188,69.82699966450211,99.067,103.54464,0.10470160797264794,0.10649294480826293,0.10266880602401621,0,forward
38.208,62.062291756506106,66.83241389084537,99.1612,103.63884,0.10699502841168229,0.10659336152894681,0.10297943913417175,0,forward
38.24,63.76913245995034,68.6873546699119,99.26168,103.73932,0.10600328988073106,0.10647534719930367,0.10274086982510122,0,forward
38.272,69.76221485851725,71.48065976246951,99.35588,103.83352,0.1056240448456518,0.1063050867285733,0.10253452029284706,0,forward
38.304,62.92178495697492,68.52871963467653,99.45008,103.92772,0.10518197828141784,0.10608046503914222,0.102243723349627,0,forward
38.336,70.54317737611099,66.22007344951443,99.55056,104.0282,0.1056880547905389,0.10600198298942157,0.10215579443213504,0,forward
38.368,68.36991619106368,65.91158716636863,99.64476,104.1224,0.10698347128567852,0.10619828064867297,0.10264607740044852,0,forward
38.4,70.39355540255465,75.16198928411806,99.73896,104.2166,0.10311803859837285,0.10558223223861295,0.10157589226456602,0,forward
38.432,66.14012683908534,65.68228122107344,99.83316,104.3108,0.10774323591228696,0.10601443297334776,0.10254612100249547,0,forward
38.464,72.8663334450763,70.59145291977605,99.93364,104.41128,0.10466660408093505,0.10574486719486523,0.10198391338828355,0,forward
38.496,64.91871881052434,68.51905597169349,100.02784,104.50548,0.10773028346644938,0.10614195044918207,0.1028033251583623,0,forward
38.528,66.45183506359541,63.776043164040836,100.12204,104.59968,0.10524541140654615,0.1059626426406549,0.10243895223458814,0,forward
38.56,68.69971145677906,68.69144492556248,100.21624,104.69388,0.10759940179608586,0.1062899944717411,0.10304845354444787,0,forward
38.592,69.56711792073206,69.53960010749034,100.31672,104.79436,0.1061184991456032,0.10625569540651353,0.10282643389170812,0,forward
38.624,66.51064602428097,65.61737869319852,100.41092,104.88856,0.10461819343447668,0.10592819501210617,0.1022290765030738,0,forward
38.656,68.06100574679853,66.82611967854947,100.50512,104.98276,0.10806356419975867,0.10635526884963668,0.10308005707699293,0,forward
38.688,65.07144127058724,63.71012086679999,100.6056,105.08324,0.10327547909654318,0.10573931089901799,0.10182818176669274,0,forward
38.72,66.6266054514981,62.398532269495554,100.6998,105.17744,0.10158419784015611,0.10490828828724562,0.10050150387062864,0,forward
38.752,66.7940511932138,63.513685296449296,100.794,105.27164,0.10875072916509819,0.10567677646281613,0.1022175824672997,0,forward
38.784,67.02287461437056,68.61253912287276,100.8882,105.36584,0.10766251686724233,0.10607392454370138,0.10292900262393895,0,forward
38.816,67.7302810830607,66.51610595396043,100.98868,105.46632,0.10767206583689792,0.1063935528023407,0.10330635419452736,0,forward
38.848,61.3181098861487,72.36230506761162,101.08288,105.56052,0.10501285073693202,0.10611741238925897,0.10267845069061478,0,forward
38.88,68.07783483949842,68.36812501690937,101.17708,105.65472,0.1070486066305589,0.10630365123751896,0.10300482332842877,0,forward
38.912,62.157272015526296,70.05090715716841,101.27756,105.74892,0.10663047830321384,0.10636901665065794,0.10302316389972625,0,forward
38.944,74.90956768242411,62.645372008478596,101.37176,105.8494,0.10328606708658025,0.10575242673784241,0.10183677318866252,0,forward
38.976,68.39612846344401,71.80744827191089,101.46596,105.9436,0.10539667310224132,0.1056812760107222,0.10187286547180172,0,forward
39.008,65.84003858551249,58.11501761674033,101.56016,106.0378,0.1088750091898392,0.10632002264654561,0.10314216765393751,0,forward
39.04,61.20350754634116,61.889900110899276,101.66064,106.13828,0.10664551146315569,0.10638512040986764,0.10307538036408523,0,forward
39.072,72.71519456458927,72.84989526885836,101.75484,106.23248,0.10467786040583464,0.10604366840906106,0.10241021216146047,0,forward
39.104,67.52033751788404,70.36463054709894,101.84904,106.32668,0.10640800261194601,0.10611653524963804,0.10260318204405698,0,forward
39.136,68.12836868832031,62.395552938549805,101.94324,106.42088,0.10801442115160198,0.10649611243003085,0.10330253060713841,0,forward
39.168,66.60504565395462,73.14588281416523,102.04372,106.52136,0.104475547797881,0.10609199950360089,0.10240088616682021,0,forward
39.2,61.08365916281056,67.01751867762565,102.13792,106.61556,0.10834346863717395,0.10654229333031551,0.10329059251162911,0,forward
39.232,68.1844172972802,68.23701425259627,102.23212,106.70976,0.10624987227730685,0.10648380911971378,0.1031115080803912,0,forward
39.264,66.84153597277603,68.7707193643159,102.3326,106.80396,0.10754804485967792,0.10669665626770662,0.10342035319611755,0,forward
39.296,64.07289725502257,66.26756763947806,102.4268,106.90444,0.1064561419295324,0.10664855340007179,0.10322736972145424,0,forward
39.328,68.38163671874307,66.10255217638846,102.521,106.99864,0.10783005467400222,0.10688485365485788,0.1036370476381609,0,forward
39.36,69.46042861759621,67.2520424717924,102.6152,107.09284,0.10526843092918502,0.10656156910972331,0.10298223424337181,0,forward
39.392,74.70802272541745,65.60703158321513,102.71568,107.19332,0.10342062239653531,0.10593337976708572,0.10181740338956956,0,forward
39.424,72.00433992642799,64.09021267440424,102.80988,107.28752,0.10526015249133151,0.10579873431193489,0.10181152550760281,0,forward
39.456,64.02045877826818,66.69206420753949,102.90408,107.38172,0.10792150310525427,0.10622328807059876,0.1027612024238629,0,forward
39.488,60.92933602769514,67.23789500401448,102.99828,107.47592,0.1080901389014199,0.10659665823676301,0.10343106544676174,0,forward
39.52,68.66580992467685,73.15938637556381,103.09876,107.5764,0.10446633653105808,0.10617059389562203,0.10248007242114053,0,forward
39.552,67.2944149356518,62.52741487524023,103.19296,107.6706,0.10742405445355413,0.10642128600720846,0.10301202260015588,0,forward
39.584,66.894405222598,64.6024737774463,103.28716,107.7648,0.10825574938103129,0.10678817868197303,0.10365135860422411,0,forward
39.616,68.84822854373074,64.76507836985299,103.38764,107.86528,0.10666026362657119,0.10676259567089268,0.10340743487632297,0,forward
39.648,66.04356021447168,70.58168718069768,103.48184,107.95948,0.10625462032976185,0.10666100060266652,0.10318819180922807,0,forward
39.68,63.77335560042661,66.80571478722699,103.57604,108.05368,0.10680987803658888,0.10669077608945099,0.1032464195069709,0,forward
39.712,68.91311364592818,66.45865559424033,103.67024,108.14788,0.10638420530928942,0.10662946193341868,0.10313128621456019,0,forward
39.744,64.11053053065724,64.30673656104105,103.77072,108.24836,0.11087493474867736,0.10747855649647044,0.10458362018937087,0,forward
39.776,62.81269119239257,62.83955145664237,103.86492,108.34256,0.10865178078489902,0.10771320135415617,0.10480180070909541,0,forward
39.808,64.33414756828061,68.35975411811678,103.95912,108.43676,0.10669089353894429,0.10750873979111379,0.10423931370732151,0,forward
39.84,63.60930684686572,69.79971842975132,104.05332,108.53096,0.10554196735316589,0.10711538530352421,0.10346673042882928,0,forward
39.872,64.77958782687486,73.2439852430242,104.1538,108.63144,0.10440866553180647,0.10657404134918066,0.1024822990813942,0,forward
39.904,59.96233883443525,64.1351053589111,104.248,108.72564,0.10724832529272871,0.10670889813789028,0.10295049524047206,0,forward
39.936,67.50043125221954,67.41929690664064,104.3422,108.81984,0.10544507159165543,0.10645613282864332,0.10260492729342109,0,forward
39.968,66.36933333479536,64.22445533513411,104.44268,108.92032,0.1070618752371043,0.10657728131033552,0.10287977590304319,0,forward
40.0,66.21157439922492,69.82546661066009,104.53688,109.01452,0.10679092387930264,0.10662000982412895,0.10304170546340838,0,forward
40.032000000000004,66.11168703708556,64.40171187039586,104.63108,109.10872,0.10659717708545317,0.1066154432763938,0.10307621127758558,0,forward
40.064,70.71221881021272,67.76481485244734,104.72528,109.20292,0.10616259336045149,0.10652487329320534,0.10294266221358075,0,forward
40.096000000000004,63.34954187345649,68.53302148250972,104.82576,109.3034,0.10429753680022247,0.10607940599460877,0.10210616956191217,0,forward
40.128,67.99612307730531,66.36344924832349,104.91996,109.3976,0.10811094011998174,0.10648571281968337,0.10301815525987772,0,forward
40.160000000000004,73.25483430559717,65.38376607011881,105.01416,109.4918,0.10440127433823893,0.1060688251233945,0.10227439933166728,0,forward
40.192,69.33996978314165,64.72949451441262,105.11464,109.586,0.10713809587101022,0.10628267927291765,0.10273627766481779,0,forward
40.224000000000004,66.27027951705489,61.93091318657869,105.20884,109.68648,0.10926097795558538,0.1068783390094512,0.10379322316487663,0,forward
40.256,68.71258495196972,70.36464551690054,105.30304,109.78068,0.10562903332517927,0.10662847787259683,0.10321164724341486,0,forward
40.288000000000004,64.16072934367813,62.07097568171441,105.39724,109.87488,0.10624797282361592,0.10655237686280065,0.10306016505842787,0,forward
40.32,71.76298583562317,65.38714069052831,105.49772,109.97536,0.10328737516311509,0.10589937652286355,0.10181967807024776,0,forward
40.352000000000004,68.43245057987639,66.48622822863308,105.59192,110.06956,0.10725130670527336,0.10616976255934552,0.10252633133588757,0,forward
40.384,64.43146435799586,68.36085331149891,105.68612,110.16376,0.10784516024861591,0.1065048420971996,0.10319257324717737,0,forward
40.416000000000004,66.57201194598011,68.17994261057989,105.78032,110.25796,0.1079768268101463,0.10679923903978894,0.10366729949295012,0,forward
40.448,62.62349840866443,70.8755741468128,105.8808,110.35844,0.10331518803352273,0.1061024288385357,0.10221926616925393,0,forward
40.480000000000004,68.02296782343599,68.62663893685887,105.975,110.45264,0.10653548351347297,0.10618903977352316,0.10252631489686144,0,forward
40.512,67.77204160818555,69.56392907683046,106.0692,110.54684,0.10654653216659705,0.10626053825213794,0.102727319357214,0,forward
40.544000000000004,68.67917548825,64.7049108611285,106.16968,110.64104,0.10526032313624058,0.10606049522895847,0.10235420936681251,0,forward
40.576,66.15813725803173,65.94239737630393,106.26388,110.74152,0.1040092380764936,0.10565024379846549,0.10166655816198969,0,forward
40.608000000000004,66.63758833502584,64.80636918229305,106.35808,110.83572,0.10902274117316677,0.10632474327340574,0.1030626976007916,0,forward
40.64,59.14683031325417,66.93478220352438,106.45228,110.92992,0.10428904080534482,0.10591760277979356,0.10226277552907517,0,forward
40.672000000000004,68.21625839378027,67.67773296285858,106.55276,111.0304,0.10340083293585761,0.10541424881100638,0.10134860648152522,0,forward
40.704,62.68404277680232,70.95778312984822,106.64695999999999,111.1246,0.10598989775994126,0.10552937860079335,0.10177211540670461,0,forward
40.736000000000004,64.5148602467559,65.67029764159817,106.74116,111.2188,0.10786911946222573,0.10599732677307984,0.10271714445329323,0,forward
40.768,69.23184624687092,70.60257971995189,106.83536,111.313,0.10623988001900285,0.10604583742226445,0.10273992232749292,0,forward
40.800000000000004,68.56657773917384,66.84533172602933,106.93584,111.41348,0.10700173759687509,0.10623701745718658,0.10294486317949067,0,forward
40.832,65.1377529426598,65.53214825940115,107.03004,111.50768,0.10695343049625,0.10638030006499928,0.10314169395600531,0,forward
40.864000000000004,62.15781849109129,67.61178045331471,107.12424,111.60188,0.10839243284556366,0.10678272662111216,0.10378354210108734,0,forward
40.896,67.21282110470752,75.25888458716679,107.22472,111.69608,0.10305368380395095,0.10603691805767992,0.10224148707368039,0,forward
40.928000000000004,68.5619232119949,59.324132317710735,107.31892,111.79656,0.10672852236277565,0.10617523891869907,0.1025684236627939,0,forward
40.96,66.29838880796328,73.08836483703642,107.41312,111.89076,0.10451480108911025,0.10584315135278131,0.10202645930131997,0,forward
40.992,66.58379687196037,70.09699148590228,107.50731999999999,111.98496,0.10495989165432845,0.10566649941309075,0.1018381148388415,0,forward
41.024,64.44379172148754,58.547157495045255,107.6078,112.08544,0.10439650991955214,0.10541250151438304,0.10143279251421608,0,forward
41.056,71.52187235095883,66.24044329477393,107.702,112.17964,0.10524470696518286,0.10537894260454302,0.10155917091299745,0,forward
41.088,67.79293934051542,63.804409272656095,107.7962,112.27383999999999,0.10764074755311749,0.10583130359425792,0.10249867297124098,0,forward
41.12,64.85790861022838,65.40819255388804,107.8904,112.36804,0.10541358101125034,0.1057477590776564,0.10230369203341078,0,forward
41.152,67.74240003504787,66.09792571586789,107.99088,112.46852,0.10655855814364557,0.10590991889085424,0.10250614329654234,0,forward
41.184,65.40345388950506,70.42174868069863,108.08508,112.56272,0.10636759737425551,0.1060014545875345,0.10265026964159558,0,forward
41.216,65.79914669642771,73.02841433922991,108.17928,112.65692,0.10455574586646088,0.10571231284331978,0.10209365211510035,0,forward
41.248,62.75918433468903,68.74882475605347,108.27976,112.7574,0.10756387505070938,0.1060826252847977,0.10273151416056046,0,forward
41.28,66.84361221503919,58.79538866693258,108.37396,112.8516,0.10829050490472404,0.10652420120878298,0.10348379586586587,0,forward
41.312,65.18945252489422,67.20164885445884,108.46816,112.9458,0.10710580102364992,0.10664052117175638,0.10354213782284696,0,forward
41.344,70.68764889233775,68.39803962486148,108.56236,113.04,0.10533139130068374,0.10637869519754185,0.10294388261748119,0,forward
41.376,62.16968750563729,66.2101168596637,108.66284,113.14048,0.1086814210944907,0.10683924037693163,0.10367751247909182,0,forward
41.408,65.27527744948291,63.7236782036563,108.75704,113.23468,0.10610635262656345,0.106692662826858,0.10330839403947122,0,forward
41.44,63.72820512144261,68.48325593887058,108.85124,113.32888,0.1056705471699814,0.1064882396954827,0.10291538447123709,0,forward
41.472,65.36235058449674,66.34237222049242,108.95172,113.42308,0.10243364458522698,0.10567732067343155,0.10146221974274744,0,forward
41.504,62.362556076642264,65.14354333725908,109.04592,113.52356,0.1090153049566464,0.10634491753007452,0.10288759192587323,0,forward
41.536,68.46391026555898,64.56516251798197,109.14012,113.61776,0.10728589358750092,0.1065331127415598,0.10322404798152926,0,forward
41.568,69.52262394520173,72.75611044984336,109.23432,113.71196,0.10371638805602426,0.1059697678044527,0.10216116373243603,0,forward
41.6,69.27300732509443,65.42758986408803,109.3348,113.81244,0.10480370364503212,0.1057365549725686,0.1017859869307676,0,forward
41.632,65.35346699519177,75.3142392515193,109.429,113.90664,0.1030169550268295,0.1051926349834208,0.10098772176144226,0,forward
41.664,65.55348755076149,65.25623055223066,109.5232,114.00084,0.10634157509993125,0.10542242300672289,0.10166651143837806,0,forward
41.696,58.36463620051087,65.53837391334238,109.6174,114.09504,0.10486709192563252,0.10531135679050482,0.10157387481716974,0,forward
41.728,66.59890727656698,70.01233881273536,109.71788,114.19552,0.10625405256090902,0.10549989594458567,0.10192869719239891,0,forward
41.76,65.54225377188097,66.93559351318407,109.81208,114.28972,0.10508661644550378,0.10541724004476931,0.10182077686113249,0,forward
41.792,73.63944742347022,70.3097412482277,109.90628,114.38392,0.10413665250609852,0.10516112253703516,0.10141118803340494,0,forward
41.824,66.13361525717616,68.93215467020585,110.00676,114.47812,0.10743146794209935,0.10561519161804801,0.10228742111337821,0,forward
41.856,64.2853023807412,65.18826157890327,110.10096,114.5786,0.10547124111670525,0.10558640151777947,0.102147470961683,0,forward
41.888,68.80791196235616,62.44490050033659,110.19516,114.6728,0.10462870065395188,0.10539486134501395,0.10179712147304844,0,forward
41.92,65.45104489811968,71.09557185955916,110.28936,114.767,0.10589324229085771,0.10549453753418273,0.10202531895404997,0,forward
41.952,65.3920029501645,70.636144852509,110.38984,114.86748,0.10621620737616416,0.10563887150257902,0.1022048497261335,0,forward
41.984,63.17544293674953,66.63464643006313,110.48404,114.96168,0.1047972026247888,0.10547053772702097,0.10189431096733359,0,forward
42.016,70.66181375738437,65.095225938594,110.57824,115.05588,0.1061981108614909,0.10561605235391497,0.10219691104946266,0,forward
42.048,72.36907347987753,65.90007779563066,110.67244,115.15008,0.10500818594340948,0.10549447907181388,0.10196480275260492,0,forward
42.08,63.873750323202195,64.528270838451,110.77292,115.25056,0.10621473337150088,0.1056385299317513,0.10216548583860526,0,forward
42.112,67.54619642843527,68.4090123384609,110.86712,115.34476,0.10755740682842693,0.10602230531108643,0.10285791353978391,0,forward
42.144,62.61433106405133,62.956311039609005,110.96132,115.43896,0.10615799125539532,0.10604944249994822,0.1028009225537783,0,forward
42.176,63.77396958936935,69.68833483227878,111.0618,115.53316,0.10628217874709846,0.10609598974937827,0.10276753116858994,0,forward
42.208,69.20221001050224,63.64577330942825,111.156,115.63364,0.10540812885867544,0.10595841757123771,0.10243296751125694,0,forward
42.24,72.0538282725031,65.3545167495022,111.2502,115.72784,0.10522589389413872,0.10581191283581792,0.10219428572142117,0,forward
42.272,65.02446405103427,65.82968538916181,111.3444,115.82204,0.10730559137863942,0.10611064854438224,0.10278618085557821,0,forward
42.304,69.37334163339493,66.96064156277768,111.44488,115.92252,0.10711415989654027,0.10631135081481385,0.10301482537957084,0,forward
42.336,65.70886512021285,70.78823910545931,111.53908,116.01672,0.10501153605303949,0.10605138786245899,0.10249089328488652,0,forward
42.368,70.66861145146196,67.26089371435715,111.63328,116.11092,0.10619331953659385,0.10607977419728597,0.10257804670751283,0,forward
42.4,66.70130802479873,68.19478871857258,111.72748,116.20512,0.10653674864065055,0.10617116908595889,0.10275701283288913,0,forward
42.432,68.17239845857587,63.0196787163068,111.82796,116.3056,0.10781797572351415,0.10650053041346993,0.10324825436934151,0,forward
42.464,66.28741470804935,72.17353531199919,111.92216,116.3998,0.10514311813283062,0.10622904795734209,0.10268783484822729,0,forward
42.496,68.45780196940919,69.87628030482414,112.01636,116.494,0.10675471774091662,0.10633418191405701,0.10290555762123825,0,forward
42.528,68.58061322055005,65.36835204684513,112.11684,116.59448,0.10768565059191085,0.10660447564962779,0.10329617538282415,0,forward
42.56,67.90619988845181,70.83503584683359,112.21104,116.68868,0.10607615074422963,0.10649881066854816,0.1030528537915118,0,forward
42.592,73.48076225272024,66.7480703578512,112.30524,116.78288,0.10331586069624231,0.105862220674087,0.10190780919841402,0,forward
42.624,65.48792748856364,67.8347132203184,112.39944,116.87708,0.1082289785089593,0.10633557224106147,0.10293314714443295,0,forward
42.656,65.42241474655906,67.3533337076324,112.49992,116.97756,0.10684574839947301,0.10643760747274378,0.1030129794324188,0,forward
42.688,69.15512362278713,68.64863965880693,112.59412,117.07176,0.10414063057815454,0.10597821209382594,0.10217770018358191,0,forward
42.72,67.29403997608655,66.89817069373912,112.68832,117.16596,0.10360717149976208,0.10550400397501318,0.10145055029543318,0,forward
42.752,66.89531061566744,74.44495833454678,112.78252,117.26016,0.10359677759983614,0.10512255869997778,0.10098018366554655,0,forward
42.784,69.08860416645561,62.356342378235155,112.883,117.36064,0.10731873230321612,0.10556179342062545,0.10192912996655741,0,forward
42.816,63.47226107131499,67.53148107151735,112.9772,117.45484,0.10721993594414723,0.10589342192532981,0.10258533244921436,0,forward
42.848,68.28028808815897,59.89196311351641,113.0714,117.54904,0.10790375582820096,0.10629548870590405,0.1032514290749715,0,forward
42.88,67.67070536572092,66.13858275467217,113.17188,117.64952,0.10820828606626147,0.10667804817797555,0.10370537388495805,0,forward
42.912,71.20705237231033,59.90050702622189,113.26608,117.74372,0.10581517031761138,0.10650547260590272,0.1032219556195038,0,forward
42.944,67.51566929740834,63.277729754737635,113.36028,117.83792,0.1079175446878428,0.10678788702229075,0.10366491713892988,0,forward
42.976,65.87689889220933,65.30523845792939,113.45448,117.93212,0.10802932314742979,0.10703617424731857,0.10398922982027989,0,forward
43.008,66.76921099134775,70.80023451585753,113.55496,118.0326,0.10568518209966159,0.10676597581778718,0.10327493083382148,0,forward
43.04,70.55499783511958,69.27046753967264,113.64916,118.1268,0.10627345641173873,0.1066674719365775,0.10310990651188937,0,forward
43.072,66.48012392633366,67.71014388125863,113.74336,118.221,0.10585135847839278,0.10650424924494056,0.10285278362275067,0,forward
43.104,71.43263627353913,68.48635852687312,113.84384,118.3152,0.10565754115974398,0.10633490762790125,0.10257703147317963,0,forward
43.136,72.59591515809126,61.87320232217517,113.93804,118.41568,0.10485208587283482,0.10603834327688796,0.10211150916507175,0,forward
43.168,67.5086213669783,64.12213876572314,114.03224,118.50988,0.1084682363086732,0.10652432188324502,0.10314958597393792,0,forward
43.2,61.76963613034194,67.59847865284453,114.12644,118.60408,0.10701336763377237,0.1066221310333505,0.10329454619290473,0,forward
43.232,69.37677427763563,72.6570756873631,114.22692,118.70456,0.10481007793420266,0.10625972041352094,0.10251561018298527,0,forward
43.264,70.92886738303046,71.51406307106768,114.32112,118.79876,0.10560075860743831,0.10612792805230442,0.10238161915151596,0,forward
43.296,63.32385946819458,66.63284913664371,114.41532,118.89296,0.10569507685294813,0.10604135781243317,0.10232942164671038,0,forward
43.328,67.94566503274048,72.37123020823158,114.50952,118.98716,0.10500669961208746,0.10583442617236404,0.10204930793590336,0,forward
43.36,65.5061078317934,61.16377447793828,114.61,119.08764,0.10742846673310716,0.10615323428451268,0.10265454556447019,0,forward
43.392,74.08836531778742,72.09594271786966,114.7042,119.18184,0.10383652242011952,0.10568989191163405,0.10183872891242807,0,forward
43.424,67.4005125082678,65.95772598405466,114.7984,119.27604,0.10851963882216042,0.10625584129373933,0.10299294665116066,0,forward
43.456,68.21825869080386,66.48383824346722,114.89888,119.37024,0.10724244314681361,0.1064531616643542,0.1032347831694746,0,forward
43.488,67.73067047438107,70.36418535888126,114.99308,119.47072,0.10416900522713997,0.10599633037691136,0.10228889752542428,0,forward
43.52,73.90064190003085,66.98275541231229,115.08728,119.56492,0.10396317911651799,0.1055897001248327,0.10164945277135362,0,forward
43.552,62.345658356608375,70.4651100420927,115.18148,119.65912,0.10633694412959915,0.105739148925786,0.10208951322484323,0,forward
43.584,69.39538463025005,69.25533168362149,115.28196,119.7596,0.10709835541171243,0.10601099022297128,0.10256208212464767,0,forward
43.616,65.71821978182959,68.6135694785342,115.37616,119.8538,0.1066615486474464,0.10614110190786631,0.10279147822978696,0,forward
43.648,70.72939739666322,65.08624366039419,115.47036,119.948,0.10615049403995165,0.10614298033428339,0.1027556022622868,0,forward
43.68,66.22583167377952,68.77028468673215,115.56456,120.0422,0.10754835909396453,0.10642405608621962,0.10323337486843993,0,forward
43.712,68.73853248297574,66.42869144433448,115.66504,120.14268,0.1075713181574608,0.10665350850046786,0.10346558915972395,0,forward
43.744,69.04622739087718,64.36404846252236,115.75924,120.23688,0.10635513514401462,0.10659383382917723,0.10326152207345457,0,forward
43.776,63.622818073754125,62.34789119059941,115.85344,120.33108,0.10628846740137136,0.10653276054361606,0.10310667934208297,0,forward
43.808,69.48812198069304,67.15974872839132,115.95392,120.43156,0.10703191523180994,0.10663259148125484,0.10319103808358321,0,forward
43.84,61.04004582410162,62.349913164585935,116.04812,120.52576,0.10674182994445482,0.10665443917389485,0.10322386733789668,0,forward
43.872,68.82291147482339,69.62472673254042,116.14232,120.61996,0.10650024084060587,0.10662359950723706,0.10315838413818992,0,forward
43.904,66.69694889257603,70.83443057463295,116.23652,120.71416,0.10607657640927808,0.10651419488764527,0.10296457980100367,0,forward
43.936,61.2344930403439,64.9225336296946,116.337,120.81464,0.10374895085571706,0.10596114608125963,0.10192369994059779,0,forward
43.968,65.7227318941802,64.44235128566207,116.4312,120.90884,0.10413320245812514,0.10559555735663273,0.10147600213477442,0,forward
44.0,67.48931390481985,66.16858671480466,116.5254,121.00304,0.10464091930793178,0.10540462974689255,0.10137058886133753,0,forward
44.032000000000004,63.81755040570376,68.31484635114897,116.6196,121.09724,0.10610771337858137,0.10554524647323031,0.10182843076973616,0,forward
44.064,64.48681382934674,66.6161323090603,116.72008,121.19772,0.10912850958496648,0.10626189909557754,0.10312185253515659,0,forward
44.096000000000004,68.93940398085276,66.65444400209415,116.81428,121.29192,0.1072049636676273,0.10645051200998751,0.10334538919790881,0,forward
44.128,65.84944701053439,70.12055183596897,116.90848,121.38612,0.10581856781672708,0.10632412317133542,0.102992155351268,0,forward
44.160000000000004,69.98107578874689,66.09678758738782,117.00896,121.4866,0.10668012558155343,0.10639532365337903,0.10299151187429194,0,forward
44.192,70.806111344119,65.20379286137506,117.10316,121.5808,0.10609649607296207,0.10633555813729564,0.10286462715908261,0,forward
44.224000000000004,62.15482392742764,65.60884040179985,117.19736,121.675,0.10988343809241836,0.1070451341283202,0.10413990049726142,0,forward
44.256,70.73259490721692,64.85348581062217,117.29156,121.7692,0.10614824225542432,0.10686575575374103,0.10362013532671026,0,forward
44.288000000000004,66.07315261376402,65.66281083311647,117.39204,121.86968,0.10818273567637633,0.1071291517382681,0.10393283471051114,0,forward
44.32,72.84829231670564,68.02503168664293,117.48624,121.96388,0.10467895818454802,0.10663911302752409,0.1029608702853161,0,forward
44.352000000000004,61.92676092869237,58.86208097383586,117.58044,122.05808,0.11128599379830953,0.10756848918168119,0.10470413999328457,0,forward
44.384,65.30393952220052,65.79054670297846,117.68092,122.15228,0.10750996233098672,0.1075567838115423,0.10442876931662748,0,forward
44.416000000000004,69.8657177820173,68.03704425170982,117.77512,122.25276,0.10676224180417514,0.10739787541006887,0.10398417573070254,0,forward
44.448,70.287310331328,70.39567150313566,117.86932,122.34696,0.10638604050294366,0.10719550842864384,0.10360539315871561,0,forward
44.480000000000004,70.47688303604188,66.70350106704436,117.96352,122.44116,0.1063286245513719,0.10702213165318945,0.10334174261107563,0,forward
44.512,67.27366918945462,72.81620511922493,118.064,122.54164,0.10470093788493856,0.10655789289953929,0.10250679787830946,0,forward
44.544000000000004,68.88870411569249,68.09004316460613,118.1582,122.63584,0.1074628199300288,0.10673887830563719,0.10304306148537787,0,forward
44.576,64.70668354618705,69.33868376005796,118.2524,122.73004,0.10515179862911214,0.10642146237033219,0.10255926372165008,0,forward
44.608000000000004,67.15479695662586,66.5413338794351,118.3466,122.82424,0.10872904132860875,0.10688297816198751,0.10353036444390029,0,forward
44.64,67.59718686971365,71.69035543350122,118.44708,122.92472,0.10547803091551301,0.10660198871269262,0.10290624397215813,0,forward
44.672000000000004,63.4662595874488,68.36885543630439,118.54128,123.01892,0.10772265287411543,0.10682612154497718,0.10339249011152316,0,forward
44.704,64.22343728379968,69.46513095619713,118.63548,123.11312,0.10704837909444596,0.10687057305487095,0.10346297120534367,0,forward
44.736000000000004,61.55311588383801,68.82191963307872,118.73596,123.20732,0.10615150493265008,0.10672675943042678,0.10314558099619668,0,forward
44.768,69.71541278840996,69.04813673205534,118.83016,123.3078,0.10686942447677385,0.1067552924396962,0.10319909834293155,0,forward
44.800000000000004,65.76462055326294,65.36007500346538,118.92436,123.402,0.1087003463364968,0.10714430321905632,0.1039306932707517,0,forward
44.832,67.29398974405635,70.67374254651722,119.01856,123.4962,0.10493709962999821,0.10670286250124471,0.10305197715939317,0,forward
44.864000000000004,67.5279824746254,68.87047650327924,119.11904,123.59668,0.10747597761365103,0.10685748552372598,0.10331502208153268,0,forward
44.896,65.49150213560165,69.28843421969178,119.21324,123.69087999999999,0.10717508079999363,0.10692100457897952,0.10345864852857174,0,forward
44.928000000000004,67.38546389987268,72.70149861096894,119.30744,123.78508,0.10477958727021086,0.10649272111722578,0.10269261602405684,0,forward
44.96,64.0362792371743,60.497643379330384,119.40164,123.87928,0.10733474620170083,0.10666112613412079,0.10311642549123459,0,forward
44.992000000000004,67.62696462231447,67.59852991508133,119.50212,123.97976,0.10301831150814907,0.10593256320892645,0.10175938868607057,0,forward
45.024,68.92096083156305,65.24312102956895,119.59632,124.07396,0.10511299641000053,0.10576864984914128,0.10172157523074024,0,forward
45.056,65.26060985911157,68.18192090615108,119.69052,124.16816,0.10527862630056763,0.10567064513942655,0.10175664689404118,0,forward
45.088,62.77111997314405,65.92056248030637,119.791,124.26864,0.10850273911576895,0.10623706393469504,0.10285159876894025,0,forward
45.12,68.88130576975131,66.17046106096267,119.8852,124.36284,0.10573206974085733,0.10613606509592749,0.10264428049079476,0,forward
45.152,69.76662746527478,58.14961221775681,119.9794,124.45704,0.10683287906519626,0.10627542788978125,0.10290560882810541,0,forward
45.184,71.43599398655483,65.6362908203024,120.0736,124.55123999999999,0.1056551984690017,0.10615138200562535,0.10265140132241617,0,forward
45.216,68.14900535396191,66.2514535916481,120.17408,124.65172,0.10676401883431715,0.10627390937136372,0.10280289094844451,0,forward
45.248,69.27378419748517,62.39426473027558,120.26828,124.74592,0.10718559917280876,0.10645624733165274,0.10313376053716647,0,forward
45.28,67.05984653115665,69.47134479873687,120.36248,124.84012,0.10704392886505436,0.10657378363833307,0.1032953391310871,0,forward
45.312,68.13773066253655,68.06500809504695,120.45668,124.93432,0.10800759488106791,0.10686054588688004,0.10374427161536973,0,forward
45.344,68.37197367431291,72.94198456736378,120.55716,125.0348,0.10461483186098419,0.10641140308170088,0.10273426968501286,0,forward
45.376,67.75491146236834,67.40295560873669,120.65136,125.129,0.10693013619647276,0.10651514970465527,0.10299820181578931,0,forward
45.408,68.81870195392288,70.04367306761677,120.74556,125.2232,0.10549271183319182,0.1063106621303626,0.10265261010415923,0,forward
45.44,68.05516544830401,64.09677650446883,120.84604,125.32368,0.1051616466669765,0.10608085903768538,0.10222960471687952,0,forward
45.472,67.7893276418354,67.13649028118894,120.94024,125.41788,0.10631180412276581,0.10612704805470147,0.10245281474668157,0,forward
45.504,63.20711480547633,70.96481273125464,121.03444,125.51208,0.10598496239307743,0.10609863092237667,0.1024789645700318,0,forward
45.536,66.97772837257224,66.37666990470512,121.12864,125.60628,0.10610033886757746,0.10609897251141684,0.1025370805165572,0,forward
45.568,66.06845778824791,69.03667888374693,121.22912,125.70676,0.10735612280035091,0.10635040256920365,0.1029416521643954,0,forward
45.6,66.14725957318733,68.9986044609361,121.32332,125.80096,0.10713483269814168,0.10650728859499126,0.10320462202332445,0,forward
45.632,64.90470448751695,60.079668517893765,121.41752,125.89516,0.10605107651723447,0.10641604617943991,0.10298511708444534,0,forward
45.664,66.59403069303137,64.9155472088412,121.518,125.98936,0.10841901972559437,0.10681664088867081,0.10365127606974034,0,forward
45.696,75.9252422841065,65.48609553160931,121.6122,126.08984,0.10261327650109982,0.10597596801115661,0.10199882709934313,0,forward
45.728,65.6264653900793,64.19025214685385,121.7064,126.18404,0.10508002113260553,0.1057967786354464,0.10186341937729693,0,forward
45.76,70.07776485745573,70.78236409750897,121.8006,126.27824,0.10611320558452719,0.10586006402526257,0.102146668647228,0,forward
45.792,66.82754340632403,67.83225713910646,121.90108,126.37872,0.10559052783021335,0.10580615678625273,0.1020585705397592,0,forward
45.824,64.42109633983071,65.04445590101523,121.99528,126.47292,0.10623571570472937,0.10589206856994807,0.10231579560644455,0,forward
45.856,67.58662179894198,65.43521951321102,122.08948,126.56712,0.1069121015383311,0.10609607516362468,0.10272318819071327,0,forward
45.888,66.07318517819158,72.45837467705829,122.18368,126.66132,0.10494667829098703,0.10586619578909716,0.10228050154228775,0,forward
45.92,64.11844266511982,67.22803376522315,122.28416,126.7618,0.10734853645717778,0.1061626639227133,0.10277427668496483,0,forward
45.952,65.0259673266954,68.06151730968676,122.37836,126.856,0.10801896007457583,0.10653392315308581,0.10341395540135363,0,forward
45.984,67.27283371470479,65.18434886336938,122.47256,126.9502,0.10479776787326202,0.10618669209712106,0.10267044788663011,0,forward
46.016,74.17982497203647,79.26656631702052,122.57304,127.0444,0.10046050699775845,0.10504145507724855,0.10059814206725536,0,forward
46.048,84.23222825005617,87.04026862237305,122.66724,127.14488,0.09578528657764018,0.10319022137732688,0.09759332238941366,0,forward
46.08,99.5436746850013,95.65566404665074,122.76144,127.23908,0.08911480745880382,0.10037513859362228,0.09331656142989436,0,forward
46.112,107.07821485883429,100.9552179721288,122.85564,127.33328,0.08552572522713722,0.09740525592032527,0.08928616658000929,0,forward
46.144,106.7491278566693,116.03029480013538,122.95612,127.43376,0.08162003743509623,0.09424821222327946,0.08521783105706321,0,forward
46.176,118.72033829347629,119.61928771983594,123.05032,127.52796,0.08015257534860996,0.09142908484834558,0.08216389605053212,0,forward
46.208,120.10329564631327,116.66293517532812,123.14452,127.62216,0.07995870307043984,0.08913500849276443,0.08013460016566845,0,forward
46.24,122.76397513954824,123.1257506206159,123.23872,127.71636,0.07876893968940296,0.08706179473209215,0.07840607315513831,0,forward
46.272,137.3011233591234,134.71881194664832,123.3392,127.81684,0.0736305443463242,0.08437554465493856,0.07537331708298615,0,forward
46.304,145.6201763628454,143.63000747143263,123.4334,127.91104,0.0709156435294536,0.08168356442984158,0.07253705298254576,1,start_turn_left
46.336,149.93128909634217,158.4814296618157,123.51504,127.8294,0.06709117780235209,0.07876508710434368,0.07253705298254576,1,forward
46.368,137.84666258328738,159.7506508824039,123.5904,127.75404,0.06673600234707139,0.07635927015288922,0.07253705298254576,1,forward
46.4,120.71510519376115,152.96784091651082,123.67204,127.6724,0.06867900709838297,0.07482321754198798,0.07253705298254576,1,forward
46.432,117.43931465978984,167.1110174384627,123.75368,127.59076,0.0647482259830217,0.07280821923019473,0.07253705298254576,1,forward
46.464,112.10266105881374,167.8746868593178,123.83532,127.50912,0.06454874518542857,0.0711563244212415,0.07253705298254576,1,forward
46.496,107.24146539130125,175.83479464388725,123.91068,127.43376,0.06254035938415423,0.06943313141382405,0.07253705298254576,1,forward
46.528,85.86793562922767,164.6651106639641,123.99232,127.35212,0.06539551126263866,0.06862560738358697,0.07253705298254576,1,forward
46.56,74.4077038989278,154.97336389075025,124.07396,127.27048,0.06809282437408151,0.06851905078168588,0.07253705298254576,1,forward
46.592,63.94297406932201,159.51859418561503,124.1556,127.18884,0.06633454834760025,0.06808215029486875,0.07253705298254576,1,forward
46.624,70.12503032905718,148.73048514948914,124.23096,127.11348,0.06622925916109486,0.06771157206811397,0.07253705298254576,1,forward
46.656,68.83302638689233,147.87612946346053,124.3126,127.03184,0.06242679565393335,0.06665461678527786,0.07253705298254576,1,forward
46.688,66.09983482280263,138.78760707888256,124.39424,126.9502,0.06193154341881145,0.06571000211198458,0.07253705298254576,1,forward
46.72,76.0463619958643,130.97557932669196,124.4696,126.87484,0.06084995693410681,0.06473799307640903,0.07253705298254576,1,forward
46.752,82.35117194222477,121.10836541921462,124.55123999999999,126.7932,0.06270611973252173,0.06433161840763157,0.07253705298254576,1,forward
46.784,95.5515374049201,114.18507332757734,124.63288,126.71156,0.060947228619306626,0.06365474044996658,0.07253705298254576,1,forward
46.816,105.99350236061784,107.72752835255744,124.71452,126.62992,0.06003502111589317,0.0629307965831519,0.07253705298254576,1,forward
46.848,113.61867393752387,103.90525377431432,124.78988,126.55456,0.06328811017490643,0.06300225930150281,0.07253705298254576,1,forward
46.88,108.7688234992262,98.56989144552979,124.87152,126.47292,0.06338762352280322,0.0630793321457629,0.07253705298254576,1,forward
46.912,116.89684710279666,65.9733654945029,124.95316,126.39128,0.0661476026324939,0.06369298624310911,0.07253705298254576,1,forward
46.944,111.37281275645317,64.83366472008872,125.0348,126.30964,0.0664955093055447,0.06425349085559623,0.07253705298254576,1,forward
46.976,122.86788457595361,70.15246102145457,125.11016,126.23428,0.07105333882142,0.06561346044876099,0.07253705298254576,1,forward
47.008,117.14426541872561,70.37722954288881,125.1918,126.15264,0.07173802362429146,0.06683837308386709,0.07253705298254576,1,forward
47.04,119.910471566772,62.982975717472634,125.27344,126.071,0.07150709816284918,0.0677721180996635,0.07253705298254576,1,forward
47.072,116.45089403492334,71.93864761389096,125.3488,125.98936,0.08144528981963126,0.07050675244365706,0.07253705298254576,1,forward
47.104,109.0649059918166,94.20498804253992,125.43044,125.914,0.08447475571941573,0.07330035309880881,0.07253705298254576,1,forward
47.136,115.51947759044096,101.94393478517924,125.51208,125.83236,0.08183327920666585,0.07500693832038022,0.07253705298254576,1,forward
47.168,112.8291835038971,107.56530428171939,125.59372,125.75072,0.08297499221468538,0.07660054909924124,0.07253705298254576,1,forward
47.2,110.17756461181291,113.73207983486297,125.67536,125.67536,0.08258828384869654,0.0777980960491323,0.07253705298254576,1,forward
47.232,103.2622897694252,114.97843191015478,125.75072,125.59372,0.08206035838555073,0.078650548516416,0.07253705298254576,1,forward
47.264,95.22641749295576,109.77210760466127,125.83236,125.51208,0.0843116525497607,0.07978276932308494,0.07253705298254576,1,forward
47.296,87.71508428364423,118.52649745736596,125.914,125.43044,0.08059377566682775,0.0799449705918335,0.07253705298254576,1,forward
47.328,78.63449011037036,116.36169753521969,125.98936,125.35508,0.081482286010133,0.08025243367549341,0.07253705298254576,1,forward
47.36,68.55136546995999,117.4867359723914,126.071,125.27344,0.08101809937370577,0.08040556681513589,0.07253705298254576,1,forward
47.392,68.40596380171156,110.41453998650887,126.15264,125.1918,0.08402719666856125,0.08112989278582097,0.07253705298254576,1,forward
47.424,67.20428126259728,120.28419193383564,126.23428,125.11016,0.07988648452737418,0.08088121113413162,0.07253705298254576,1,forward
47.456,68.57580225057694,110.87234686390636,126.30964,125.0348,0.08268885531826171,0.08124273997095764,0.07253705298254576,1,forward
47.488,70.3678392059299,110.27505583535847,126.39128,124.95316,0.08408879413938791,0.08181195080464371,0.07253705298254576,1,forward
47.52,67.87865419005803,112.05157364349745,126.47292,124.87152,0.08297770605033838,0.08204510185378265,0.07253705298254576,1,forward
47.552,67.23174454739228,109.34581681991246,126.54828,124.78988,0.07697842050088041,0.0810317655832022,0.07253705298254576,1,forward
47.584,68.64304283913262,102.73977989886556,126.62992,124.71452,0.08005066004515665,0.08083554447559309,0.07253705298254576,1,forward
47.616,66.83072905040335,94.92940260384812,126.71156,124.63288,0.08100139726764642,0.08086871503400375,0.07253705298254576,1,forward
47.648,70.27256678092712,88.44019916119251,126.7932,124.55123999999999,0.07902176216113091,0.08049932445942919,0.07253705298254576,1,forward
47.68,63.100569910133814,65.15391079713308,126.86856,124.47588,0.08231025642910211,0.08086151085336378,0.07253705298254576,1,forward
47.712,69.29691887108385,70.82477391466387,126.9502,124.39424,0.08116393197595423,0.08092199507788188,0.07253705298254576,1,forward
47.744,66.44675106116777,70.25219111307544,127.03184,124.3126,0.08084405760878724,0.08090640758406295,0.07253705298254576,1,forward
47.776,70.8377820337093,66.99602611172891,127.11348,124.23096,0.08366251029854828,0.08145762812696003,0.07253705298254576,1,forward
47.808,67.10391661673181,65.32164442775478,127.18884,124.1556,0.08392265993415408,0.08195063448839884,0.07253705298254576,1,forward
47.84,62.193467933998555,67.30959526140028,127.27048,124.07396,0.08423404622339206,0.08240731683539748,0.07253705298254576,1,forward
47.872,65.73929592462974,62.74707971567744,127.35212,123.99232,0.08678888941236113,0.08328363135079021,0.07253705298254576,1,forward
47.904,65.81597817000929,66.65485494328833,127.43376,123.91068,0.0867115522844698,0.08396921553752613,0.07253705298254576,1,forward
47.936,66.71608193020538,65.02962913907668,127.50912,123.83532,0.09143426853433667,0.08546222613688824,0.07253705298254576,1,forward
47.968,65.55177801231194,60.673150748645405,127.59076,123.75368,0.09696050271075529,0.08776188145166165,0.07253705298254576,1,forward
48.0,66.42101175248845,68.4639191292209,127.6724,123.67204,0.1077702925656558,0.0917635636744605,0.1077702925656558,0,normal_exit
48.032000000000004,64.1519586508598,69.3622224978707,127.7666,123.77252,0.10630711724188108,0.09467227438794461,0.10628200900243649,0,forward
48.064,72.56713333258479,70.18596852247259,127.8608,123.86672,0.10487186624344061,0.0967121927590438,0.10462987909380679,0,forward
48.096000000000004,62.48851888761397,61.389942854793404,127.96128,123.96092,0.10462260795648723,0.09829427579853249,0.1034769989764254,0,forward
48.128,69.46537198420106,66.29186638731274,128.05548,124.05512,0.10159301483499791,0.09895402360582559,0.10156399895438903,0,forward
48.160000000000004,64.62820558142657,66.81207333095935,128.14968,124.1556,0.09829628071742463,0.09882247502814541,0.09909938715475444,0,forward
48.192,68.31300136593838,69.13857889728129,128.24388,124.2498,0.10129878749455021,0.09931773752142638,0.09866579957611409,0,forward
48.224000000000004,65.40460956460588,69.12510935029736,128.34436,124.344,0.10262522975996116,0.09997923596913333,0.09881421531319247,0,forward
48.256,66.38289002421594,63.47601191062637,128.43856,124.4382,0.10329511990686793,0.10064241275668026,0.0991849143852661,0,forward
48.288000000000004,63.80471351430549,63.982424925933806,128.53276,124.53868,0.09896714811413657,0.10030735982817153,0.0978268508763825,0,forward
48.32,68.34770111492129,70.56763662230922,128.62696,124.63288,0.09342661790936635,0.0989312114444105,0.09501086180612003,0,forward
48.352000000000004,64.30625547313828,69.0030913387096,128.72744,124.72708,0.09703914872118635,0.09855279889976568,0.09445713684810259,0,forward
48.384,70.36824584268825,64.85600884746773,128.82164,124.82756,0.09378884658319135,0.09760000843645081,0.09293716669930542,0,forward
48.416000000000004,68.65461201531315,68.58854261742356,128.91584,124.92176,0.09585637627576155,0.09725128200431296,0.09274376845714576,0,forward
48.448,63.51800784566156,69.5856049978231,129.01632,125.01596,0.09184528068214938,0.09617008173988024,0.09114130452110493,0,forward
48.480000000000004,66.89626327102924,59.64921295910162,129.11052,125.11016,0.09519156473153605,0.09597437833821142,0.09135308080113808,0,forward
48.512,66.8454071242778,66.22580521982445,129.20472,125.21064,0.0865371694517096,0.09408693656091106,0.08834716464718737,0,forward
48.544000000000004,70.10049969970717,67.20194369497366,129.29892,125.30484,0.0911289634723715,0.09349534194320316,0.08810449748940025,0,forward
48.576,72.21351288643613,70.9434456113416,129.39939999999999,125.39904,0.08979664124501675,0.09275560180356589,0.08743014340575604,0,forward
48.608000000000004,71.5367999457491,62.913714160841735,129.4936,125.49324,0.08797048579262406,0.09179857860137752,0.08638445645193617,0,forward
48.64,71.51070798508215,66.54470311725174,129.5878,125.59372,0.0834971250187377,0.09013828788484957,0.0840694703271679,0,forward
48.672000000000004,64.43911638887805,60.99294271436424,129.682,125.68792,0.08712263428626928,0.08953515716513352,0.08392402065428674,0,forward
48.704,61.67067087420559,71.97976441735057,129.78248,125.78212,0.0843870997886714,0.0885055456898411,0.08280934449884941,0,forward
48.736000000000004,68.10085715696954,63.519494120088275,129.87668,125.8826,0.08545626776203777,0.08789569010428044,0.08247704703155534,0,forward
48.768,68.84381250644523,65.56916920638979,129.97088,125.9768,0.08294294270678725,0.0869051406247818,0.0814046888774447,0,forward
48.800000000000004,70.36980106664764,63.14528323641717,130.07136,126.071,0.08411647061017564,0.08634740662186058,0.08109562744317865,0,forward
48.832,66.4411624236632,65.24779052803778,130.16556,126.1652,0.08303257543271265,0.085684440384031,0.0805502849149269,0,forward
48.864000000000004,65.06781574837945,67.53431183788908,130.25976,126.26568,0.08260038555068898,0.0850676294173626,0.08000417121825791,0,forward
48.896,64.57776636138453,65.47754480765542,130.35396,126.35988,0.08353557336220291,0.08476121820633066,0.08003005395979002,0,forward
48.928000000000004,66.25967139423796,68.1466026628033,130.45444,126.45408,0.0863413580007428,0.08507724616521309,0.08101054863809956,0,forward
48.96,69.78949867421554,67.12568996133366,130.54864,126.54828,0.08455096475445914,0.0849719898830623,0.0810396607034157,0,forward
48.992000000000004,74.02502597079462,64.9907127618486,130.64284,126.64876,0.08353381603750043,0.08468435511394994,0.08065263296355524,0,forward
49.024,68.82725151927201,64.17250855263525,130.74332,126.74296,0.07983981680218924,0.0837154474515978,0.07908085765333933,0,forward
49.056000000000004,66.26308653364336,64.00257121779269,130.83752,126.83716,0.08137525523482647,0.08324740900824354,0.07866357414679309,0,forward
49.088,67.51782905376635,65.19043869694885,130.93172,126.93764,0.07964732301411429,0.0825273918094177,0.07773543185719514,0,forward
49.120000000000005,67.41921748467098,59.82777638086754,131.02592,127.03184,0.08278450992507538,0.08257881543254925,0.07830503348644048,0,forward
49.152,65.9237044782461,65.5906227350016,131.1264,127.12604,0.08405281320769516,0.08287361498757843,0.07908364131157478,0,forward
49.184,67.8486445107343,72.67675443417224,131.2206,127.22024,0.07952081051799283,0.08220305409366133,0.07800099168137734,0,forward
49.216,66.50564044459522,67.22367201236173,131.3148,127.32072,0.07712317870322043,0.08118707901557315,0.07640593076955259,0,forward
49.248,66.87393557053863,69.35391295773869,131.409,127.41492,0.0770040882982186,0.08035048087210225,0.07538095642440087,0,forward
49.28,64.97869624065517,69.41225481259187,131.50948,127.50912,0.08282405988286606,0.08084519667425502,0.07676692681113612,0,forward
49.312,66.14284327746824,64.67538681043061,131.60368,127.6096,0.07953559556519292,0.0805832764524426,0.07647824558190419,0,forward
49.344,74.98340721672655,69.77105029654614,131.69788,127.7038,0.0783809247180141,0.08014280610555691,0.07592062597718979,0,forward
49.376,69.10369581560055,61.691526821149445,131.79836,127.798,0.0779396504911091,0.07970217498266735,0.07536337902449984,0,forward
49.408,63.833344563760825,64.45711812383878,131.89256,127.8922,0.07821409058735797,0.07940455810360547,0.07514539921279526,0,forward
49.44,69.24907999240035,68.54168433079407,131.98676,127.99268,0.07563559985428799,0.07865076645374197,0.07404043953538303,1,start_turn_right
49.472,69.09391355821862,71.12151638672367,131.90512,128.06804,0.070324603864998,0.07698553393599318,0.07404043953538303,1,forward
49.504,70.47501250876877,60.570632184006804,131.82976,128.14968,0.06917796578586846,0.07542402030596825,0.07404043953538303,1,forward
49.536,66.58178809539359,73.25777330320481,131.74812,128.23132,0.06552816036076002,0.0734448483169266,0.07404043953538303,1,forward
49.568,67.41816482528723,63.7484757857961,131.66648,128.31296,0.061792322643574205,0.07111434318225612,0.07404043953538303,1,forward
49.6,59.91101997283354,75.46665121753983,131.58484,128.38832,0.05871700101178433,0.06863487474816177,0.07404043953538303,1,forward
49.632,61.98531218318502,89.65408952473766,131.50948,128.46996,0.05701210571841293,0.06631032094221201,0.07404043953538303,1,forward
49.664,65.88504864074169,110.92128372548284,131.42784,128.5516,0.05474022793042848,0.06399630233985532,0.07404043953538303,1,forward
49.696,68.92834419716648,115.05125738996968,131.3462,128.62696,0.05330835142459922,0.0618587121568041,0.07404043953538303,1,forward
49.728,68.90337954668423,118.79353292615187,131.27084,128.7086,0.05355679211715183,0.060198328148873645,0.07404043953538303,1,forward
49.76,71.31278739629147,129.60000760461554,131.1892,128.79024,0.05287953414588534,0.05873456934827599,0.07404043953538303,1,forward
49.792,66.38708532743196,143.2209361207705,131.10756,128.87188,0.052241651783110875,0.057435985835242974,0.07404043953538303,1,forward
49.824,69.72605623137106,141.08666365592416,131.02592,128.94724,0.055231993620907444,0.05699518739237587,0.07404043953538303,1,forward
49.856,69.35638070543489,162.21240486000727,130.95056,129.02888,0.05453725101647055,0.05650360011719481,0.07404043953538303,1,forward
49.888,63.10739378335703,173.20750351651552,130.86892,129.11052,0.0550946449863046,0.056221809091016775,0.07404043953538303,1,forward
49.92,63.160939599919296,181.7223741193111,130.78728,129.19216,0.056719456585510565,0.05632133858991553,0.07404043953538303,1,forward
49.952,71.53233938892636,198.56032483967473,130.70564,129.26752,0.05743818689617336,0.0565447082511671,0.07404043953538303,1,forward
49.984,97.1069296076314,195.2166593018863,130.63028,129.34916,0.058136015605252785,0.056862969721984236,0.07404043953538303,1,forward
50.016,107.33414066870182,200.4427080260367,130.54864,129.4308,0.05705265119075422,0.05690090601573823,0.07404043953538303,1,forward
50.048,115.06175979986047,205.84853790321108,130.467,129.50616,0.05597369892938768,0.05671546459846813,0.07404043953538303,1,forward
50.08,122.95573784461658,201.32449826998985,130.39164,129.5878,0.05687382399468334,0.05674713647771117,0.07404043953538303,1,forward
50.112,132.33892890143343,206.87104700323894,130.31,129.66944,0.0557741890202651,0.05655254698622196,0.07404043953538303,1,forward
50.144,144.65313920906883,196.7743767195855,130.22836,129.75108,0.05780881955055555,0.05680380149908869,0.07404043953538303,1,forward
50.176,155.1900295324934,199.55108289636144,130.14672,129.82644,0.05723461999942141,0.056889965199155235,0.07404043953538303,1,forward
50.208,165.86047371723168,183.25491896258046,130.07136,129.90808,0.060777591784616454,0.057667490516247484,0.07404043953538303,1,forward
50.24,174.19563194184093,174.08072184287687,129.98972,129.98972,0.06294364650475483,0.058722721713948954,0.07404043953538303,1,forward
50.272,195.81061133034922,159.58716094504294,129.90808,130.07136,0.05801082098627515,0.0585803415684142,0.07404043953538303,1,forward
50.304,189.3658642982821,152.52476158217624,129.82644,130.14672,0.059398766215909275,0.058744026497913215,0.07404043953538303,1,forward
50.336,183.45040386768932,146.23135928777538,129.75108,130.22836,0.06073249372597492,0.05914171994352556,0.07404043953538303,1,forward
50.368,197.36596152901998,143.15924203714337,129.66944,130.31,0.057685521005525285,0.058850480155925505,0.07404043953538303,1,forward
50.4,210.91773005618865,121.51409231990048,129.5878,130.39164,0.05499836670975577,0.058080057466691565,0.07404043953538303,1,forward
50.432,197.79315968368104,115.80161729547974,129.50616,130.467,0.05759681058460534,0.05798340809027432,0.07404043953538303,1,forward
50.464,208.6058337557769,106.36181043493315,129.4308,130.54864,0.055438934798315506,0.05747451343188256,0.07404043953538303,1,forward
50.496,187.6750259301568,91.64483527604462,129.34916,130.63028,0.05942543689370816,0.05786469812424768,0.07404043953538303,1,forward
50.528,187.05352652425105,70.50733180696226,129.26752,130.70564,0.059913082625205644,0.05827437502443928,0.07404043953538303,1,forward
50.56,181.9202442272196,64.26572715714478,129.19216,130.78728,0.05642171881081545,0.057903843781714516,0.07404043953538303,1,forward
50.592,168.24550699093214,68.6084798877091,129.11052,130.86892,0.055636955293912806,0.057450466084154175,0.07404043953538303,1,forward
50.624,159.32969634732723,69.27675219124085,129.02888,130.95056,0.054486243205891946,0.05685762150850174,0.07404043953538303,1,forward
50.656,149.52132375483728,69.54846660622086,128.94724,131.02592,0.052945916697105654,0.056075280546222524,0.07404043953538303,1,forward
50.688,148.52341241524275,63.88277198664111,128.87188,131.10756,0.053130964725582326,0.055486417382094484,0.07404043953538303,1,forward
50.72,135.49113068968887,66.81464244258999,128.79024,131.1892,0.052701338479953994,0.054929401601666386,0.07404043953538303,1,forward
50.752,118.0082689707927,68.7535755994284,128.7086,131.27084,0.05440944787140255,0.05482541085561362,0.07404043953538303,1,forward
50.784,115.1541246442411,69.48152602082341,128.62696,131.3462,0.0555253237628919,0.05496539343706928,0.07404043953538303,1,forward
50.816,107.31881948816887,70.16626862549857,128.5516,131.42784,0.05737933505834611,0.05544818176132465,0.07404043953538303,1,forward
50.848,80.5323683924833,73.1491171751537,128.46996,131.50948,0.05511406890916943,0.05538135919089361,0.07404043953538303,1,forward
50.88,68.6676387983459,68.47224913964574,128.38832,131.58484,0.05696525466686677,0.055698138286088245,0.07404043953538303,1,forward
50.912,59.67228286246612,72.19027561094832,128.31296,131.66648,0.06346212933399781,0.05725093649567016,0.07404043953538303,1,forward
50.944,68.05020839188879,62.43665440414367,128.23132,131.74812,0.06498995564518466,0.058798740325573064,0.07404043953538303,1,forward
50.976,63.23841457242853,72.05259725681279,128.14968,131.82976,0.0698385070617864,0.061006693672815734,0.07404043953538303,1,forward
51.008,65.56350967789221,67.6189970010923,128.06804,131.90512,0.07367543582964574,0.06354044210418174,0.07404043953538303,1,forward
51.04,62.55617197716248,64.44251788511704,127.99268,131.98676,0.07353316906530982,0.06553898749640735,0.07404043953538303,1,forward
51.072,65.19880470283786,65.21892093310309,127.91104,132.0684,0.08007578138640815,0.06844634627440752,0.07404043953538303,1,forward
51.104,69.38156444109708,68.31291054591844,127.8294,132.15004,0.08435580840340126,0.07162823870020626,0.07404043953538303,1,forward
51.136,68.59745093825059,63.742469658334706,127.74776,132.2254,0.0891981512778095,0.07514222121572692,0.07404043953538303,1,forward
51.168,69.37866945057138,66.31305360546493,127.6724,132.30704,0.09963186210480399,0.08004014939354234,0.07404043953538303,1,forward
51.2,63.176946409090824,67.83433205236959,127.59076,132.38868,0.10386486891133073,0.08480509329710004,0.07404043953538303,1,forward
51.232,69.90034095232294,66.90288372766541,127.50912,132.47032,0.10673758243878136,0.08919159112543631,0.10673758243878136,0,normal_exit
51.264,68.24579245752055,72.73122707972857,127.60332,132.56452,0.10475919237948439,0.09230511137624593,0.10476142304265877,0,forward
51.296,72.34556132915338,65.62914000963579,127.7038,132.65872,0.10502439231183681,0.09484896756336411,0.10397533638487416,0,forward
51.328,68.01151457870691,68.48711764547134,127.798,132.75292,0.10775345534150436,0.09742986511899217,0.10446377812227646,0,forward
51.36,61.95302722473918,65.61886088608139,127.8922,132.8534,0.10496661053913768,0.09893721420302128,0.10342805331341781,0,forward
51.392,66.47199743052116,62.833607989089195,127.99268,132.9476,0.10699516286275425,0.10054880393496787,0.1034837856688738,0,forward
51.424,69.40597724019011,65.15951171989332,128.08688,133.0418,0.1050298265307413,0.10144500845412256,0.10281332268693552,0,forward
51.456,61.96556604425296,60.491537899540916,128.18108,133.136,0.10557955205116823,0.1022719171735317,0.10257335723418702,0,forward
51.488,69.62789829603877,76.45114167500442,128.27528,133.23648,0.10226834926674273,0.10227120359217393,0.1011847339513198,0,forward
51.52,64.81629018941126,70.27817263312068,128.37576,133.33068,0.10646922117599444,0.10311080710893804,0.10179953692014908,0,forward
51.552,67.46410933903415,62.75932714956692,128.46996,133.42488,0.10696608058043065,0.10388186180323657,0.10241209389751756,0,forward
51.584,61.77906208754641,69.55410499191012,128.56416,133.52536,0.10698469293681703,0.10450242802995267,0.10277001680188319,0,forward
51.616,67.51063302916664,67.73974004235168,128.65836,133.61956,0.10504637182513349,0.10461121678898884,0.10234635711656254,0,forward
51.648,63.71449033090354,67.40232550129208,128.75884,133.71376,0.10761396534739284,0.10521176650066966,0.10295300222078382,0,forward
51.68,66.96392956372429,70.04089648272904,128.85304,133.80796,0.1066375926502261,0.10549693173058095,0.10303378567867778,0,forward
51.712,69.16123092748073,71.32784523018266,128.94724,133.90844,0.10573070657064221,0.1055436866985932,0.10271940706680349,0,forward
51.744,76.86005207855534,64.45180081047432,129.04772,134.00264,0.10200175116598341,0.10483529959207125,0.1011817244064487,0,forward
51.776,74.62621871637182,71.85258226607789,129.14192,134.09684,0.10347533641334476,0.10456330695632596,0.10076416050512711,0,forward
51.808,66.29241344105422,71.36876939955037,129.23612,134.19104,0.10570212114076635,0.10479106979321404,0.10129395417175185,0,forward
51.84,66.8862588966855,66.97658046652772,129.33032,134.29152,0.10617426223465902,0.10506770828150304,0.10176178399694104,0,forward
51.872,71.30296771557234,66.88405775660301,129.4308,134.38572,0.10574809100954109,0.10520378482711065,0.10190933099391923,0,forward
51.904,65.57909992442977,69.64677007121281,129.525,134.47992,0.10664711206528656,0.10549245027474584,0.10236740816517616,0,forward
51.936,67.25511005707658,67.27388222735024,129.6192,134.5804,0.10864112331404706,0.10612218488260608,0.10333443636251145,0,forward
51.968,60.84043127245093,68.52280060342599,129.71968,134.6746,0.10772756731622611,0.10644326136933009,0.10362773102036361,0,forward
52.0,64.06570300932194,64.66361638715506,129.81388,134.7688,0.10542326499475634,0.10623926209441534,0.10303172585227834,0,forward
52.032000000000004,63.69007065506276,63.584862550244516,129.90808,134.863,0.11028134057200668,0.10704767778993361,0.10438968639587659,0,forward
52.064,67.75432698668232,69.5035975225011,130.00228,134.96348,0.10518428021415337,0.10667499827477757,0.10339377787838477,0,forward
52.096000000000004,67.24808142511975,66.76726635523318,130.10276,135.05768,0.10754341252515298,0.10684868112485266,0.10359983813364511,0,forward
52.128,69.12923771107404,67.38729864075367,130.19696,135.15188,0.10651390270006651,0.10678172543989543,0.10340455501508651,0,forward
52.160000000000004,73.55732271228135,65.5518362680564,130.29116,135.24608,0.10419561709850218,0.1062645037716168,0.10244869018688003,0,forward
52.192,71.33839071847463,65.28431668104294,130.38536,135.34656,0.10572333909486194,0.10615627083626583,0.10234128017781907,0,forward
52.224000000000004,62.975422565038926,64.60890983361762,130.48584,135.44076,0.1053956388601256,0.10600414444103778,0.10215494952791629,0,forward
52.256,67.75254146207023,68.96241517886415,130.58004,135.53496,0.10740964410914167,0.10628524437465857,0.10279821482948356,0,forward
52.288000000000004,71.05652426012121,66.38483665244226,130.67424,135.63544,0.10592061533501064,0.10621231856672898,0.10263626067778785,0,forward
52.32,67.6533856778074,70.62590425730708,130.77472,135.72964,0.10622342869170738,0.10621454059172467,0.10264081300402866,0,forward
52.352000000000004,83.85608696126154,70.84610698737649,130.86892,135.82384,0.09764666236526617,0.10450096494643298,0.09961235192694362,0,forward
52.384,92.37826075968596,66.25673156538117,130.96312,135.91804,0.09281912887092962,0.10216459773133231,0.09593935953830754,0,forward
52.416000000000004,102.38102164775114,59.5459937248433,131.05732,136.01852,0.08772842621148509,0.09927736342736287,0.09171715275355112,0,forward
52.448,104.10286490496173,66.40386387474143,131.1578,136.11272,0.08690793599686557,0.09680347794126343,0.08871363667932483,0,forward
52.480000000000004,118.99168967583938,69.5218277336643,131.252,136.20692,0.08040536781241596,0.09352385591549395,0.08449786766080314,0,forward
52.512,107.33808955897634,86.64143126714539,131.3462,136.3074,0.08540708425962146,0.09190050158431946,0.08354302362184216,0,forward
52.544000000000004,123.47381152386212,97.50965428686818,131.4404,136.4016,0.0786341980826541,0.08924724088398639,0.0805451309075477,0,forward
52.576,128.83280947984116,105.44887840464914,131.54088,136.4958,0.07661631349907447,0.086721055407004,0.07785702456399764,0,forward
52.608000000000004,135.10931556556363,110.15609068094896,131.63508,136.59,0.07438078615020893,0.084253001555645,0.07537236703133943,0,forward
52.64,153.15174580515102,117.26067136472017,131.72928,136.69048,0.06862483463182592,0.08112736817088119,0.07167443470599832,1,start_turn_left
52.672000000000004,151.6016072881508,126.92296593568089,131.81092,136.60884,0.06908414923085292,0.07871872438287554,0.07167443470599832,1,forward
52.704,144.29612424012262,132.62161132504517,131.89256,136.5272,0.07133426872267766,0.07724183325083597,0.07167443470599832,1,forward
52.736000000000004,133.2521665857983,141.7328557517553,131.9742,136.44556,0.07215890466820608,0.07622524753431001,0.07167443470599832,1,forward
52.768,117.43417667401036,131.6109920176019,132.04956,136.3702,0.07561043898262675,0.07610228582397335,0.07167443470599832,1,forward
52.800000000000004,118.42673834654592,145.88500687069214,132.1312,136.28856,0.07083250111043979,0.07504832888126664,0.07167443470599832,1,forward
52.832,116.11399117966961,148.57243417702304,132.21284,136.20692,0.0699996920346416,0.07403860151194164,0.07167443470599832,1,forward
52.864000000000004,113.60793529482387,146.91357201650672,132.2882,136.13156,0.07051142801998679,0.07333316681355068,0.07167443470599832,1,forward
52.896,107.20093315023772,154.54223349996875,132.36984,136.04992,0.06821799111076571,0.07231013167299369,0.07167443470599832,1,forward
52.928000000000004,90.81291352693155,150.55614416531216,132.45148,135.96828,0.06939741318942151,0.07172758797627926,0.07167443470599832,1,forward
52.96,78.03869682575693,158.07850849462665,132.53312,135.88664,0.06720472209427134,0.07082301479987768,0.07167443470599832,1,forward
52.992000000000004,72.50241344591538,157.28624668634185,132.60848,135.81128,0.06742910819079072,0.07014423347806029,0.07167443470599832,1,forward
53.024,67.7568960848893,144.9399280107058,132.69012,135.72964,0.07113010189653166,0.07034140716175456,0.07167443470599832,1,forward
53.056000000000004,69.26216982112098,138.8043034752617,132.77176,135.648,0.07124718497192088,0.07052256272378783,0.07167443470599832,1,forward
53.088,63.986811784104106,128.74608371343658,132.84712,135.56636,0.06934440626862236,0.07028693143275475,0.07167443470599832,1,forward
53.120000000000005,69.05478711003748,132.50470404380286,132.92876,135.491,0.06653240090783653,0.0695360253277711,0.07167443470599832,1,forward
53.152,64.23827816446168,125.23487589752524,133.0104,135.40936,0.06534916410130255,0.0686986530824774,0.07167443470599832,1,forward
53.184000000000005,82.66350709930748,111.34529752885688,133.09204,135.32772,0.06553150572504046,0.06806522361099002,0.07167443470599832,1,forward
53.216,92.26390677195836,116.5563737697785,133.1674,135.24608,0.06727661617758664,0.06790750212430935,0.07167443470599832,1,forward
53.248000000000005,90.41686911234521,105.445860891644,133.24904,135.17072,0.06708501190870302,0.0677430040811881,0.07167443470599832,1,forward
53.28,107.36926828449059,85.80739326651509,133.33068,135.08908,0.06594800580780982,0.06738400442651245,0.07167443470599832,1,forward
53.312,109.95736056720634,72.37815538486574,133.41232,135.00744,0.07010456477417434,0.06792811649604483,0.07167443470599832,1,forward
53.344,120.83233814990624,69.33420058665993,133.48768,134.93208,0.07084335753890338,0.06851116470461655,0.07167443470599832,1,forward
53.376,109.77675743863223,70.01879724998071,133.56932,134.85044,0.07077201550144263,0.06896333486398176,0.07167443470599832,1,forward
53.408,108.09346849862747,68.88888787485783,133.65096,134.7688,0.07539215184530676,0.07024909826024676,0.07167443470599832,1,forward
53.44,112.35071066951569,61.684126518762916,133.7326,134.68716,0.07538528721828737,0.07127633605185489,0.07167443470599832,1,forward
53.472,103.08778759375812,66.34876738296887,133.80796,134.6118,0.0798509640589815,0.07299126165328022,0.07167443470599832,1,forward
53.504,122.84959319920416,72.4579145707881,133.8896,134.53016,0.07887617494153679,0.07416824431093154,0.07167443470599832,1,forward
53.536,107.57241484630944,78.97778311215598,133.97124,134.44852,0.08146737326138025,0.07562807010102128,0.07167443470599832,1,forward
53.568,115.71135219633909,96.55287429748176,134.0466,134.36688,0.08175305019582452,0.07685306611998194,0.07167443470599832,1,forward
53.6,115.39984014449132,104.19673654642027,134.12824,134.29152,0.08188338326258897,0.07785912954850335,0.07167443470599832,1,forward
53.632,107.4788553797895,105.17974329626,134.20988,134.20988,0.08534295757026915,0.07935589515285651,0.07167443470599832,1,forward
53.664,104.42688593476355,110.17732447176999,134.29152,134.12824,0.0841320070331258,0.08031111752891038,0.07167443470599832,1,forward
53.696,85.19684893619757,107.91376790060359,134.36688,134.05288,0.08514543760552527,0.08127798154423337,0.07167443470599832,1,forward
53.728,80.81621888984355,111.00385823406525,134.44852,133.97124,0.08376794138049733,0.08177597351148616,0.07167443470599832,1,forward
53.76,67.57519227095646,111.7924027738275,134.53016,133.8896,0.08342353382405929,0.0821054855740008,0.07167443470599832,1,forward
53.792,73.0020818028965,110.06818776696403,134.6118,133.80796,0.08418031543299104,0.08252045154579886,0.07167443470599832,1,forward
53.824,62.50602351145996,113.349394011464,134.68716,133.7326,0.08275174629743776,0.08256671049612664,0.07167443470599832,1,forward
53.856,65.19858152027211,109.49365380180971,134.7688,133.65096,0.08443554535464447,0.08294047746783022,0.07167443470599832,1,forward
53.888,68.39113923895876,112.26053079052869,134.85044,133.56932,0.08287051574731938,0.08292648512372805,0.07167443470599832,1,forward
53.92,58.7783788247948,114.0443422113507,134.9258,133.48768,0.08245538013457253,0.08283226412589695,0.07167443470599832,1,forward
53.952,72.30082748338698,105.27785920267365,135.00744,133.41232,0.08296218828159181,0.08285824895703592,0.07167443470599832,1,forward
53.984,67.23137369028832,102.78823300221845,135.08908,133.33068,0.08367935067754796,0.08302246930113832,0.07167443470599832,1,forward
54.016,61.623966692985846,99.89426162543421,135.17072,133.24904,0.07899368795239885,0.08221671303139043,0.07167443470599832,1,forward
54.048,68.039907496979,86.80701326131022,135.24608,133.1674,0.08168975878848313,0.08211132218280898,0.07167443470599832,1,forward
54.08,67.0077869997463,77.05743825504827,135.32772,133.09204,0.08248865492891196,0.08218678873202957,0.07167443470599832,1,forward
54.112,60.90862644119611,67.3903665128086,135.40936,133.0104,0.08250953315090222,0.08225133761580411,0.07167443470599832,1,forward
54.144,65.14694461500758,63.94048318176466,135.491,132.92876,0.08485324933395592,0.08277171995943447,0.07167443470599832,1,forward
54.176,65.80370440099468,69.81769872069714,135.56636,132.8534,0.08310521321107266,0.08283841860976211,0.07167443470599832,1,forward
54.208,69.199114361679,64.22732249142912,135.648,132.77176,0.08588695822155973,0.08344812653212165,0.07167443470599832,1,forward
54.24,73.6619450459952,59.70339084242743,135.72964,132.69012,0.08306319209128912,0.08337113964395515,0.07167443470599832,1,forward
54.272,60.95538047439509,68.68261895361466,135.81128,132.60848,0.08513514835235389,0.0837239413856349,0.07167443470599832,1,forward
54.304,69.82240743545128,69.84595159792066,135.88664,132.53312,0.0873076377305792,0.08444068065462376,0.07167443470599832,1,forward
54.336,67.45339024541347,65.0895728579602,135.96828,132.45148,0.09084837089994591,0.0857222187036882,0.07167443470599832,1,forward
54.368,70.05903057051646,72.27342542457464,136.04992,132.36984,0.09812913632244581,0.08820360222743973,0.07167443470599832,1,forward
54.4,68.49671284653637,62.529501634312645,136.12528,132.2882,0.10701166834506645,0.09196521545096509,0.10701166834506645,0,normal_exit
54.432,63.78377977475083,65.61668984138174,136.22576,132.38868,0.10314306931798789,0.09420078622436964,0.10322838814001989,0,forward
54.464,67.9026838523754,64.20211108749254,136.31996,132.48288,0.10200725392965068,0.09576207976542586,0.10167747139809562,0,forward
54.496,69.12702350704446,63.05690534244867,136.41416,132.57708,0.10669180706079089,0.09794802522449887,0.1026898163067583,0,forward
54.528,66.88647857018422,70.01729526231321,136.51463999999999,132.67756,0.10128393212468463,0.09861520660453603,0.10088119927609865,0,forward
54.56,63.53184124554724,71.4783081712461,136.60884,132.77176,0.09512702650661728,0.09791757058495229,0.09754034040428618,0,forward
54.592,63.50985611402861,69.44758923524225,136.70304,132.86596,0.09348160861238301,0.09703037819043844,0.09483786774374983,0,forward
54.624,61.49161180064505,66.10691422262187,136.79724,132.96016,0.0954567136259514,0.09671564527754103,0.09382480036199634,0,forward
54.656,66.55221155629039,73.15696817862897,136.89772,133.06064,0.09458706458888572,0.09628992913980998,0.0927780471113658,0,forward
54.688,71.07448701944912,62.038202815042055,136.99192,133.15484,0.09434418225686553,0.09590077976322109,0.09210090205700708,0,forward
54.72,69.46738131928721,65.34905304743853,137.08612,133.24904,0.09158680246332515,0.0950379843032419,0.0906776273498764,0,forward
54.752,64.86739886911083,66.94322185644484,137.18032,133.34324,0.08841383565313618,0.09371315457322076,0.08862732119145067,0,forward
54.784,66.2438238147586,64.57270300787023,137.2808,133.44372,0.08968535252413201,0.09290759416340301,0.08768454718904174,0,forward
54.816,65.65771505501677,62.149050587115454,137.375,133.53792,0.08643373309005321,0.09161282194873306,0.08599717060244194,0,forward
54.848,65.27691454659212,64.60352504710102,137.4692,133.63212,0.08640275471446433,0.09057080850187932,0.08490321363416162,0,forward
54.88,64.5388093919321,61.657977482685034,137.56968,133.7326,0.08517062398790222,0.0894907715990839,0.08367713207794032,0,forward
54.912,66.49967721859925,67.37204304050894,137.66388,133.8268,0.08765276754701642,0.08912317078867041,0.08386216831255529,0,forward
54.944,66.14534198815355,62.92095080399466,137.75808,133.921,0.08535929740271744,0.08837039611147982,0.0831592581806527,0,forward
54.976,72.52653603358021,69.05488945013572,137.85228,134.0152,0.08518711830963743,0.08773374055111136,0.08264648601681858,0,forward
55.008,65.15460373166181,66.63883084111013,137.95276,134.11568,0.08497939657353813,0.08718287175559672,0.08216038233865262,0,forward
55.04,62.986813860835966,66.04282922188615,138.04696,134.20988,0.08644958747903801,0.08703621490028499,0.08245775384706192,0,forward
55.072,63.37914063256555,71.08130140745067,138.14116,134.30408,0.0819834787016441,0.0860256676605568,0.08104857238899413,0,forward
55.104,69.65333856863745,70.61566103667569,138.24164,134.39828,0.08311301686213277,0.08544313750087201,0.08050759749237833,0,forward
55.136,73.42917210552837,63.53644945544824,138.33584,134.49876,0.08173319193837339,0.0847011483883723,0.07966609821586998,0,forward
55.168,67.14262952255599,66.66301976386912,138.43004,134.59296,0.08433998322118032,0.0846289153549339,0.08010128409370457,0,forward
55.2,68.19488964237789,64.98120187455977,138.52424,134.68716,0.07936553581666232,0.0835762394472796,0.07859842789690803,0,forward
55.232,61.12957382898794,62.702106576640716,138.62472,134.78764,0.07937202960506308,0.0827353974788363,0.07755368983681747,0,forward
55.264,60.911957919048696,64.90292529810547,138.71892,134.88184,0.08005282561214845,0.08219888310549875,0.07720975533813347,0,forward
55.296,62.42299840596965,64.93111675472979,138.81312,134.97604,0.07856832104907212,0.08147277069421344,0.07645720298023426,0,forward
55.328,66.46110753206793,67.37138419444129,138.90732,135.07024,0.07713619344406339,0.08060545524418343,0.07546118764598461,0,forward
55.36,72.8641013623617,69.58536628204227,139.0078,135.17072,0.07921504753758056,0.08032737370286286,0.07548414963893872,0,forward
55.392,66.97571644018517,62.723097988209574,139.102,135.26492,0.07508492147396499,0.0792788832570833,0.07410185431933548,1,start_turn_right
55.424,69.07811107533813,66.37845217045903,139.02036,135.34656,0.07387597665804808,0.07819830193727625,0.07410185431933548,1,forward
55.456,71.07119781593569,75.2353747707765,138.945,135.42192,0.06958599742923446,0.0764758410356679,0.07410185431933548,1,forward
55.488,65.62502474683885,69.84254744783851,138.86336,135.50356,0.06682912624473623,0.07454649807748157,0.07410185431933548,1,forward
55.52,62.85987569761147,69.79160026594765,138.78172,135.5852,0.06501647071959177,0.0726404926059036,0.07410185431933548,1,forward
55.552,63.38113921741734,70.95576893800664,138.70008,135.66684,0.06121903254930031,0.07035620059458295,0.07410185431933548,1,forward
55.584,70.61709508545705,92.13777749128606,138.62472,135.7422,0.06260001323091666,0.0688049631218497,0.07410185431933548,1,forward
55.616,62.96529571218249,108.92757580867735,138.54308,135.82384,0.06029910066052115,0.06710379062958399,0.07410185431933548,1,forward
55.648,64.71868186659762,108.62523163963806,138.46144,135.90548,0.05858647517459548,0.0654003275385863,0.07410185431933548,1,forward
55.68,62.303395396519804,124.59249893220137,138.3798,135.98712,0.05767981947864063,0.06385622592659716,0.07410185431933548,1,forward
55.712,69.18606984612596,132.14630555947898,138.30444,136.06248,0.05830611737222284,0.0627462042157223,0.07410185431933548,1,forward
55.744,69.63518122292412,137.7092358926699,138.21652,136.14412,0.05809938200901049,0.06181683977437994,0.07410185431933548,1,forward
55.776,64.89082576377567,148.4663234798076,138.14116,136.22576,0.06106701609857896,0.06166687503921975,0.07410185431933548,1,forward
55.808,65.09188254024204,148.46234770785665,138.05952,136.30112,0.06217017080121973,0.06176753419161975,0.07410185431933548,1,forward
55.84,66.04293797215355,151.48955260433823,137.98416,136.38276,0.06226868575476847,0.061867764504249495,0.07410185431933548,1,forward
55.872,66.68883265376697,165.07544541336998,137.90252,136.4644,0.06528601824231196,0.06255141525186199,0.07410185431933548,1,forward
55.904,75.17347019630832,159.00776306997284,137.82088,136.54604,0.06694343227385371,0.06342981865626034,0.07410185431933548,1,forward
55.936,94.3754221108572,165.5349429704387,137.74552,136.6214,0.06516384106650892,0.06377662313831006,0.07410185431933548,1,forward
55.968,109.08580970547153,176.35035981974144,137.66388,136.70304,0.062414579840070296,0.06350421447866211,0.07410185431933548,1,forward
56.0,115.88890201483315,173.83443028161778,137.58224,136.78468,0.06303321413981833,0.06341001441089336,0.07410185431933548,1,forward
56.032000000000004,112.59558570191373,174.68606096889445,137.5006,136.86632,0.06282244084788813,0.06329249969829231,0.07410185431933548,1,forward
56.064,130.70462108419676,161.52460169533055,137.42524,136.94168,0.06624583950326968,0.0638831676592878,0.07410185431933548,1,forward
56.096000000000004,131.79731409630594,161.34016468878923,137.3436,137.02332,0.06629646590583949,0.06436582730859813,0.07410185431933548,1,forward
56.128,148.86510686545608,155.08395193387454,137.26196,137.10496,0.06806079219095548,0.0651048202850696,0.07410185431933548,1,forward
56.160000000000004,156.55735991984093,146.8700679170714,137.18032,137.18032,0.0676368725345164,0.06561123073495896,0.07410185431933548,1,forward
56.192,148.8657273622838,145.31072384926404,137.10496,137.26196,0.06990998689232637,0.06647098196643245,0.07410185431933548,1,forward
56.224000000000004,161.62302198994718,138.72915323122447,137.02332,137.3436,0.06621885558846163,0.06642055669083828,0.07410185431933548,1,forward
56.256,179.37006534538784,129.9678243111923,136.94168,137.42524,0.061687920611400326,0.06547402947495069,0.07410185431933548,1,forward
56.288000000000004,174.95405157066867,125.89111824923482,136.86632,137.5006,0.06275640611094618,0.06493050480214979,0.07410185431933548,1,forward
56.32,181.74549956046513,108.39813336566125,136.78468,137.58224,0.06112808062361311,0.06417001996644245,0.07410185431933548,1,forward
56.352000000000004,170.09399882138462,106.40414264561038,136.70304,137.66388,0.06397594534616198,0.06413120504238635,0.07410185431933548,1,forward
56.384,180.00418391651212,96.80543235879391,136.6214,137.74552,0.06153747127829925,0.06361245828956893,0.07410185431933548,1,forward
56.416000000000004,169.32493200212843,77.03617690282276,136.54604,137.82088,0.06417328532496466,0.06372462369664808,0.07410185431933548,1,forward
56.448,157.7148053462673,68.51026547847141,136.4644,137.90252,0.06581150559878858,0.06414200007707618,0.07410185431933548,1,forward
56.480000000000004,158.4420197926071,64.87797625949027,136.38276,137.98416,0.06214246848767576,0.0637420937591961,0.07410185431933548,1,forward
56.512,149.0732953979796,63.35666714825847,136.30112,138.05952,0.06401564408142896,0.06379680382364267,0.07410185431933548,1,forward
56.544000000000004,143.45854517033848,67.20889451798246,136.22576,138.14116,0.058849950189729924,0.06280743309686013,0.07410185431933548,1,forward
56.576,138.04769093358124,63.17697490915697,136.14412,138.21652,0.05842154891026461,0.06193025625954103,0.07410185431933548,1,forward
56.608000000000004,119.08485662727978,71.2390275372779,136.06248,138.30444,0.05693962241472417,0.06093212949057766,0.07410185431933548,1,forward
56.64,123.80170965349085,68.02624848400299,135.98712,138.3798,0.057736231752318866,0.06029294994292591,0.07410185431933548,1,forward
56.672000000000004,112.62970323729752,59.62436329625924,135.90548,138.46144,0.05737313903273121,0.05970898776088697,0.07410185431933548,1,forward
56.704,107.87892064061063,66.10605961840923,135.82384,138.54308,0.05803345215648085,0.05937388064000575,0.07410185431933548,1,forward
56.736000000000004,90.72154518662707,61.80213592255369,135.7422,138.62472,0.06294565718966137,0.060088235949936876,0.07410185431933548,1,forward
56.768,69.03670849154705,65.52868236534883,135.66684,138.70008,0.06255810561690245,0.06058220988332999,0.07410185431933548,1,forward
56.800000000000004,73.75338402383127,64.98037886929973,135.5852,138.78172,0.065130795001651,0.0614919269069942,0.07410185431933548,1,forward
56.832,65.85872697789452,64.94531925266354,135.50356,138.86336,0.06770575882299926,0.06273469329019521,0.07410185431933548,1,forward
56.864000000000004,64.3995429094899,71.7878159259755,135.42192,138.945,0.07012684427770138,0.06421312348769645,0.07410185431933548,1,forward
56.896,67.86890146965841,72.16178283276555,135.34656,139.02036,0.07211326339989031,0.06579315147013523,0.07410185431933548,1,forward
56.928000000000004,69.36433526999352,66.82740101370149,135.26492,139.102,0.07402797870286941,0.06744011691668207,0.07410185431933548,1,forward
56.96,69.71195430089898,66.88064267401136,135.18328,139.18364,0.08190989156821517,0.0703340718469887,0.07410185431933548,1,forward
56.992000000000004,68.52523001575119,67.01445457134606,135.10164,139.259,0.08629635469354598,0.07352652841630015,0.07410185431933548,1,forward
57.024,64.76413521594816,70.33739673048395,135.02627999999999,139.34064,0.08626376218245833,0.0760739751695318,0.07410185431933548,1,forward
57.056000000000004,65.34603691317655,71.96740422497963,134.94464,139.42228,0.09645997607528839,0.08015117535068311,0.07410185431933548,1,forward
57.088,66.33942780080824,69.79073137619133,134.863,139.50392,0.10681568781326573,0.08548407784319964,0.10681568781326573,0,normal_exit
57.120000000000005,61.9778721524117,73.05086469464356,134.96348,139.59812,0.10454040904585601,0.08929534408373091,0.10455360757262062,0,forward
57.152,60.29181349280032,65.31431704716424,135.05768,139.69232,0.1075912516689337,0.09295452560077147,0.10528324608519493,0,forward
57.184000000000005,69.47010176562425,74.90255469863483,135.15188,139.7928,0.10329074321032493,0.09502176912268216,0.10328903353969904,0,forward
57.216,74.97300498697314,65.33810276123624,135.24608,139.887,0.10324378753154424,0.09666617280445458,0.10208240119727835,0,forward
57.248000000000005,64.14612899030482,63.57347553738327,135.34656,139.9812,0.10732988010840437,0.09879891426524455,0.1027577701012758,0,forward
57.28,64.27419790628907,66.60674075667715,135.44076,140.0754,0.10672995187279839,0.10038512178675534,0.1029669042260544,0,forward
57.312000000000005,64.82677096928684,65.79066248846054,135.53496,140.17588,0.10730803320240481,0.10176970406988524,0.1032527393273276,0,forward
57.344,70.13161545409878,66.1310394813254,135.62916,140.27008,0.10572945453277618,0.10256165416246343,0.10290396897191037,0,forward
57.376,66.93965730378977,69.97994985595076,135.72964,140.36428,0.10471123182097275,0.1029915696941653,0.10227199197842753,0,forward
57.408,70.22320147483381,64.25486782268435,135.82384,140.45848,0.10650818144546338,0.10369489204442492,0.10255112816879347,0,forward
57.44,67.91051384377852,68.6785334907227,135.91804,140.55896,0.10661026139639766,0.10427796591481948,0.10272507206949033,0,forward
57.472,71.01453003855542,67.06694421569141,136.01852,140.65316,0.10586961523557076,0.10459629577896976,0.10257115783698291,0,forward
57.504,65.13698839036608,65.93709762139592,136.11272,140.74736,0.10661625984742693,0.1050002885926612,0.10278112874700637,0,forward
57.536,68.47914691251353,67.60372575880317,136.20692,140.84784,0.10775923981720797,0.10555207883757056,0.10328402160615963,0,forward
57.568,67.051167041655,71.95687458683216,136.30112,140.94204,0.10529303161507958,0.10550026939307237,0.10276450157823872,0,forward
57.6,66.11372282124277,68.01836208698185,136.4016,141.03624,0.10412778416678119,0.10522577234781415,0.10197233213112993,0,forward
57.632,69.59178835198436,68.58933891710049,136.4958,141.13044,0.1069577426426145,0.10557216640677422,0.10251912608435837,0,forward
57.664,67.52772515985109,70.4564315746582,136.59,141.23092,0.10487973778056389,0.10543368068153215,0.10208425576837825,0,forward
57.696,72.53148636130527,67.80577138374406,136.6842,141.32512,0.10489637504810244,0.10532621955484622,0.10185245017777902,0,forward
57.728,69.46475741044331,66.81192915966278,136.78468,141.41932,0.1070486466322131,0.1056707049703196,0.10243344924641641,0,forward
57.76,68.3162104191064,66.99080064607729,136.87888,141.51352,0.10690786011943229,0.10591813600014216,0.10279717204866348,0,forward
57.792,83.26553772266865,61.7413396870254,136.97308,141.614,0.09799986098216534,0.10433448099654681,0.09979792126987,0,forward
57.824,94.03776667983693,73.45020627993172,137.07356,141.7082,0.09193406870954564,0.10185439853914659,0.09570005878986763,0,forward
57.856,102.25653111714675,86.80591145867913,137.16776,141.8024,0.08778834921265939,0.09904118867384915,0.09162636013566745,0,forward
57.888,104.3691613337296,97.09477111248344,137.26196,141.90288,0.08678240918522237,0.09658943277612381,0.08861040027302441,0,forward
57.92,113.21840416278317,103.4802572517776,137.35616,141.99708,0.08280784674383439,0.09383311556966592,0.08529232274091587,0,forward
57.952,115.29447575256063,111.66348855398859,137.45664,142.09128,0.0819275606150381,0.09145200457874036,0.08280629347192196,0,forward
57.984,112.84945106040253,112.48711545145692,137.55084,142.18548,0.08296627193918549,0.08975485805082939,0.08162433816125818,0,forward
58.016,128.03986690645672,111.21162323557749,137.64504,142.28596,0.07690833607000075,0.08718555365466367,0.07865421694649372,0,forward
58.048,143.5236498886023,129.0001846848771,137.74552,142.38016,0.07158079249320569,0.08406460142237207,0.07483953132603714,1,start_turn_left
58.08,149.67939667467306,136.50108064964218,137.82088,142.29852,0.06966232161721947,0.08118414546134156,0.07483953132603714,1,forward
58.112,134.63032247165475,150.61137680849055,137.90252,142.21688,0.06938079214230215,0.07882347479753368,0.07483953132603714,1,forward
58.144,113.44077531335526,149.4448426443897,137.98416,142.14151999999999,0.0697335351520538,0.07700548686843771,0.07483953132603714,1,forward
58.176,118.25744140347703,148.06499371613734,138.05952,142.05988,0.07015544007562384,0.07563547750987494,0.07483953132603714,1,forward
58.208,105.12200064803916,159.2229511753327,138.14116,141.97824,0.06688321468065657,0.07388502494403128,0.07483953132603714,1,forward
58.24,107.79453763320376,154.03495368258191,138.21652,141.90288,0.06836585624598862,0.07278119120442275,0.07483953132603714,1,forward
58.272,91.90696492248539,142.23655603247997,138.30444,141.82124,0.07199535614501511,0.07262402419254123,0.07483953132603714,1,forward
58.304,72.06812151952388,146.1431110342597,138.3798,141.7396,0.07075165777469149,0.07224955090897128,0.07483953132603714,1,forward
58.336,71.56219002840075,139.2243458887283,138.46144,141.65796,0.07281663840899963,0.07236296840897695,0.07483953132603714,1,forward
58.368,65.30066117282468,138.80426829334064,138.54308,141.5826,0.07146660692831379,0.07218369611284432,0.07483953132603714,1,forward
58.4,72.4011476018959,142.6206641747533,138.62472,141.50096,0.06811926235184369,0.0713708093606442,0.07483953132603714,1,forward
58.432,87.95777690887329,133.35431337346105,138.70008,141.41932,0.06761657434712323,0.07061996235794002,0.07483953132603714,1,forward
58.464,103.45129313756236,120.68916362821443,138.78172,141.33768,0.06667585028637386,0.06983113994362679,0.07483953132603714,1,forward
58.496,112.51440671704705,109.06321372023525,138.86336,141.26232,0.06787277183260307,0.06943946632142205,0.07483953132603714,1,forward
58.528,114.53535251634473,112.08812246434834,138.93872,141.18068,0.06643813431703544,0.06883919992054473,0.07483953132603714,1,forward
58.56,120.1996212164873,111.92239391079536,139.02036,141.09904,0.06786004952108608,0.068643369840653,0.07483953132603714,1,forward
58.592,131.6119427762597,104.22264314808136,139.102,141.02368,0.06756663329604945,0.06842802253173229,0.07483953132603714,1,forward
58.624,136.3483480377256,88.86383853118024,139.18364,140.94204,0.0692014906219136,0.06858271614976855,0.07483953132603714,1,forward
58.656,139.33436442762832,66.44806257499083,139.259,140.8604,0.06789615386436253,0.06844540369268734,0.07483953132603714,1,forward
58.688,153.93203494720802,67.74709641702925,139.34064,140.77876,0.06839593390281394,0.06843550973471266,0.07483953132603714,1,forward
58.72,148.39284839736206,67.75170778021092,139.42228,140.7034,0.07005473294051182,0.0687593543758725,0.07483953132603714,1,forward
58.752,144.47874133404554,71.91510746846112,139.50392,140.62176,0.07127623713904602,0.06926273092850721,0.07483953132603714,1,forward
58.784,154.4033086234816,97.42730239554909,139.57928,140.54012,0.068258422178249,0.06906186917845557,0.07483953132603714,1,forward
58.816,147.2794465919865,107.28051242017705,139.66092,140.45848,0.07039791868520036,0.06932907907980453,0.07483953132603714,1,forward
58.848,140.75643308656242,111.00284569818174,139.74256,140.38312,0.07247806904782758,0.06995887707340914,0.07483953132603714,1,forward
58.88,147.59194789677298,117.65321832148024,139.81792,140.30148,0.07030125691114955,0.07002735304095722,0.07483953132603714,1,forward
58.912,132.0700530615701,116.83181384882037,139.89956,140.21984,0.07544676756106973,0.07111123594497973,0.07483953132603714,1,forward
58.944,134.7117885064847,120.61465964904058,139.9812,140.1382,0.07451849808198477,0.07179268837238073,0.07483953132603714,1,forward
58.976,130.9455959112564,140.502541272972,140.06284,140.06284,0.07256152200165683,0.07194645509823595,0.07483953132603714,1,forward
59.008,126.77350441735774,147.73782284459716,140.1382,139.9812,0.07025622621727624,0.07160840932204401,0.07483953132603714,1,forward
59.04,116.23018212604106,139.5073227201252,140.21984,139.89956,0.0728905068028196,0.07186482881819914,0.07483953132603714,1,forward
59.072,110.5038148314318,145.3985342100739,140.30148,139.8242,0.07098537732764414,0.07168893852008815,0.07483953132603714,1,forward
59.104,102.72779862700163,148.7359321787819,140.38312,139.74256,0.06994965700226875,0.07134108221652427,0.07483953132603714,1,forward
59.136,95.70472942714713,147.42902742891394,140.45848,139.66092,0.0703516177371027,0.07114318932063995,0.07483953132603714,1,forward
59.168,83.19928744227268,145.6423596726259,140.54012,139.57928,0.07090867168387027,0.07109628579328603,0.07483953132603714,1,forward
59.2,63.499019650701854,150.3815356843926,140.62176,139.50392,0.06945001018622837,0.0707670306718745,0.07483953132603714,1,forward
59.232,66.58640176432016,150.89292152178552,140.7034,139.42228,0.06929619104191702,0.070472862745883,0.07483953132603714,1,forward
59.264,66.62108396480897,135.01078750987517,140.77876,139.34064,0.07198257297053573,0.07077480479081355,0.07483953132603714,1,forward
59.296,65.30363432584555,138.61247019647965,140.8604,139.259,0.07000180098439371,0.07062020402952958,0.07483953132603714,1,forward
59.328,62.39381614761896,123.90652067050608,140.94204,139.18364,0.07070460295659614,0.0706370838149429,0.07483953132603714,1,forward
59.36,64.96228372013688,133.53072936850404,141.0174,139.102,0.06858270408360696,0.07022620786867571,0.07483953132603714,1,forward
59.392,61.22649821662914,119.01448433638129,141.09904,139.02036,0.06774915940374503,0.06973079817568958,0.07483953132603714,1,forward
59.424,69.77967814695481,120.57410841619945,141.18068,138.945,0.06919377796053672,0.06962339413265901,0.07483953132603714,1,forward
59.456,63.252772289809165,109.66347571434277,141.26232,138.86336,0.06756106222436245,0.06921092775099971,0.07483953132603714,1,forward
59.488,70.23947735616125,96.93206042973856,141.33768,138.78172,0.06679739457061536,0.06872822111492284,0.07483953132603714,1,forward
59.52,62.50497939917322,80.98699193744777,141.41932,138.70008,0.06758881445231889,0.06850033978240205,0.07483953132603714,1,forward
59.552,67.36496219727628,66.54696511442096,141.50096,138.62472,0.07348029556179043,0.06949633093827974,0.07483953132603714,1,forward
59.584,64.02574313182402,67.69565816382254,141.5826,138.54308,0.07211188415697382,0.07001944158201856,0.07483953132603714,1,forward
59.616,65.1044334726834,67.61210380781961,141.65796,138.46144,0.07434013382458976,0.0708835800305328,0.07483953132603714,1,forward
59.648,66.5669810275763,64.87683468646499,141.7396,138.3798,0.07271187068668604,0.07124923816176346,0.07483953132603714,1,forward
59.68,66.8511233175206,60.446186570085146,141.82124,138.30444,0.0801558751446807,0.07303056555834692,0.07483953132603714,1,forward
59.712,64.9791666478226,63.05019516888716,141.8966,138.21652,0.08057637756483517,0.07453972795964457,0.07483953132603714,1,forward
59.744,68.0064741194359,74.27853233567534,141.97824,138.14116,0.08313356380912174,0.07625849512954,0.07483953132603714,1,forward
59.776,68.4750314982134,65.75860820835473,142.05988,138.05952,0.08734086249617976,0.07847496860286796,0.07483953132603714,1,forward
59.808,65.29850798818771,63.92904868186255,142.14151999999999,137.98416,0.09252518651729898,0.08128501218575417,0.07483953132603714,1,forward
59.84,68.84268010957784,61.24285242595282,142.21688,137.90252,0.10480367211790553,0.08598874417218444,0.07483953132603714,1,forward
59.872,73.96765998739606,60.20747959388316,142.29852,137.82088,0.10391792666920946,0.08957458067158945,0.07483953132603714,1,forward
59.904,63.203795395711666,63.38710052791846,142.38016,137.74552,0.10598357107512653,0.09285637875229687,0.10598357107512653,0,normal_exit
59.936,68.6090184653375,72.36229294709881,142.47436,137.83972,0.10501285909076799,0.09528767481999109,0.10496755776927547,0,forward
59.968,64.77258589790945,62.81428399638086,142.56856,137.93392,0.10341910741149161,0.0969139613382912,0.1032413648081835,0,forward
60.0,66.58004901833164,71.68123730865143,142.66904,138.02812,0.10548437159331775,0.09862804338929651,0.1030421425195685,0,forward
60.032000000000004,66.86134381707133,63.62005625233691,142.76324,138.1286,0.10894629985089475,0.10069169468161616,0.10408138492743409,0,forward
60.064,65.23185511675521,65.449307051955,142.85744,138.2228,0.10656029805899404,0.10186541535709175,0.10377647817875152,0,forward
60.096000000000004,65.71108786928288,59.772405301401065,142.95792,138.317,0.10861442951908074,0.10321521818948955,0.10425846429682373,0,forward
60.128,66.49939164163217,63.174727441224064,143.05212,138.4112,0.10478816449414108,0.10352980745041987,0.1032133026470817,0,forward
60.160000000000004,68.18192335249333,72.52584018197628,143.14632,138.51168,0.10490025808683068,0.10380389757770203,0.1025397598753552,0,forward
60.192,64.70520739231881,69.31741386476703,143.24052,138.60588,0.10631033386445263,0.10430518483505216,0.10265302978461428,0,forward
60.224000000000004,70.08553670900598,68.17987671169966,143.341,138.70008,0.1066058752284817,0.10476532291373808,0.10278931995835348,0,forward
60.256,60.90772043461119,68.50819775691131,143.4352,138.80056,0.1077381601936206,0.10535989036971459,0.10328205316322352,0,forward
60.288000000000004,68.99652815716115,62.8446318995409,143.5294,138.89476,0.10705676777982052,0.10569926585173578,0.1033952233773114,0,forward
60.32,63.508387689105895,65.3200704247395,143.6236,138.98896,0.10485571970456073,0.10553055662230078,0.10267921754951723,0,forward
60.352000000000004,69.16545544396816,65.22756518549242,143.72408,139.08316,0.10511528282913334,0.1054475018636673,0.10227139427508994,0,forward
60.384,65.04322649150092,71.11865786999361,143.81828,139.18364,0.1058770652513649,0.10553341454120684,0.10228258358282548,0,forward
60.416000000000004,66.47234173515713,65.09668717466646,143.91248,139.27784,0.10339459620053858,0.10510565087307319,0.10144170353766695,0,forward
60.448,64.29972020165523,65.93760533368368,144.01296,139.37204,0.10963589517188728,0.10601169973283603,0.10309675946500467,0,forward
60.480000000000004,68.70775927143013,67.00220519313028,144.10716,139.47252,0.10508497472542684,0.1058263547313542,0.1025284752691793,0,forward
60.512,73.10113558674261,65.79373746828836,144.20136,139.56672,0.10450608311089156,0.10556230040726167,0.10199769960412947,0,forward
60.544000000000004,64.62005837211761,68.01735868701708,144.29556,139.66092,0.10809542976531572,0.10606892627887249,0.10294298892205805,0,forward
60.576,60.24412865892592,68.35800414886866,144.39604,139.75512,0.10679382080813744,0.10621390518472548,0.10304200086783269,0,forward
60.608000000000004,71.07642999257307,57.370287008420505,144.49024,139.8556,0.10447685433661334,0.10586649501510306,0.10227547022637723,0,forward
60.64,70.26752826038584,68.90010497224142,144.58444,139.9498,0.10548190732308704,0.10578957747669987,0.10218493178602776,0,forward
60.672000000000004,64.37767658236548,65.36270798016602,144.67864,140.044,0.10686358714966944,0.1060043794112938,0.10262182668084613,0,forward
60.704,69.93073846854617,65.91351460541827,144.77912,140.1382,0.10671594206385254,0.10614669194180555,0.1028079967406422,0,forward
60.736000000000004,63.20206463388191,61.62414417748052,144.87332,140.23868,0.10534533803560865,0.10598642116056617,0.10243644069854063,0,forward
60.768,67.25661390091322,65.24142433727647,144.96752,140.33288,0.10813517261222272,0.10641617145089749,0.10323878573586065,0,forward
60.800000000000004,66.29792643204283,64.25833764609212,145.068,140.42708,0.10707228771230275,0.10654739470317855,0.10333158906888183,0,forward
60.832,67.23151329155716,69.8199114499102,145.1622,140.52756,0.10679488357159612,0.10659689247686208,0.10329176277210508,0,forward
60.864000000000004,66.70117014747619,66.97605321747304,145.2564,140.62176,0.10886127127339315,0.1070497682361683,0.10404781254353261,0,forward
60.896,67.51636123018642,67.78115308730831,145.3506,140.71596,0.10826820379826978,0.1072934553485886,0.1043205308492344,0,forward
60.928000000000004,65.671048440675,66.3842362849979,145.45108,140.81016,0.10930138658406725,0.10769504159568433,0.10482438235100794,0,forward
60.96,68.05418548760964,69.9523246271273,145.54528,140.91064,0.10670057993289357,0.10749614926312619,0.10421596656878974,0,forward
60.992000000000004,68.90236343152135,63.714535427215225,145.63948,141.00484,0.1074529620032407,0.1074875118111491,0.10413637587805771,0,forward
61.024,66.80360879919257,69.0911560001542,145.73996,141.09904,0.10731689544337192,0.10745338853759367,0.10399524331946179,0,forward
61.056000000000004,67.55508845782099,70.41161382814053,145.83416,141.19324,0.10637476450642643,0.10723766373136023,0.10360845598891995,0,forward
61.088,63.28480454912686,70.39338150785002,145.92836,141.29372,0.10313328311943949,0.1064167876089761,0.10215764394381097,0,forward
61.120000000000005,67.46706473603064,70.75838253034118,146.02256,141.38792,0.10613008531568643,0.10635944715031817,0.1023415323271157,0,forward
61.152,69.47987635153264,71.75097553781995,146.12304,141.48212,0.10543589550771897,0.10617473682179834,0.10216953359153656,0,forward
61.184000000000005,74.95820664280498,68.2122954459701,146.21724,141.5826,0.10325364720360819,0.10559051889816032,0.10127734773145575,0,forward
61.216,69.19793582864368,71.15103235957115,146.31144,141.6768,0.10585438782804882,0.10564329268413802,0.10167783818439811,0,forward
61.248000000000005,61.99974017827642,70.12903290555,146.40564,141.771,0.1065749887969105,0.10582963190669252,0.10219301065274353,0,forward
61.28,64.45232024150047,68.14934196830446,146.50612,141.8652,0.10799912971211909,0.10626353146777784,0.10299251898735871,0,forward
61.312000000000005,64.63794312952389,70.01333775902903,146.60032,141.96568,0.10665718288130677,0.10634226175048363,0.10302483479922409,0,forward
61.344,67.49304901029977,62.36270499671626,146.69452,142.05988,0.10847968841489394,0.1067697470833657,0.10373980858998108,0,forward
61.376000000000005,65.11042644205112,68.21444604490904,146.795,142.15408,0.10413798500625343,0.10624339466794325,0.10260188053730677,0,forward
61.408,65.80176453792168,72.09974815807368,146.8892,142.24828,0.10519412552459705,0.10603354083927402,0.10229130311844341,0,forward
61.44,64.35588246855582,69.92935920860616,146.9834,142.34876,0.10671692378634257,0.10617021742868774,0.1025962374546357,0,forward
