time,x_odom,y_odom,theta_odom,modo,distancia_obstaculo
0.064,-0.45,-0.45000000000000007,0.0,SEGUIR_RUTA,0.10826016666145237
0.096,-0.44993563410455617,-0.4499992730861703,0.01129298245614035,SEGUIR_RUTA,0.1075531483463107
0.128,-0.44993563410455617,-0.4499992730861703,0.02032736842105263,SEGUIR_RUTA,0.10695270368919894
0.16,-0.44993563410455617,-0.4499992730861703,0.03387894736842106,SEGUIR_RUTA,0.10611202245027655
0.192,-0.44993563410455617,-0.4499992730861703,0.04291333333333334,SEGUIR_RUTA,0.10715869108669222
0.224,-0.44993563410455617,-0.4499992730861703,0.05646491228070176,SEGUIR_RUTA,0.1077534013401543
0.256,-0.44993563410455617,-0.4499992730861703,0.06549929824561403,SEGUIR_RUTA,0.10672478284934893
0.28800000000000003,-0.44993563410455617,-0.4499992730861703,0.07905087719298244,SEGUIR_RUTA,0.10666757912012535
0.32,-0.44993563410455617,-0.4499992730861703,0.08808526315789472,SEGUIR_RUTA,0.10833094733453892
0.352,-0.44993563410455617,-0.4499992730861703,0.10163684210526315,SEGUIR_RUTA,0.10822548922197954
0.384,-0.44993563410455617,-0.4499992730861703,0.11067122807017542,SEGUIR_RUTA,0.10680667029987916
0.41600000000000004,-0.44993563410455617,-0.4499992730861703,0.12422280701754382,SEGUIR_RUTA,0.1071453483218406
0.448,-0.44993563410455617,-0.4499992730861703,0.1377743859649123,SEGUIR_RUTA,0.10702259726794632
0.48,-0.44993563410455617,-0.4499992730861703,0.14680877192982456,SEGUIR_RUTA,0.10754005444517356
0.512,-0.44993563410455617,-0.4499992730861703,0.16036035087719297,SEGUIR_RUTA,0.10671052016930246
0.544,-0.44993563410455617,-0.4499992730861703,0.16939473684210526,SEGUIR_RUTA,0.10738280786955946
0.5760000000000001,-0.44993563410455617,-0.4499992730861703,0.18294631578947368,SEGUIR_RUTA,0.10790451193450094
0.608,-0.44993563410455617,-0.4499992730861703,0.19198070175438597,SEGUIR_RUTA,0.10805990246929614
0.64,-0.44993563410455617,-0.4499992730861703,0.20553228070175442,SEGUIR_RUTA,0.10745467362520775
0.672,-0.44993563410455617,-0.4499992730861703,0.21456666666666666,SEGUIR_RUTA,0.10769232056008028
0.704,-0.44993563410455617,-0.4499992730861703,0.2281182456140351,SEGUIR_RUTA,0.10763144841160639
0.736,-0.44993563410455617,-0.4499992730861703,0.2416698245614035,SEGUIR_RUTA,0.10693951954612756
0.768,-0.44993563410455617,-0.4499992730861703,0.2507042105263158,SEGUIR_RUTA,0.10676474791907326
0.8,-0.44993563410455617,-0.4499992730861703,0.2642557894736842,SEGUIR_RUTA,0.10750765337611315
0.8320000000000001,-0.44993563410455617,-0.4499992730861703,0.27329017543859646,SEGUIR_RUTA,0.10695315678799948
0.864,-0.44993563410455617,-0.4499992730861703,0.2868417543859649,SEGUIR_RUTA,0.10659686008030464
0.896,-0.44993563410455617,-0.4499992730861703,0.29587614035087717,SEGUIR_RUTA,0.10765568241902689
0.928,-0.44993563410455617,-0.4499992730861703,0.3094277192982456,SEGUIR_RUTA,0.10544450148747292
0.96,-0.44993563410455617,-0.4499992730861703,0.3184621052631579,SEGUIR_RUTA,0.1054218757069417
0.992,-0.44993563410455617,-0.4499992730861703,0.3320136842105263,SEGUIR_RUTA,0.10585283931432936
1.024,-0.44993563410455617,-0.4499992730861703,0.34104807017543853,SEGUIR_RUTA,0.10573615298176035
1.056,-0.44993563410455617,-0.4499992730861703,0.35459964912280695,SEGUIR_RUTA,0.10802320893403762
1.088,-0.44993563410455617,-0.4499992730861703,0.36815122807017536,SEGUIR_RUTA,0.1073102111509341
1.12,-0.44993563410455617,-0.4499992730861703,0.37718561403508766,SEGUIR_RUTA,0.10756821238391502
1.1520000000000001,-0.44993563410455617,-0.4499992730861703,0.39073719298245607,SEGUIR_RUTA,0.10654615641846199
1.184,-0.44993563410455617,-0.4499992730861703,0.39977157894736837,SEGUIR_RUTA,0.10687586894652044
1.216,-0.44993563410455617,-0.4499992730861703,0.4133231578947368,SEGUIR_RUTA,0.10720831472961252
1.248,-0.44993563410455617,-0.4499992730861703,0.42235754385964897,SEGUIR_RUTA,0.10715895147952846
1.28,-0.44993563410455617,-0.4499992730861703,0.4359091228070174,SEGUIR_RUTA,0.10755978754906236
1.312,-0.44993563410455617,-0.4499992730861703,0.4449435087719297,SEGUIR_RUTA,0.10964504301102852
1.344,-0.44993563410455617,-0.4499992730861703,0.4584950877192981,SEGUIR_RUTA,0.10948785973193578
1.3760000000000001,-0.44993563410455617,-0.4499992730861703,0.4675294736842104,SEGUIR_RUTA,0.10840310424553357
1.408,-0.44993563410455617,-0.4499992730861703,0.4810810526315788,SEGUIR_RUTA,0.10757307605412926
1.44,-0.44993563410455617,-0.4499992730861703,0.4946326315789472,SEGUIR_RUTA,0.10767462686317393
1.472,-0.44993563410455617,-0.4499992730861703,0.5036670175438595,SEGUIR_RUTA,0.10766484630336551
1.504,-0.44993563410455617,-0.4499992730861703,0.5172185964912278,SEGUIR_RUTA,0.1085877709964794
1.536,-0.44993563410455617,-0.4499992730861703,0.52625298245614,SEGUIR_RUTA,0.10869353156875634
1.568,-0.44993563410455617,-0.4499992730861703,0.5398045614035086,SEGUIR_RUTA,0.1079105412532818
1.6,-0.44993563410455617,-0.4499992730861703,0.5488389473684209,SEGUIR_RUTA,0.10808372652136644
1.6320000000000001,-0.44993563410455617,-0.4499992730861703,0.5623905263157893,SEGUIR_RUTA,0.10722910152839792
1.6640000000000001,-0.44993563410455617,-0.4499992730861703,0.5714249122807016,SEGUIR_RUTA,0.10887530357558663
1.696,-0.44993563410455617,-0.4499992730861703,0.5849764912280699,SEGUIR_RUTA,0.10803156618626662
1.728,-0.44993563410455617,-0.4499992730861703,0.5940108771929822,SEGUIR_RUTA,0.10716039490921982
1.76,-0.44993563410455617,-0.4499992730861703,0.6075624561403506,SEGUIR_RUTA,0.1077538255785925
1.792,-0.44993563410455617,-0.4499992730861703,0.621114035087719,SEGUIR_RUTA,0.1067495692246243
1.824,-0.44993563410455617,-0.4499992730861703,0.6301484210526312,SEGUIR_RUTA,0.10704464751141056
1.856,-0.44993563410455617,-0.4499992730861703,0.6436999999999996,SEGUIR_RUTA,0.1077873515801078
1.8880000000000001,-0.44993563410455617,-0.4499992730861703,0.6527343859649118,SEGUIR_RUTA,0.10605131489161998
1.92,-0.44993563410455617,-0.4499992730861703,0.6662859649122803,SEGUIR_RUTA,0.10593418232134977
1.952,-0.44993563410455617,-0.4499992730861703,0.6753203508771927,SEGUIR_RUTA,0.10505541413069272
1.984,-0.44993563410455617,-0.4499992730861703,0.6888719298245611,SEGUIR_RUTA,0.10507143567336738
2.016,-0.44993563410455617,-0.4499992730861703,0.6979063157894734,SEGUIR_RUTA,0.10571696139725313
2.048,-0.44993563410455617,-0.4499992730861703,0.7114578947368418,SEGUIR_RUTA,0.10673664331559246
2.08,-0.44993563410455617,-0.4499992730861703,0.7250094736842102,SEGUIR_RUTA,0.10672069534742051
2.112,-0.44993563410455617,-0.4499992730861703,0.7340438596491227,SEGUIR_RUTA,0.1071705861569219
2.144,-0.44993563410455617,-0.4499992730861703,0.747595438596491,SEGUIR_RUTA,0.1056073427317005
2.176,-0.44993563410455617,-0.4499992730861703,0.7566298245614033,SEGUIR_RUTA,0.10682000114889784
2.208,-0.44993563410455617,-0.4499992730861703,0.7701814035087717,SEGUIR_RUTA,0.1067582054327232
2.24,-0.44993563410455617,-0.4499992730861703,0.779215789473684,SEGUIR_RUTA,0.10556016434579965
2.2720000000000002,-0.44993563410455617,-0.4499992730861703,0.7927673684210523,SEGUIR_RUTA,0.10618618815222532
2.3040000000000003,-0.44993563410455617,-0.4499992730861703,0.8018017543859646,SEGUIR_RUTA,0.10597247207927049
2.336,-0.44993563410455617,-0.4499992730861703,0.8153533333333329,SEGUIR_RUTA,0.10654839631704975
2.368,-0.44993563410455617,-0.4499992730861703,0.8243877192982453,SEGUIR_RUTA,0.10625945450661793
2.4,-0.44993563410455617,-0.4499992730861703,0.8379392982456136,SEGUIR_RUTA,0.10680726845166874
2.432,-0.44993563410455617,-0.4499992730861703,0.851490877192982,SEGUIR_RUTA,0.10812645737596459
2.464,-0.44993563410455617,-0.4499992730861703,0.8605252631578943,SEGUIR_RUTA,0.10784984074898946
2.496,-0.44993563410455617,-0.4499992730861703,0.8740768421052627,SEGUIR_RUTA,0.10800220719656241
2.528,-0.44993563410455617,-0.4499992730861703,0.883111228070175,SEGUIR_RUTA,0.10732333210528848
2.56,-0.44993563410455617,-0.4499992730861703,0.8966628070175434,SEGUIR_RUTA,0.1069361602356395
2.592,-0.44993563410455617,-0.4499992730861703,0.9056971929824557,SEGUIR_RUTA,0.10655679870395589
2.624,-0.44993563410455617,-0.4499992730861703,0.9192487719298241,SEGUIR_RUTA,0.10681722949319115
2.656,-0.44993563410455617,-0.4499992730861703,0.9282831578947364,SEGUIR_RUTA,0.10627886377393063
2.688,-0.44993563410455617,-0.4499992730861703,0.9418347368421047,SEGUIR_RUTA,0.10634058871173842
2.72,-0.44993563410455617,-0.4499992730861703,0.950869122807017,SEGUIR_RUTA,0.10652165168143685
2.7520000000000002,-0.44993563410455617,-0.4499992730861703,0.9644207017543853,SEGUIR_RUTA,0.10632481295732508
2.7840000000000003,-0.44993563410455617,-0.4499992730861703,0.9779722807017537,SEGUIR_RUTA,0.10727232906363893
2.816,-0.44993563410455617,-0.4499992730861703,0.987006666666666,SEGUIR_RUTA,0.10693036283365721
2.848,-0.44993563410455617,-0.4499992730861703,1.0005582456140345,SEGUIR_RUTA,0.10710798861517994
2.88,-0.44993563410455617,-0.4499992730861703,1.0095926315789467,SEGUIR_RUTA,0.10688539117356177
2.912,-0.44993563410455617,-0.4499992730861703,1.0231442105263153,SEGUIR_RUTA,0.10543429076232912
2.944,-0.44993563410455617,-0.4499992730861703,1.0321785964912276,SEGUIR_RUTA,0.10597905568827998
2.976,-0.44993563410455617,-0.4499992730861703,1.045730175438596,SEGUIR_RUTA,0.10670654229951174
3.008,-0.44993563410455617,-0.4499992730861703,1.0547645614035082,SEGUIR_RUTA,0.10801392975439884
3.04,-0.44993563410455617,-0.4499992730861703,1.0683161403508765,SEGUIR_RUTA,0.10796211668159533
3.072,-0.44993563410455617,-0.4499992730861703,1.0773505263157888,SEGUIR_RUTA,0.10774367665685411
3.104,-0.44993563410455617,-0.4499992730861703,1.0909021052631571,SEGUIR_RUTA,0.10807258887906937
3.136,-0.44993563410455617,-0.4499992730861703,1.1044536842105255,SEGUIR_RUTA,0.10792434012324446
3.168,-0.44993563410455617,-0.4499992730861703,1.113488070175438,SEGUIR_RUTA,0.10723655920672247
3.2,-0.44993563410455617,-0.4499992730861703,1.1270396491228063,SEGUIR_RUTA,0.10760435631766922
3.232,-0.44993563410455617,-0.4499992730861703,1.1360740350877185,SEGUIR_RUTA,0.10771113194443686
3.2640000000000002,-0.44993563410455617,-0.4499992730861703,1.1496256140350871,SEGUIR_RUTA,0.1063583126306046
3.2960000000000003,-0.44993563410455617,-0.4499992730861703,1.1586599999999994,SEGUIR_RUTA,0.10592059245192757
3.3280000000000003,-0.44993563410455617,-0.4499992730861703,1.1722115789473677,SEGUIR_RUTA,0.10575875535778055
3.36,-0.44993563410455617,-0.4499992730861703,1.18124596491228,SEGUIR_RUTA,0.10705666037227837
3.392,-0.44993563410455617,-0.4499992730861703,1.1947975438596483,SEGUIR_RUTA,0.10627236122922049
3.424,-0.44993563410455617,-0.4499992730861703,1.208349122807017,SEGUIR_RUTA,0.10680473481363642
3.456,-0.44993563410455617,-0.4499992730861703,1.2173835087719291,SEGUIR_RUTA,0.10643647631934668
3.488,-0.44993563410455617,-0.4499992730861703,1.2309350877192975,SEGUIR_RUTA,0.10763707069405395
3.52,-0.44993563410455617,-0.4499992730861703,1.23996947368421,SEGUIR_RUTA,0.10764888686227625
3.552,-0.44993563410455617,-0.4499992730861703,1.2535210526315783,SEGUIR_RUTA,0.10876850361331421
3.584,-0.44993563410455617,-0.4499992730861703,1.2625554385964906,SEGUIR_RUTA,0.10701446265401596
3.616,-0.44993563410455617,-0.4499992730861703,1.2761070175438591,SEGUIR_RUTA,0.10739427168400893
3.648,-0.44993563410455617,-0.4499992730861703,1.2851414035087714,SEGUIR_RUTA,0.10786259869319648
3.68,-0.44993563410455617,-0.4499992730861703,1.2986929824561397,SEGUIR_RUTA,0.10787111688521545
3.712,-0.44993563410455617,-0.4499992730861703,1.307727368421052,SEGUIR_RUTA,0.10870837011391542
3.744,-0.44993563410455617,-0.4499992730861703,1.3212789473684203,SEGUIR_RUTA,0.10725191482991454
3.7760000000000002,-0.44993563410455617,-0.4499992730861703,1.334830526315789,SEGUIR_RUTA,0.10783363817100301
3.8080000000000003,-0.44993563410455617,-0.4499992730861703,1.3438649122807012,SEGUIR_RUTA,0.10725931802734749
3.84,-0.44993563410455617,-0.4499992730861703,1.3574164912280695,SEGUIR_RUTA,0.10704263083714635
3.872,-0.44993563410455617,-0.4499992730861703,1.366450877192982,SEGUIR_RUTA,0.10765760628517487
3.904,-0.44993563410455617,-0.4499992730861703,1.3800024561403503,SEGUIR_RUTA,0.10787306513678249
3.936,-0.44993563410455617,-0.4499992730861703,1.3890368421052626,SEGUIR_RUTA,0.10780816253180793
3.968,-0.44993563410455617,-0.4499992730861703,1.4025884210526312,SEGUIR_RUTA,0.10932913057245214
4.0,-0.44993563410455617,-0.4499992730861703,1.4116228070175434,SEGUIR_RUTA,0.10827323164457953
4.032,-0.44993563410455617,-0.4499992730861703,1.4251743859649117,SEGUIR_RUTA,0.10939726570294571
4.064,-0.44993563410455617,-0.4499992730861703,1.434208771929824,SEGUIR_RUTA,0.10836355359284006
4.096,-0.44993563410455617,-0.4499992730861703,1.4477603508771923,SEGUIR_RUTA,0.10797223417102247
4.128,-0.44993563410455617,-0.4499992730861703,1.4613119298245607,SEGUIR_RUTA,0.10746355199584756
4.16,-0.44993563410455617,-0.4499992730861703,1.4703463157894732,SEGUIR_RUTA,0.10789371462155181
4.192,-0.44993563410455617,-0.4499992730861703,1.4838978947368415,SEGUIR_RUTA,0.10746902451607449
4.224,-0.44993563410455617,-0.4499992730861703,1.4929322807017538,SEGUIR_RUTA,0.1078599451308976
4.256,-0.44993563410455617,-0.4499992730861703,1.5064838596491221,SEGUIR_RUTA,0.1078034597188053
4.288,-0.44993563410455617,-0.4499992730861703,1.5155182456140346,SEGUIR_RUTA,0.1090362963158164
4.32,-0.44993563410455617,-0.4499992730861703,1.529069824561403,SEGUIR_RUTA,0.10827487895250103
4.352,-0.44993563410455617,-0.4499992730861703,1.5381042105263154,SEGUIR_RUTA,0.10732358753145434
4.384,-0.44993563410455617,-0.4499992730861703,1.5516557894736838,SEGUIR_RUTA,0.10790926334312691
4.416,-0.44993563410455617,-0.4499992730861703,1.560690175438596,SEGUIR_RUTA,0.10801807105572882
4.448,-0.4499250261241975,-0.4486475447097379,1.5629487719298243,SEGUIR_RUTA,0.10551805276591444
4.48,-0.44991492328576066,-0.4473601843512308,1.562948771929824,SEGUIR_RUTA,0.10545654589843882
4.5120000000000005,-0.4499048204473238,-0.44607282399272374,1.562948771929824,SEGUIR_RUTA,0.10520241868625871
4.5440000000000005,-0.449894717608887,-0.44478546363421667,1.562948771929824,SEGUIR_RUTA,0.10418289638092555
4.5760000000000005,-0.44988461477045016,-0.4434981032757096,1.562948771929824,SEGUIR_RUTA,0.10313728522594401
4.6080000000000005,-0.44987350164816964,-0.4420820068813518,1.562948771929824,SEGUIR_RUTA,0.10504603410855756
4.64,-0.4498633988097328,-0.4407946465228447,1.562948771929824,SEGUIR_RUTA,0.10488827806207207
4.672,-0.449853295971296,-0.43950728616433765,1.562948771929824,SEGUIR_RUTA,0.10577090524856272
4.704,-0.44984319313285914,-0.4382199258058306,1.562948771929824,SEGUIR_RUTA,0.10510119654280639
4.736,-0.4498330902944223,-0.4369325654473235,1.5629487719298238,SEGUIR_RUTA,0.10412966178527382
4.768,-0.4498219771721418,-0.4355164690529657,1.5629487719298238,SEGUIR_RUTA,0.10404229207934516
4.8,-0.44981187433370495,-0.43422910869445863,1.5629487719298238,SEGUIR_RUTA,0.10496411206147609
4.832,-0.4498017714952681,-0.43294174833595156,1.5629487719298238,SEGUIR_RUTA,0.10542686901497741
4.864,-0.4497916686568313,-0.4316543879774445,1.5629487719298238,SEGUIR_RUTA,0.10407562655015698
4.896,-0.44978156581839446,-0.4303670276189374,1.5629487719298238,SEGUIR_RUTA,0.10443557902294391
4.928,-0.4497679048587204,-0.429015326649388,1.5606901754385958,SEGUIR_RUTA,0.1043673074020772
4.96,-0.44975729687836175,-0.4276635982729556,1.5629487719298238,SEGUIR_RUTA,0.10367624812469044
4.992,-0.4497471940399249,-0.4263762379144485,1.5629487719298238,SEGUIR_RUTA,0.104753286601858
5.024,-0.4497370912014881,-0.42508887755594144,1.5629487719298238,SEGUIR_RUTA,0.10558546833773925
5.056,-0.44972698836305125,-0.42380151719743436,1.5629487719298238,SEGUIR_RUTA,0.10408389442997745
5.088,-0.4497168855246144,-0.4225141568389273,1.5629487719298238,SEGUIR_RUTA,0.1052138010290363
5.12,-0.4497057724023339,-0.4210980604445695,1.5629487719298238,SEGUIR_RUTA,0.10523303712388161
5.152,-0.44969566956389706,-0.4198107000860624,1.5629487719298238,SEGUIR_RUTA,0.10623031571260519
5.184,-0.44968556672546023,-0.41852333972755534,1.5629487719298236,SEGUIR_RUTA,0.10482321126796015
5.216,-0.4496754638870234,-0.41723597936904827,1.5629487719298236,SEGUIR_RUTA,0.103074936162937
5.248,-0.44966536104858656,-0.4159486190105412,1.5629487719298236,SEGUIR_RUTA,0.10388214852893146
5.28,-0.44965424792630604,-0.4145325226161834,1.5629487719298236,SEGUIR_RUTA,0.10422530772539193
5.312,-0.4496441450878692,-0.4132451622576763,1.5629487719298236,SEGUIR_RUTA,0.10473137166408013
5.344,-0.4496340422494324,-0.41195780189916925,1.5629487719298236,SEGUIR_RUTA,0.1033452409955158
5.376,-0.44962393941099554,-0.4106704415406622,1.5629487719298236,SEGUIR_RUTA,0.10388703491771009
5.408,-0.4496138365725587,-0.4093830811821551,1.5629487719298234,SEGUIR_RUTA,0.10500370424844785
5.44,-0.4496001756128847,-0.4080313802126057,1.5606901754385953,SEGUIR_RUTA,0.1054376785795263
5.472,-0.449589567632526,-0.4066796518361733,1.5629487719298236,SEGUIR_RUTA,0.10485320508958908
5.5040000000000004,-0.4495827322043519,-0.40545664093768474,1.5652073684210515,SEGUIR_RUTA,0.10526436228356446
5.5360000000000005,-0.44957553701680025,-0.40416926104453893,1.5652073684210515,SEGUIR_RUTA,0.10436735979215066
5.5680000000000005,-0.4495683418292486,-0.4028818811513931,1.5652073684210515,SEGUIR_RUTA,0.10459651946059009
5.6000000000000005,-0.44956114664169694,-0.4015945012582473,1.5652073684210515,SEGUIR_RUTA,0.10448641273072586
5.632,-0.4495532319353901,-0.40017838337578693,1.5652073684210512,SEGUIR_RUTA,0.10509995354269024
5.664,-0.44954603674783844,-0.3988910034826411,1.5652073684210512,SEGUIR_RUTA,0.10473018185407387
5.696,-0.4495388415602868,-0.3976036235894953,1.5652073684210512,SEGUIR_RUTA,0.10391952277450338
5.728,-0.4495316463727351,-0.3963162436963495,1.5652073684210512,SEGUIR_RUTA,0.10379538599447573
5.76,-0.44952445118518347,-0.3950288638032037,1.565207368421051,SEGUIR_RUTA,0.10402690395613633
5.792,-0.4495165364788766,-0.3936127459207433,1.5652073684210512,SEGUIR_RUTA,0.10546079333747677
5.824,-0.44950934129132497,-0.3923253660275975,1.5652073684210512,SEGUIR_RUTA,0.10425129407578669
5.856,-0.4495021461037733,-0.3910379861344517,1.565207368421051,SEGUIR_RUTA,0.1041736766393374
5.888,-0.44950177893773413,-0.39110235508728686,1.5765003508771915,SEGUIR_RUTA,0.10653664213248859
5.92,-0.4495098565905956,-0.38968623812491254,1.5765003508771913,SEGUIR_RUTA,0.10652548048679289
5.952,-0.4495171999113788,-0.38839885906820865,1.5765003508771913,SEGUIR_RUTA,0.10562674778113791
5.984,-0.44952454323216195,-0.38711148001150475,1.5765003508771913,SEGUIR_RUTA,0.10585998823638629
6.016,-0.4495318865529451,-0.38582410095480085,1.5765003508771913,SEGUIR_RUTA,0.10554367004664644
6.048,-0.4495392298737283,-0.38453672189809696,1.576500350877191,SEGUIR_RUTA,0.10685092467906868
6.08,-0.4495473075265898,-0.38312060493572264,1.5765003508771913,SEGUIR_RUTA,0.106032966261721
6.112,-0.44955465084737295,-0.38183322587901875,1.5765003508771913,SEGUIR_RUTA,0.10681767853726651
6.144,-0.4495619941681561,-0.38054584682231485,1.576500350877191,SEGUIR_RUTA,0.10673707093001233
6.176,-0.4495693374889393,-0.37925846776561095,1.576500350877191,SEGUIR_RUTA,0.10638492547662055
6.208,-0.44957668080972246,-0.37797108870890705,1.576500350877191,SEGUIR_RUTA,0.10638052274151798
6.24,-0.44958744432759384,-0.3766193615620379,1.578758947368419,SEGUIR_RUTA,0.10717150010348862
6.272,-0.44959515481441614,-0.37526761355249877,1.5765003508771909,SEGUIR_RUTA,0.10738721914422812
6.304,-0.4496024981351993,-0.37398023449579487,1.5765003508771909,SEGUIR_RUTA,0.10625308798240828
6.336,-0.4496098414559825,-0.372692855439091,1.5765003508771909,SEGUIR_RUTA,0.1061812669452363
6.368,-0.44961718477676565,-0.3714054763823871,1.5765003508771909,SEGUIR_RUTA,0.10676509816126602
6.4,-0.4496245280975488,-0.3701180973256832,1.5765003508771906,SEGUIR_RUTA,0.10684274252645809
6.432,-0.4496326057504103,-0.36870198036330887,1.5765003508771909,SEGUIR_RUTA,0.10603545500601111
6.464,-0.4496399490711935,-0.36741460130660497,1.5765003508771909,SEGUIR_RUTA,0.10655346218296595
6.496,-0.44964729239197665,-0.3661272222499011,1.5765003508771906,SEGUIR_RUTA,0.10548934561126808
6.5280000000000005,-0.4496546357127598,-0.3648398431931972,1.5765003508771906,SEGUIR_RUTA,0.1053969840415744
6.5600000000000005,-0.449655729757391,-0.36477548249116293,1.587793333333331,SEGUIR_RUTA,0.10569669275576497
6.5920000000000005,-0.44967761065001455,-0.3634882684504774,1.587793333333331,SEGUIR_RUTA,0.10519965253472219
6.6240000000000006,-0.4496994915426381,-0.36220105440979183,1.5877933333333312,SEGUIR_RUTA,0.10422166207819739
6.656000000000001,-0.44972137243526167,-0.3609138403691063,1.5877933333333312,SEGUIR_RUTA,0.10336629621795242
6.688,-0.449747399973292,-0.3595623209648194,1.5900519298245592,SEGUIR_RUTA,0.10337096529393984
6.72,-0.4497703749105467,-0.3582107462220996,1.5877933333333312,SEGUIR_RUTA,0.10383283990627554
6.752,-0.4497922558031703,-0.35692353218141404,1.5877933333333312,SEGUIR_RUTA,0.10334860381126351
6.784,-0.44981413669579384,-0.3556363181407285,1.587793333333331,SEGUIR_RUTA,0.10421542072326578
6.816,-0.4498360175884174,-0.35434910410004294,1.5877933333333312,SEGUIR_RUTA,0.10462461140476771
6.848,-0.449837838372117,-0.3542847598567362,1.5990863157894715,SEGUIR_RUTA,0.1049407526094597
6.88,-0.44987425404610853,-0.35299787499060103,1.5990863157894715,SEGUIR_RUTA,0.10517700797512744
6.912,-0.4499106697201001,-0.3517109901244659,1.5990863157894715,SEGUIR_RUTA,0.10394235826356422
6.944,-0.4499106697201001,-0.3517109901244659,1.61263789473684,SEGUIR_RUTA,0.10635780926831441
6.976,-0.44996416282192847,-0.3503602789706818,1.610379298245612,SEGUIR_RUTA,0.10569380877631564
7.008,-0.44996416282192847,-0.3503602789706818,1.610379298245612,SEGUIR_RUTA,0.10542076523307696
7.04,-0.4499623420382289,-0.35042462321398854,1.5990863157894717,SEGUIR_RUTA,0.10571692545328627
7.072,-0.44996343608286005,-0.3503602625119543,1.5877933333333312,SEGUIR_RUTA,0.10612047684197427
7.104,-0.4499853169754836,-0.34907304847126874,1.5877933333333312,SEGUIR_RUTA,0.10683386579019546
7.136,-0.45000719786810717,-0.3477858344305832,1.5877933333333314,SEGUIR_RUTA,0.10541778162396764
7.168,-0.4500290787607307,-0.34649862038989765,1.5877933333333314,SEGUIR_RUTA,0.10559058220216368
7.2,-0.45005510629876105,-0.34514710098561074,1.5900519298245595,SEGUIR_RUTA,0.10511919164441506
7.232,-0.45005510629876105,-0.34514710098561074,1.5765003508771909,SEGUIR_RUTA,0.10616271432201149
7.264,-0.4500624496195442,-0.34385972192890685,1.576500350877191,SEGUIR_RUTA,0.10552083173030284
7.296,-0.4500697929403274,-0.34257234287220295,1.576500350877191,SEGUIR_RUTA,0.10582216910691979
7.328,-0.4500778705931889,-0.34115622590982864,1.5765003508771909,SEGUIR_RUTA,0.1051427664364916
7.36,-0.45008521391397205,-0.33986884685312474,1.576500350877191,SEGUIR_RUTA,0.10574654260595054
7.392,-0.4500925572347552,-0.33858146779642084,1.576500350877191,SEGUIR_RUTA,0.10522153116247153
7.424,-0.4500999005555384,-0.33729408873971695,1.5765003508771909,SEGUIR_RUTA,0.10648408434231839
7.456,-0.45010724387632156,-0.33600670968301305,1.5765003508771909,SEGUIR_RUTA,0.1064897401258371
7.488,-0.45011800739419294,-0.3346549825361439,1.5787589473684192,SEGUIR_RUTA,0.10598473003197645
7.5200000000000005,-0.45012571788101524,-0.3333032345266048,1.5765003508771909,SEGUIR_RUTA,0.1060935409208392
7.5520000000000005,-0.4501330612017984,-0.3320158554699009,1.5765003508771909,SEGUIR_RUTA,0.10676032487629472
7.5840000000000005,-0.4501404045225816,-0.330728476413197,1.5765003508771909,SEGUIR_RUTA,0.10542213910859864
7.6160000000000005,-0.45014774784336475,-0.32944109735649313,1.5765003508771906,SEGUIR_RUTA,0.10450194076378136
7.648000000000001,-0.4501550911641479,-0.3281537182997892,1.5765003508771909,SEGUIR_RUTA,0.10438469536410926
7.68,-0.4501631688170094,-0.32673760133741486,1.5765003508771906,SEGUIR_RUTA,0.10389927656024951
7.712,-0.4501705121377926,-0.32545022228071097,1.5765003508771904,SEGUIR_RUTA,0.1044277403255618
7.744,-0.45017785545857575,-0.324162843224007,1.5765003508771906,SEGUIR_RUTA,0.10502633620923281
7.776,-0.4501851987793589,-0.3228754641673031,1.5765003508771904,SEGUIR_RUTA,0.10465960201667536
7.808,-0.4501925421001421,-0.3215880851105992,1.576500350877191,SEGUIR_RUTA,0.10475184785170605
7.84,-0.4502006197530036,-0.3201719681482249,1.5765003508771909,SEGUIR_RUTA,0.1040387910747551
7.872,-0.45020796307378674,-0.318884589091521,1.5765003508771906,SEGUIR_RUTA,0.10512525253434868
7.904,-0.4502153063945699,-0.31759721003481706,1.5765003508771909,SEGUIR_RUTA,0.10484109420816172
7.936,-0.4502226497153531,-0.31630983097811316,1.5765003508771909,SEGUIR_RUTA,0.10554313019049623
7.968,-0.45022999303613626,-0.31502245192140926,1.5765003508771906,SEGUIR_RUTA,0.10516481581531327
8.0,-0.45024075655400764,-0.3136707247745401,1.5787589473684192,SEGUIR_RUTA,0.10623083263788072
8.032,-0.45024846704082994,-0.31231897676500103,1.5765003508771909,SEGUIR_RUTA,0.10513734378347625
8.064,-0.4502558103616131,-0.31103159770829714,1.5765003508771906,SEGUIR_RUTA,0.1052997934772447
8.096,-0.4502631536823963,-0.3097442186515932,1.5765003508771909,SEGUIR_RUTA,0.10513411327896628
8.128,-0.45027049700317945,-0.3084568395948893,1.5765003508771906,SEGUIR_RUTA,0.10463902898545788
8.16,-0.4502778403239626,-0.3071694605381854,1.5765003508771913,SEGUIR_RUTA,0.10476533489076276
8.192,-0.4502859179768241,-0.3057533435758111,1.576500350877191,SEGUIR_RUTA,0.10447892621744383
8.224,-0.4502932612976073,-0.3044659645191072,1.5765003508771909,SEGUIR_RUTA,0.10556828278901542
8.256,-0.45030060461839044,-0.3031785854624032,1.576500350877191,SEGUIR_RUTA,0.10542484451156912
8.288,-0.4503079479391736,-0.30189120640569933,1.576500350877191,SEGUIR_RUTA,0.10539316727238626
8.32,-0.4503152912599568,-0.30060382734899543,1.5765003508771909,SEGUIR_RUTA,0.10583712211055145
8.352,-0.45032336891281827,-0.2991877103866211,1.576500350877191,SEGUIR_RUTA,0.10412370431325646
8.384,-0.45033071223360144,-0.2979003313299172,1.576500350877191,SEGUIR_RUTA,0.10498913421646672
8.416,-0.4503380555543846,-0.2966129522732133,1.5765003508771909,SEGUIR_RUTA,0.10428523006220047
8.448,-0.4503453988751678,-0.2953255732165094,1.576500350877191,SEGUIR_RUTA,0.10485791357316314
8.48,-0.45035274219595095,-0.2940381941598055,1.5765003508771909,SEGUIR_RUTA,0.1054981734908091
8.512,-0.45036350571382233,-0.2926864670129363,1.5787589473684187,SEGUIR_RUTA,0.10565036523888346
8.544,-0.45037121620064463,-0.2913347190033972,1.576500350877191,SEGUIR_RUTA,0.10669755861958982
8.576,-0.4503785595214278,-0.2900473399466933,1.5765003508771909,SEGUIR_RUTA,0.10633366203744082
8.608,-0.450385902842211,-0.28875996088998934,1.576500350877191,SEGUIR_RUTA,0.10555439652963822
8.64,-0.45039324616299414,-0.28747258183328545,1.576500350877191,SEGUIR_RUTA,0.1051970507382813
8.672,-0.4504005894837773,-0.28618520277658155,1.5765003508771909,SEGUIR_RUTA,0.10513746059111655
8.704,-0.4504086671366388,-0.28476908581420723,1.576500350877191,SEGUIR_RUTA,0.10446840703026755
8.736,-0.45040902689601636,-0.2848334548088645,1.5652073684210506,SEGUIR_RUTA,0.10490936130313207
8.768,-0.4504018317084647,-0.2835460749157187,1.5652073684210508,SEGUIR_RUTA,0.10479903097653491
8.8,-0.45039391700215786,-0.2821299570332583,1.5652073684210508,SEGUIR_RUTA,0.10557871274643832
8.832,-0.4503867218146062,-0.2808425771401125,1.5652073684210506,SEGUIR_RUTA,0.10594905778848564
8.864,-0.45037952662705455,-0.2795551972469667,1.5652073684210508,SEGUIR_RUTA,0.1051381872344209
8.896,-0.4503723314395029,-0.2782678173538209,1.5652073684210506,SEGUIR_RUTA,0.10599013176604452
8.928,-0.45036513625195124,-0.2769804374606751,1.5652073684210506,SEGUIR_RUTA,0.10649137258678874
8.96,-0.4503579410643996,-0.27569305756752926,1.5652073684210508,SEGUIR_RUTA,0.10758731286385426
8.992,-0.45035002635809274,-0.2742769396850689,1.5652073684210506,SEGUIR_RUTA,0.10626357558170492
9.024000000000001,-0.4503428311705411,-0.2729895597919231,1.5652073684210506,SEGUIR_RUTA,0.1056589825743601
9.056000000000001,-0.4503356359829894,-0.27170217989877726,1.5652073684210508,SEGUIR_RUTA,0.10504186964477123
9.088000000000001,-0.45032844079543777,-0.27041480000563145,1.5652073684210506,SEGUIR_RUTA,0.10526456227592888
9.120000000000001,-0.4503212456078861,-0.26912742011248564,1.5652073684210508,SEGUIR_RUTA,0.10478516697428182
9.152000000000001,-0.45031333090157927,-0.26771130223002526,1.5652073684210508,SEGUIR_RUTA,0.10447804114809815
9.184000000000001,-0.4503061357140276,-0.26642392233687945,1.5652073684210506,SEGUIR_RUTA,0.10582170705130144
9.216000000000001,-0.45029894052647595,-0.26513654244373364,1.5652073684210508,SEGUIR_RUTA,0.10555899042209864
9.248,-0.4502917453389243,-0.2638491625505878,1.5652073684210506,SEGUIR_RUTA,0.10516413568554306
9.28,-0.45028455015137264,-0.262561782657442,1.5652073684210506,SEGUIR_RUTA,0.10570542191117674
9.312,-0.4502766354450658,-0.26114566477498163,1.5652073684210508,SEGUIR_RUTA,0.10599809231490247
9.344,-0.45027772208398,-0.26121002560247686,1.5539143859649103,SEGUIR_RUTA,0.10657106378463456
9.376,-0.4502559893056965,-0.25992280905257237,1.55391438596491,SEGUIR_RUTA,0.10530394295153986
9.408,-0.450234256527413,-0.2586355925026678,1.5539143859649103,SEGUIR_RUTA,0.10537061716131296
9.44,-0.45021035047130115,-0.2572196542977729,1.5539143859649103,SEGUIR_RUTA,0.10472825937748663
9.472,-0.45018861769301766,-0.2559324377478684,1.55391438596491,SEGUIR_RUTA,0.10459475765312617
9.504,-0.45016688491473417,-0.25464522119796384,1.5539143859649103,SEGUIR_RUTA,0.10540913714449629
9.536,-0.45016688491473417,-0.25464522119796384,1.5403628070175415,SEGUIR_RUTA,0.1052702949920542
9.568,-0.45012880393743054,-0.253293987697762,1.54262140350877,SEGUIR_RUTA,0.10547238110362298
9.6,-0.4500925363399985,-0.2520070986499508,1.54262140350877,SEGUIR_RUTA,0.10575136316263523
9.632,-0.450095076229567,-0.25207141852138243,1.531328421052629,SEGUIR_RUTA,0.106761785997387
9.664,-0.450038687961912,-0.2507208251346924,1.5290698245614014,SEGUIR_RUTA,0.10636686313575354
9.696,-0.450038687961912,-0.2507208251346924,1.5290698245614014,SEGUIR_RUTA,0.10729734421503913
9.728,-0.450038687961912,-0.2507208251346924,1.5426214035087695,SEGUIR_RUTA,0.10723548864802585
9.76,-0.450038687961912,-0.2507208251346924,1.551655789473682,SEGUIR_RUTA,0.10834513043884193
9.792,-0.450038687961912,-0.2507208251346924,1.5652073684210508,SEGUIR_RUTA,0.10778519803721161
9.824,-0.45003149277436033,-0.24943344524154662,1.5652073684210506,SEGUIR_RUTA,0.10736434609214161
9.856,-0.4500242975868087,-0.24814606534840083,1.5652073684210506,SEGUIR_RUTA,0.10450993846579697
9.888,-0.45001638288050183,-0.24672994746594043,1.5652073684210508,SEGUIR_RUTA,0.10350028134541311
9.92,-0.4500091876929502,-0.24544256757279465,1.5652073684210506,SEGUIR_RUTA,0.10477163382597343
9.952,-0.4500019925053985,-0.24415518767964886,1.5652073684210506,SEGUIR_RUTA,0.10585313541638156
9.984,-0.44999479731784686,-0.24286780778650305,1.5652073684210508,SEGUIR_RUTA,0.1057339921547392
10.016,-0.4499876021302952,-0.24158042789335726,1.5652073684210506,SEGUIR_RUTA,0.10536372091809203
10.048,-0.44997968742398836,-0.2401643100108969,1.5652073684210503,SEGUIR_RUTA,0.10529233052020359
10.08,-0.4499724922364367,-0.23887693011775107,1.565207368421051,SEGUIR_RUTA,0.10535519612677587
10.112,-0.44996529704888505,-0.23758955022460526,1.5652073684210503,SEGUIR_RUTA,0.1061693967786312
10.144,-0.4499581018613334,-0.23630217033145945,1.565207368421051,SEGUIR_RUTA,0.1049739419360875
10.176,-0.44995090667378174,-0.23501479043831366,1.565207368421051,SEGUIR_RUTA,0.10498788544671565
10.208,-0.4499437114862301,-0.23372741054516785,1.5652073684210503,SEGUIR_RUTA,0.10509908320424596
10.24,-0.44993579677992324,-0.23231129266270745,1.565207368421051,SEGUIR_RUTA,0.10520324423743214
10.272,-0.4499286015923716,-0.23102391276956166,1.565207368421051,SEGUIR_RUTA,0.10505038500943753
10.304,-0.4499214064048199,-0.22973653287641585,1.5652073684210503,SEGUIR_RUTA,0.10497543721392229
10.336,-0.44991421121726827,-0.22844915298327004,1.565207368421051,SEGUIR_RUTA,0.10597686514528677
10.368,-0.4499070160297166,-0.22716177309012422,1.5652073684210503,SEGUIR_RUTA,0.10596241283246918
10.4,-0.44989910132340977,-0.22574565520766385,1.5652073684210503,SEGUIR_RUTA,0.10534486232906272
10.432,-0.4498919061358581,-0.22445827531451804,1.565207368421051,SEGUIR_RUTA,0.10539557164486296
10.464,-0.44988471094830645,-0.22317089542137222,1.5652073684210503,SEGUIR_RUTA,0.10503604442884255
10.496,-0.4498775157607548,-0.2218835155282264,1.565207368421051,SEGUIR_RUTA,0.10614377561983247
10.528,-0.44987032057320314,-0.22059613563508063,1.565207368421051,SEGUIR_RUTA,0.10649815475899506
10.56,-0.4498624058668963,-0.21918001775262022,1.5652073684210503,SEGUIR_RUTA,0.10582143275754771
10.592,-0.44985521067934464,-0.2178926378594744,1.565207368421051,SEGUIR_RUTA,0.107079733879888
10.624,-0.449848015491793,-0.21660525796632862,1.565207368421051,SEGUIR_RUTA,0.10547187602813218
10.656,-0.44984082030424133,-0.2153178780731828,1.5652073684210503,SEGUIR_RUTA,0.10585883804135288
10.688,-0.4498336251166897,-0.214030498180037,1.565207368421051,SEGUIR_RUTA,0.10616115850417054
10.72,-0.449826429929138,-0.2127431182868912,1.5652073684210503,SEGUIR_RUTA,0.10557269051551872
10.752,-0.4498185152228312,-0.2113270004044308,1.5652073684210503,SEGUIR_RUTA,0.10485396523768052
10.784,-0.4498113200352795,-0.210039620511285,1.565207368421051,SEGUIR_RUTA,0.10461294516480976
10.816,-0.44980412484772786,-0.20875224061813918,1.5652073684210503,SEGUIR_RUTA,0.10506900840917043
10.848,-0.4497969296601762,-0.20746486072499337,1.565207368421051,SEGUIR_RUTA,0.10439639348358784
10.88,-0.44978973447262455,-0.2061774808318476,1.565207368421051,SEGUIR_RUTA,0.10552278827686278
10.912,-0.4497818197663177,-0.20476136294938718,1.5652073684210503,SEGUIR_RUTA,0.10485093627857123
10.944,-0.44977462457876605,-0.20347398305624137,1.565207368421051,SEGUIR_RUTA,0.10468709124367809
10.976,-0.4497674293912144,-0.20218660316309559,1.565207368421051,SEGUIR_RUTA,0.1049191359101151
11.008000000000001,-0.44976023420366273,-0.20089922326994977,1.5652073684210503,SEGUIR_RUTA,0.10519922981490502
11.040000000000001,-0.4497530390161111,-0.19961184337680396,1.565207368421051,SEGUIR_RUTA,0.10490312758812648
11.072000000000001,-0.44974512430980423,-0.19819572549434358,1.565207368421051,SEGUIR_RUTA,0.10489883096816766
11.104000000000001,-0.4497379291222526,-0.19690834560119777,1.5652073684210503,SEGUIR_RUTA,0.10525001909027575
11.136000000000001,-0.4497307339347009,-0.19562096570805196,1.565207368421051,SEGUIR_RUTA,0.10537843091543919
11.168000000000001,-0.44972353874714927,-0.19433358581490615,1.5652073684210503,SEGUIR_RUTA,0.10622579676687502
11.200000000000001,-0.4497163435595976,-0.19304620592176033,1.565207368421051,SEGUIR_RUTA,0.10470135067616813
11.232000000000001,-0.44970914837204595,-0.19175882602861455,1.565207368421051,SEGUIR_RUTA,0.10450585660029375
11.264,-0.4497012336657391,-0.19034270814615414,1.5652073684210503,SEGUIR_RUTA,0.10441538760498544
11.296,-0.44969403847818745,-0.18905532825300833,1.565207368421051,SEGUIR_RUTA,0.10452513279057675
11.328,-0.4496868432906358,-0.18776794835986255,1.565207368421051,SEGUIR_RUTA,0.1047216880983985
11.36,-0.44967964810308414,-0.18648056846671673,1.5652073684210503,SEGUIR_RUTA,0.10468787351881743
11.392,-0.4496724529155325,-0.18519318857357092,1.565207368421051,SEGUIR_RUTA,0.10456221355739133
11.424,-0.44966453820922564,-0.18377707069111054,1.565207368421051,SEGUIR_RUTA,0.10399328154372742
11.456,-0.449657343021674,-0.18248969079796473,1.5652073684210503,SEGUIR_RUTA,0.10522966987262145
11.488,-0.4496501478341223,-0.18120231090481892,1.565207368421051,SEGUIR_RUTA,0.10522131873003238
11.52,-0.44964295264657067,-0.1799149310116731,1.5652073684210503,SEGUIR_RUTA,0.10509960095256883
11.552,-0.44964331981260985,-0.1798505620588379,1.5765003508771913,SEGUIR_RUTA,0.10497331470425472
11.584,-0.449650663133393,-0.178563183002134,1.5765003508771913,SEGUIR_RUTA,0.10394167875070286
11.616,-0.4496580064541762,-0.17727580394543005,1.5765003508771913,SEGUIR_RUTA,0.10370455316613679
11.648,-0.44966534977495937,-0.17598842488872615,1.5765003508771913,SEGUIR_RUTA,0.1026986134693199
11.68,-0.44967269309574254,-0.17470104583202226,1.5765003508771913,SEGUIR_RUTA,0.104547351794513
11.712,-0.449680770748604,-0.17328492886964791,1.5765003508771913,SEGUIR_RUTA,0.10371768035065654
11.744,-0.4496881140693872,-0.17199754981294402,1.5765003508771913,SEGUIR_RUTA,0.10538484627273634
11.776,-0.44969545739017036,-0.17071017075624012,1.5765003508771913,SEGUIR_RUTA,0.10577023580171749
11.808,-0.44970280071095353,-0.16942279169953617,1.5765003508771913,SEGUIR_RUTA,0.1050255051536324
11.84,-0.4497101440317367,-0.16813541264283227,1.5765003508771913,SEGUIR_RUTA,0.1045206080849474
11.872,-0.4497182216845982,-0.16671929568045796,1.5765003508771913,SEGUIR_RUTA,0.10487818603610684
11.904,-0.44972556500538136,-0.16543191662375403,1.5765003508771906,SEGUIR_RUTA,0.10594818467201064
11.936,-0.4497329083261645,-0.16414453756705008,1.576500350877192,SEGUIR_RUTA,0.1063909233835227
11.968,-0.4497402516469477,-0.16285715851034616,1.5765003508771913,SEGUIR_RUTA,0.10568461105254759
12.0,-0.44974759496773087,-0.16156977945364226,1.5765003508771913,SEGUIR_RUTA,0.10621562900181782
12.032,-0.44975835848560225,-0.1602180523067731,1.5787589473684196,SEGUIR_RUTA,0.10710186657393797
12.064,-0.44976606897242455,-0.15886630429723397,1.5765003508771909,SEGUIR_RUTA,0.10679454531995841
12.096,-0.4497649749277934,-0.15893066499926825,1.5877933333333318,SEGUIR_RUTA,0.10637493088688417
12.128,-0.44978685582041694,-0.1576434509585827,1.5877933333333312,SEGUIR_RUTA,0.10685082248193849
12.16,-0.44981288335844727,-0.1562919315542958,1.5900519298245595,SEGUIR_RUTA,0.10764222683434775
12.192,-0.449835858295702,-0.15494035681157595,1.5877933333333325,SEGUIR_RUTA,0.10709148151235748
12.224,-0.44985773918832556,-0.1536531427708904,1.5877933333333318,SEGUIR_RUTA,0.1065613621090589
12.256,-0.44985773918832556,-0.1536531427708904,1.6013449122807009,SEGUIR_RUTA,0.10790556933803629
12.288,-0.44989706132060636,-0.15236634343536334,1.6013449122807009,SEGUIR_RUTA,0.10635380607602085
12.32,-0.4499352977782975,-0.1510151143259214,1.5990863157894721,SEGUIR_RUTA,0.10527190560347975
12.352,-0.44993275048773423,-0.15107943390467304,1.610379298245613,SEGUIR_RUTA,0.10406237815605457
12.384,-0.44993602396030496,-0.1510151471931587,1.621672280701754,SEGUIR_RUTA,0.10492929575007118
12.416,-0.4500014934117194,-0.1497294129628718,1.6216722807017534,SEGUIR_RUTA,0.103253588914529
12.448,-0.4500014934117194,-0.1497294129628718,1.6216722807017534,SEGUIR_RUTA,0.10484866629834122
12.48,-0.4500014934117194,-0.1497294129628718,1.6126378947368407,SEGUIR_RUTA,0.10597274412712068
12.512,-0.4500014934117194,-0.14972941296287182,1.5990863157894724,SEGUIR_RUTA,0.10568716138546377
12.544,-0.4500014934117194,-0.14972941296287182,1.5900519298245597,SEGUIR_RUTA,0.1062891654121485
12.576,-0.4500014934117194,-0.1497294129628718,1.5765003508771926,SEGUIR_RUTA,0.10772363522066002
12.608,-0.4500088367325026,-0.14844203390616786,1.576500350877192,SEGUIR_RUTA,0.10778067351170666
12.64,-0.45001618005328575,-0.14715465484946397,1.576500350877192,SEGUIR_RUTA,0.10647348554839246
12.672,-0.45002425770614723,-0.14573853788708965,1.576500350877192,SEGUIR_RUTA,0.10674232141127671
12.704,-0.4500316010269304,-0.14445115883038573,1.5765003508771913,SEGUIR_RUTA,0.10584251430565131
12.736,-0.4500389443477136,-0.14316377977368183,1.5765003508771913,SEGUIR_RUTA,0.10542506454757361
12.768,-0.45004628766849675,-0.14187640071697788,1.5765003508771926,SEGUIR_RUTA,0.10471131151795773
12.8,-0.4500536309892799,-0.14058902166027396,1.576500350877192,SEGUIR_RUTA,0.10547932775446922
12.832,-0.4500643945071513,-0.1392372945134048,1.5787589473684203,SEGUIR_RUTA,0.10585983605918978
12.864,-0.4500721049939736,-0.13788554650386567,1.5765003508771915,SEGUIR_RUTA,0.10574706574837049
12.896,-0.45007944831475677,-0.13659816744716177,1.5765003508771915,SEGUIR_RUTA,0.1071675443490936
12.928,-0.45008679163553994,-0.13531078839045782,1.5765003508771929,SEGUIR_RUTA,0.10640054336618117
12.96,-0.4500941349563231,-0.1340234093337539,1.5765003508771922,SEGUIR_RUTA,0.10574225934293163
12.992,-0.4501014782771063,-0.13273603027705,1.5765003508771922,SEGUIR_RUTA,0.10592222414434624
13.024000000000001,-0.45010955592996776,-0.13131991331467568,1.5765003508771922,SEGUIR_RUTA,0.10557198957683471
13.056000000000001,-0.45011689925075093,-0.13003253425797176,1.5765003508771915,SEGUIR_RUTA,0.10561547613921453
13.088000000000001,-0.4501242425715341,-0.12874515520126786,1.5765003508771915,SEGUIR_RUTA,0.10640776683971317
13.120000000000001,-0.4501315858923173,-0.1274577761445639,1.5765003508771929,SEGUIR_RUTA,0.1047052989181603
13.152000000000001,-0.45013892921310045,-0.12617039708786,1.5765003508771922,SEGUIR_RUTA,0.1037517805141282
13.184000000000001,-0.45014700686596193,-0.12475428012548569,1.5765003508771922,SEGUIR_RUTA,0.10370710863397478
13.216000000000001,-0.4501543501867451,-0.12346690106878176,1.5765003508771915,SEGUIR_RUTA,0.10414062454438051
13.248000000000001,-0.45016169350752827,-0.12217952201207785,1.5765003508771915,SEGUIR_RUTA,0.10622551774241859
13.280000000000001,-0.45016903682831144,-0.12089214295537391,1.5765003508771929,SEGUIR_RUTA,0.10560233076221796
13.312000000000001,-0.4501763801490946,-0.11960476389866999,1.5765003508771922,SEGUIR_RUTA,0.10496770794009398
13.344,-0.450187143666966,-0.11825303675180084,1.5787589473684205,SEGUIR_RUTA,0.10426180880316846
13.376,-0.4501948541537883,-0.11690128874226173,1.5765003508771922,SEGUIR_RUTA,0.10364151618566474
13.408,-0.45020219747457146,-0.1156139096855578,1.5765003508771915,SEGUIR_RUTA,0.10464579815266686
13.44,-0.45020954079535463,-0.1143265306288539,1.5765003508771915,SEGUIR_RUTA,0.10502167005831846
13.472,-0.4502168841161378,-0.11303915157214996,1.5765003508771929,SEGUIR_RUTA,0.10550451398481521
13.504,-0.450224227436921,-0.11175177251544603,1.5765003508771922,SEGUIR_RUTA,0.10616620139408534
13.536,-0.45023230508978246,-0.11033565555307173,1.5765003508771922,SEGUIR_RUTA,0.10663407966434262
13.568,-0.45023964841056563,-0.10904827649636781,1.5765003508771915,SEGUIR_RUTA,0.10621589744090149
13.6,-0.4502469917313488,-0.1077608974396639,1.5765003508771915,SEGUIR_RUTA,0.10523056331863123
13.632,-0.45025433505213197,-0.10647351838295996,1.5765003508771929,SEGUIR_RUTA,0.10439387744482982
13.664,-0.45026167837291514,-0.10518613932625603,1.5765003508771922,SEGUIR_RUTA,0.10564186110219793
13.696,-0.4502697560257766,-0.10377002236388173,1.5765003508771922,SEGUIR_RUTA,0.10593110201775156
13.728,-0.4502770993465598,-0.10248264330717782,1.5765003508771922,SEGUIR_RUTA,0.10543811521954047
13.76,-0.45028444266734297,-0.1011952642504739,1.5765003508771915,SEGUIR_RUTA,0.10502758746723671
13.792,-0.45029178598812614,-0.09990788519376999,1.5765003508771915,SEGUIR_RUTA,0.10394986925196352
13.824,-0.4502991293089093,-0.09862050613706602,1.5765003508771922,SEGUIR_RUTA,0.10411418997434214
13.856,-0.4503098928267807,-0.09726877899019687,1.5787589473684205,SEGUIR_RUTA,0.10453773659592062
13.888,-0.450317603313603,-0.09591703098065776,1.5765003508771922,SEGUIR_RUTA,0.10636638930159233
13.92,-0.45032494663438616,-0.09462965192395384,1.5765003508771915,SEGUIR_RUTA,0.10741470647639294
13.952,-0.45033228995516933,-0.09334227286724993,1.5765003508771915,SEGUIR_RUTA,0.10621908319997883
13.984,-0.4503396332759525,-0.09205489381054599,1.5765003508771929,SEGUIR_RUTA,0.10567299854877081
14.016,-0.45034697659673567,-0.09076751475384207,1.5765003508771922,SEGUIR_RUTA,0.10460707086090168
14.048,-0.45035505424959715,-0.08935139779146777,1.5765003508771922,SEGUIR_RUTA,0.1041029501059886
14.08,-0.4503623975703803,-0.08806401873476385,1.5765003508771922,SEGUIR_RUTA,0.10322281101020835
14.112,-0.4503697408911635,-0.08677663967805993,1.5765003508771915,SEGUIR_RUTA,0.10311205721907304
14.144,-0.45037708421194667,-0.08548926062135602,1.5765003508771915,SEGUIR_RUTA,0.10433450655637648
14.176,-0.45038442753272984,-0.08420188156465205,1.5765003508771922,SEGUIR_RUTA,0.10564396556623676
14.208,-0.4503925051855913,-0.08278576460227775,1.5765003508771922,SEGUIR_RUTA,0.10469225072374677
14.24,-0.4503928649449689,-0.08285013359693506,1.565207368421052,SEGUIR_RUTA,0.10638423607705873
14.272,-0.45038566975741723,-0.08156275370378925,1.5652073684210512,SEGUIR_RUTA,0.10568181978841476
14.304,-0.4503784745698656,-0.08027537381064347,1.5652073684210512,SEGUIR_RUTA,0.10484323381037687
14.336,-0.45037055986355873,-0.07885925592818306,1.5652073684210526,SEGUIR_RUTA,0.10314341399166133
14.368,-0.45036336467600707,-0.07757187603503725,1.565207368421052,SEGUIR_RUTA,0.10366616227532408
14.4,-0.4503561694884554,-0.07628449614189144,1.5652073684210512,SEGUIR_RUTA,0.1039458413728161
14.432,-0.45034897430090376,-0.07499711624874565,1.5652073684210512,SEGUIR_RUTA,0.10443990431601391
14.464,-0.4503417791133521,-0.07370973635559987,1.5652073684210512,SEGUIR_RUTA,0.10457752121839413
14.496,-0.45033386440704526,-0.07229361847313949,1.5652073684210512,SEGUIR_RUTA,0.1043591236882371
14.528,-0.4503266692194936,-0.07100623857999366,1.5652073684210526,SEGUIR_RUTA,0.10435519418705971
14.56,-0.45031947403194195,-0.06971885868684784,1.5652073684210512,SEGUIR_RUTA,0.10468657770354453
14.592,-0.4503122788443903,-0.06843147879370205,1.5652073684210512,SEGUIR_RUTA,0.10450871759576569
14.624,-0.45030508365683863,-0.06714409890055627,1.5652073684210512,SEGUIR_RUTA,0.1047296329880591
14.656,-0.45029447567647995,-0.06579237052412383,1.562948771929823,SEGUIR_RUTA,0.10612874964157663
14.688,-0.45028692072955073,-0.06444062163632071,1.5652073684210523,SEGUIR_RUTA,0.10637723969972818
14.72,-0.4502797255419991,-0.06315324174317492,1.5652073684210523,SEGUIR_RUTA,0.10593680681378304
14.752,-0.4502725303544474,-0.0618658618500291,1.565207368421051,SEGUIR_RUTA,0.10682725345862687
14.784,-0.45026533516689576,-0.06057848195688331,1.565207368421051,SEGUIR_RUTA,0.1045364335604248
14.816,-0.4502642485279816,-0.06051412112938808,1.55391438596491,SEGUIR_RUTA,0.10586242611217833
14.848,-0.4502425157496981,-0.05922690457948354,1.5539143859649114,SEGUIR_RUTA,0.10521082778141713
14.88,-0.4502207829714146,-0.057939688029579044,1.5539143859649114,SEGUIR_RUTA,0.10409109252602669
14.912,-0.4501990501931311,-0.056652471479674546,1.5539143859649114,SEGUIR_RUTA,0.10484426979256092
14.944,-0.4501731781688105,-0.05530094908945768,1.551655789473683,SEGUIR_RUTA,0.10450872625629352
14.976,-0.4501503587516128,-0.05394937171205795,1.5539143859649114,SEGUIR_RUTA,0.10541769961823504
15.008000000000001,-0.4501521721314844,-0.054013716164448514,1.5426214035087704,SEGUIR_RUTA,0.10665642496815524
15.040000000000001,-0.45011590453405237,-0.05272682711663722,1.5426214035087704,SEGUIR_RUTA,0.10684312812640424
15.072000000000001,-0.45007477176523153,-0.05137568307241799,1.5403628070175421,SEGUIR_RUTA,0.10536838774275575
15.104000000000001,-0.45007477176523153,-0.05137568307241802,1.5313284210526308,SEGUIR_RUTA,0.10720854082882215
15.136000000000001,-0.45002397397386124,-0.050089285643785654,1.5313284210526295,SEGUIR_RUTA,0.10661366354013477
15.168000000000001,-0.45002397397386124,-0.050089285643785654,1.5313284210526295,SEGUIR_RUTA,0.10653826358852955
15.200000000000001,-0.45002216059398964,-0.05002494119139509,1.5426214035087704,SEGUIR_RUTA,0.10531810771190499
15.232000000000001,-0.4500232472329038,-0.05008930201889032,1.5539143859649114,SEGUIR_RUTA,0.10558555614361324
15.264000000000001,-0.45000151445462033,-0.048802085468985824,1.5539143859649114,SEGUIR_RUTA,0.10417739413075804
15.296000000000001,-0.4499776083985085,-0.04738614726409087,1.5539143859649114,SEGUIR_RUTA,0.1042659108437149
15.328000000000001,-0.449955875620225,-0.04609893071418633,1.55391438596491,SEGUIR_RUTA,0.1039724379273718
15.36,-0.4499341428419415,-0.04481171416428179,1.5539143859649114,SEGUIR_RUTA,0.10409262858165351
15.392,-0.4499341428419415,-0.04481171416428183,1.5629487719298227,SEGUIR_RUTA,0.10531508809827933
15.424,-0.4499265878950123,-0.043459965276478746,1.565207368421051,SEGUIR_RUTA,0.1039854518123381
15.456,-0.4499193927074606,-0.04217258538333292,1.5652073684210523,SEGUIR_RUTA,0.10431204955292588
15.488,-0.44991219751990896,-0.04088520549018709,1.565207368421051,SEGUIR_RUTA,0.10484841866092996
15.52,-0.4499050023323573,-0.03959782559704131,1.565207368421051,SEGUIR_RUTA,0.10404015349847527
15.552,-0.44989780714480565,-0.038310445703895524,1.565207368421051,SEGUIR_RUTA,0.1047122364415299
15.584,-0.4498898924384988,-0.03689432782143515,1.565207368421051,SEGUIR_RUTA,0.10534491086279414
15.616,-0.44988269725094715,-0.03560694792828932,1.5652073684210523,SEGUIR_RUTA,0.10537290572741506
15.648,-0.4498755020633955,-0.034319568035143536,1.5652073684210523,SEGUIR_RUTA,0.105504352576891
15.68,-0.44986830687584384,-0.03303218814199771,1.565207368421051,SEGUIR_RUTA,0.1060624004656892
15.712,-0.4498611116882922,-0.031744808248851925,1.565207368421051,SEGUIR_RUTA,0.1064138551404212
15.744,-0.44985319698198534,-0.03032869036639155,1.565207368421051,SEGUIR_RUTA,0.10741864173323223
15.776,-0.4498460017944337,-0.029041310473245763,1.565207368421051,SEGUIR_RUTA,0.10711744168255234
15.808,-0.449838806606882,-0.02775393058009994,1.5652073684210523,SEGUIR_RUTA,0.1061585116562788
15.84,-0.44983161141933037,-0.026466550686954117,1.565207368421051,SEGUIR_RUTA,0.10680352575556509
15.872,-0.4498244162317787,-0.02517917079380833,1.565207368421051,SEGUIR_RUTA,0.10661970184760872
15.904,-0.44981380825142003,-0.023827442417375888,1.5629487719298227,SEGUIR_RUTA,0.1059080806352494
15.936,-0.4498062533044908,-0.022475693529572807,1.565207368421051,SEGUIR_RUTA,0.10535640748231785
15.968,-0.44979905811693915,-0.021188313636426984,1.5652073684210523,SEGUIR_RUTA,0.10500113254921306
16.0,-0.4497918629293875,-0.019900933743281196,1.5652073684210523,SEGUIR_RUTA,0.1049629866260783
16.032,-0.44978466774183584,-0.018613553850135373,1.565207368421051,SEGUIR_RUTA,0.10516293092626601
16.064,-0.4497774725542842,-0.017326173956989585,1.565207368421051,SEGUIR_RUTA,0.10632369175633982
16.096,-0.44976955784797734,-0.01591005607452921,1.565207368421051,SEGUIR_RUTA,0.10570124668404832
16.128,-0.4497623626604257,-0.014622676181383423,1.565207368421051,SEGUIR_RUTA,0.10524576469581752
16.16,-0.44975516747287403,-0.013335296288237599,1.5652073684210523,SEGUIR_RUTA,0.10502716811457598
16.192,-0.4497479722853224,-0.012047916395091774,1.565207368421051,SEGUIR_RUTA,0.10548448390010884
16.224,-0.4497407770977707,-0.010760536501945986,1.565207368421051,SEGUIR_RUTA,0.10594365035088991
16.256,-0.4497328623914639,-0.009344418619485612,1.565207368421051,SEGUIR_RUTA,0.10527385473980211
16.288,-0.4497256672039122,-0.008057038726339824,1.565207368421051,SEGUIR_RUTA,0.10465470824231869
16.32,-0.44971847201636056,-0.006769658833194,1.5652073684210523,SEGUIR_RUTA,0.10461299036584364
16.352,-0.4497112768288089,-0.005482278940048213,1.5652073684210523,SEGUIR_RUTA,0.10609877178684354
16.384,-0.44970408164125725,-0.004194899046902389,1.565207368421051,SEGUIR_RUTA,0.1069876910457251
16.416,-0.44969347366089857,-0.0028431706704699494,1.5629487719298227,SEGUIR_RUTA,0.1067966254299726
16.448,-0.44968591871396935,-0.0014914217826668688,1.565207368421051,SEGUIR_RUTA,0.10532216152963583
16.48,-0.4496787235264177,-0.00020404188952108122,1.565207368421051,SEGUIR_RUTA,0.10584173643090264
16.512,-0.44967152833886603,0.0010833380036247427,1.5652073684210523,SEGUIR_RUTA,0.1062274073252795
16.544,-0.4496643331513144,0.0023707178967705667,1.565207368421051,SEGUIR_RUTA,0.1060892191740114
16.576,-0.4496571379637627,0.0036580977899163545,1.565207368421051,SEGUIR_RUTA,0.10570330439282205
16.608,-0.4496492232574559,0.005074215672376728,1.565207368421051,SEGUIR_RUTA,0.10602332883365093
16.64,-0.4496420280699042,0.006361595565522515,1.565207368421051,SEGUIR_RUTA,0.10754177129395993
16.672,-0.44963483288235256,0.007648975458668339,1.5652073684210523,SEGUIR_RUTA,0.10692244900850244
16.704,-0.4496276376948009,0.008936355351814126,1.5652073684210523,SEGUIR_RUTA,0.10674806898479432
16.736,-0.44962044250724925,0.010223735244959951,1.565207368421051,SEGUIR_RUTA,0.1068600720915246
16.768,-0.4496125278009424,0.011639853127420325,1.565207368421051,SEGUIR_RUTA,0.10542300222415986
16.8,-0.44960533261339075,0.012927233020566113,1.565207368421051,SEGUIR_RUTA,0.10506858758668348
16.832,-0.4495981374258391,0.014214612913711901,1.565207368421051,SEGUIR_RUTA,0.10356037009542807
16.864,-0.44959094223828744,0.015501992806857726,1.5652073684210523,SEGUIR_RUTA,0.10348648533636379
16.896,-0.4495837470507358,0.01678937270000355,1.565207368421051,SEGUIR_RUTA,0.10354804684864487
16.928,-0.44958411421677497,0.016853741652838747,1.576500350877192,SEGUIR_RUTA,0.10510477814865007
16.96,-0.44959145753755814,0.018141120709542654,1.576500350877192,SEGUIR_RUTA,0.10324518595317117
16.992,-0.4495988008583413,0.01942849976624656,1.576500350877192,SEGUIR_RUTA,0.10369964588393343
17.024,-0.4496061441791245,0.020715878822950468,1.576500350877192,SEGUIR_RUTA,0.10425442605157664
17.056,-0.44961422183198596,0.022131995785324772,1.576500350877192,SEGUIR_RUTA,0.10418836403410343
17.088,-0.44962156515276913,0.023419374842028752,1.576500350877192,SEGUIR_RUTA,0.10407728702909214
17.12,-0.4496289084735523,0.02470675389873266,1.576500350877192,SEGUIR_RUTA,0.10448800667150691
17.152,-0.4496362517943355,0.025994132955436566,1.576500350877192,SEGUIR_RUTA,0.10398640251675094
17.184,-0.44964359511511864,0.027281512012140473,1.576500350877192,SEGUIR_RUTA,0.10362742268100228
17.216,-0.44965435863299,0.02863323915900962,1.5787589473684203,SEGUIR_RUTA,0.1053592017622082
17.248,-0.4496620691198123,0.02998498716854876,1.5765003508771909,SEGUIR_RUTA,0.10621218796684487
17.28,-0.4496694124405955,0.0312723662252527,1.5765003508771922,SEGUIR_RUTA,0.10573329551881837
17.312,-0.44967675576137867,0.032559745281956605,1.5765003508771922,SEGUIR_RUTA,0.10557490741765581
17.344,-0.44968409908216184,0.03384712433866051,1.5765003508771922,SEGUIR_RUTA,0.104586279242407
17.376,-0.449691442402945,0.03513450339536441,1.5765003508771922,SEGUIR_RUTA,0.10429895414051821
17.408,-0.4496995200558065,0.03655062035773872,1.5765003508771922,SEGUIR_RUTA,0.10469535042311251
17.44,-0.44970686337658966,0.0378379994144427,1.5765003508771922,SEGUIR_RUTA,0.10548003451110123
17.472,-0.4497057693319585,0.03777363871240838,1.5877933333333318,SEGUIR_RUTA,0.10520715825513634
17.504,-0.4497317968699888,0.03912515811669533,1.5900519298245612,SEGUIR_RUTA,0.10548478871758421
17.536,-0.44975477180724355,0.04047673285941513,1.587793333333333,SEGUIR_RUTA,0.1054923386776895
17.568,-0.4497766526998671,0.04176394690010066,1.587793333333333,SEGUIR_RUTA,0.10440427222402084
17.6,-0.44979853359249067,0.04305116094078622,1.5877933333333316,SEGUIR_RUTA,0.10417129835103185
17.632,-0.44982041448511423,0.044338374981471744,1.5877933333333316,SEGUIR_RUTA,0.10423911095330872
17.664,-0.44984644202314455,0.045689894385758656,1.59005192982456,SEGUIR_RUTA,0.10495478748349231
17.696,-0.4498694169603993,0.0470414691284785,1.587793333333333,SEGUIR_RUTA,0.10449941537456439
17.728,-0.4498675961766997,0.0469771248851717,1.5990863157894726,SEGUIR_RUTA,0.10653144899172276
17.76,-0.44990401185069123,0.04826400975130693,1.5990863157894726,SEGUIR_RUTA,0.106666146474228
17.792,-0.4499065591412545,0.04832832933005852,1.6103792982456122,SEGUIR_RUTA,0.10747430199577918
17.824,-0.4499575049525196,0.04961472090509102,1.6103792982456135,SEGUIR_RUTA,0.107040142140462
17.856,-0.4499575049525196,0.04961472090509102,1.6103792982456135,SEGUIR_RUTA,0.1065533755143782
17.888,-0.4499575049525196,0.04961472090509102,1.6013449122807009,SEGUIR_RUTA,0.10725164263004174
17.92,-0.4499575049525196,0.04961472090509098,1.5877933333333332,SEGUIR_RUTA,0.10679151276550289
17.952,-0.4499793858451432,0.05090193494577654,1.5877933333333318,SEGUIR_RUTA,0.10730470704323998
17.984,-0.45000126673776675,0.05218914898646207,1.5877933333333318,SEGUIR_RUTA,0.10736231006170888
18.016000000000002,-0.4500272942757971,0.053540668390749016,1.5900519298245612,SEGUIR_RUTA,0.10681070437681188
18.048000000000002,-0.4500272942757971,0.053540668390749016,1.5765003508771922,SEGUIR_RUTA,0.10657890723398068
18.080000000000002,-0.45003463759658024,0.05482804744745292,1.5765003508771922,SEGUIR_RUTA,0.10575865192302478
18.112000000000002,-0.4500419809173634,0.05611542650415682,1.5765003508771922,SEGUIR_RUTA,0.10620854378891756
18.144000000000002,-0.4500500585702249,0.05753154346653113,1.5765003508771922,SEGUIR_RUTA,0.10554298704828495
18.176000000000002,-0.45005740189100807,0.058818922523235076,1.5765003508771909,SEGUIR_RUTA,0.10546487913419525
18.208000000000002,-0.45006474521179124,0.06010630157993902,1.5765003508771922,SEGUIR_RUTA,0.10606467763979607
18.240000000000002,-0.4500720885325744,0.061393680636642925,1.5765003508771922,SEGUIR_RUTA,0.106511248785425
18.272000000000002,-0.4500794318533576,0.06268105969334684,1.5765003508771922,SEGUIR_RUTA,0.10499671777017827
18.304000000000002,-0.45008750950621906,0.06409717665572114,1.5765003508771922,SEGUIR_RUTA,0.10419987177494293
18.336000000000002,-0.45009485282700223,0.06538455571242505,1.5765003508771922,SEGUIR_RUTA,0.10430860303179533
18.368000000000002,-0.4501021961477854,0.06667193476912903,1.5765003508771922,SEGUIR_RUTA,0.10450703407742754
18.400000000000002,-0.4501095394685686,0.06795931382583294,1.5765003508771922,SEGUIR_RUTA,0.10456533185214772
18.432000000000002,-0.45011688278935175,0.06924669288253685,1.5765003508771922,SEGUIR_RUTA,0.10422824964997797
18.464,-0.45012764630722313,0.070598420029406,1.5787589473684205,SEGUIR_RUTA,0.10509263381924899
18.496,-0.4501353567940454,0.0719501680389451,1.5765003508771922,SEGUIR_RUTA,0.10582382048357764
18.528,-0.4501427001148286,0.07323754709564904,1.5765003508771909,SEGUIR_RUTA,0.10649274652897313
18.56,-0.45015004343561177,0.07452492615235298,1.5765003508771922,SEGUIR_RUTA,0.1056872602742179
18.592,-0.45015738675639494,0.0758123052090569,1.5765003508771922,SEGUIR_RUTA,0.10571179934517745
18.624,-0.4501647300771781,0.0770996842657608,1.5765003508771922,SEGUIR_RUTA,0.10545127028716368
18.656,-0.4501728077300396,0.0785158012281351,1.5765003508771922,SEGUIR_RUTA,0.10599712537618847
18.688,-0.45018015105082276,0.07980318028483901,1.5765003508771922,SEGUIR_RUTA,0.10508424497404684
18.72,-0.45018749437160593,0.081090559341543,1.5765003508771922,SEGUIR_RUTA,0.10447276670033666
18.752,-0.4501948376923891,0.0823779383982469,1.5765003508771922,SEGUIR_RUTA,0.10458240460193538
18.784,-0.4502021810131723,0.08366531745495082,1.5765003508771922,SEGUIR_RUTA,0.10437718033030809
18.816,-0.45021025866603376,0.08508143441732512,1.5765003508771922,SEGUIR_RUTA,0.10334027188635653
18.848,-0.45021760198681693,0.08636881347402903,1.5765003508771922,SEGUIR_RUTA,0.10390479496618951
18.88,-0.4502249453076001,0.08765619253073297,1.5765003508771909,SEGUIR_RUTA,0.10436786307222615
18.912,-0.45023228862838327,0.0889435715874369,1.5765003508771922,SEGUIR_RUTA,0.10414004773120888
18.944,-0.45023963194916644,0.09023095064414081,1.5765003508771922,SEGUIR_RUTA,0.10508516233307288
18.976,-0.4502503954670378,0.09158267779100997,1.5787589473684205,SEGUIR_RUTA,0.10446331811443722
19.008,-0.4502581059538601,0.09293442580054907,1.5765003508771922,SEGUIR_RUTA,0.10606052542954775
19.04,-0.4502654492746433,0.09422180485725298,1.5765003508771922,SEGUIR_RUTA,0.10659066214618687
19.072,-0.45027279259542646,0.09550918391395696,1.5765003508771922,SEGUIR_RUTA,0.10603592002743878
19.104,-0.45028013591620963,0.09679656297066087,1.5765003508771922,SEGUIR_RUTA,0.1057217589496895
19.136,-0.4502874792369928,0.09808394202736478,1.5765003508771922,SEGUIR_RUTA,0.10570637585422646
19.168,-0.4502955568898543,0.09950005898973908,1.5765003508771922,SEGUIR_RUTA,0.10593240067841238
19.2,-0.45030290021063746,0.100787438046443,1.5765003508771922,SEGUIR_RUTA,0.10576512838980583
19.232,-0.45031024353142063,0.10207481710314693,1.5765003508771909,SEGUIR_RUTA,0.10552803508639992
19.264,-0.4503175868522038,0.10336219615985087,1.5765003508771922,SEGUIR_RUTA,0.10478166693534809
19.296,-0.45032493017298697,0.10464957521655478,1.5765003508771922,SEGUIR_RUTA,0.10408271406211321
19.328,-0.45033300782584845,0.10606569217892908,1.5765003508771922,SEGUIR_RUTA,0.10608706343422171
19.36,-0.4503403511466316,0.107353071235633,1.5765003508771922,SEGUIR_RUTA,0.10512820791503893
19.392,-0.4503476944674148,0.1086404502923369,1.5765003508771922,SEGUIR_RUTA,0.10515114791918383
19.424,-0.45035503778819796,0.10992782934904088,1.5765003508771922,SEGUIR_RUTA,0.10603592245538063
19.456,-0.45036238110898114,0.1112152084057448,1.5765003508771922,SEGUIR_RUTA,0.10589390954285453
19.488,-0.4503731446268525,0.11256693555261395,1.5787589473684205,SEGUIR_RUTA,0.10541847757268186
19.52,-0.4503731446268525,0.11256693555261395,1.5652073684210515,SEGUIR_RUTA,0.10617715490440487
19.552,-0.45036594943930086,0.11385431544575973,1.5652073684210515,SEGUIR_RUTA,0.10462821193416205
19.584,-0.4503587542517492,0.11514169533890556,1.5652073684210528,SEGUIR_RUTA,0.10512177462117496
19.616,-0.45035083954544236,0.11655781322136594,1.5652073684210528,SEGUIR_RUTA,0.10547912683354556
19.648,-0.4503436443578907,0.11784519311451172,1.5652073684210528,SEGUIR_RUTA,0.1046670267803318
19.68,-0.45033644917033905,0.11913257300765755,1.5652073684210515,SEGUIR_RUTA,0.10549581683502046
19.712,-0.4503292539827874,0.12041995290080333,1.5652073684210515,SEGUIR_RUTA,0.10508329779940054
19.744,-0.45032205879523574,0.12170733279394912,1.5652073684210515,SEGUIR_RUTA,0.10607714513882119
19.776,-0.4503141440889289,0.12312345067640952,1.5652073684210528,SEGUIR_RUTA,0.10706300874335754
19.808,-0.45030694890137724,0.1244108305695553,1.5652073684210528,SEGUIR_RUTA,0.10673980188661891
19.84,-0.4502997537138256,0.12569821046270113,1.5652073684210515,SEGUIR_RUTA,0.10558425160515303
19.872,-0.4502925585262739,0.12698559035584692,1.5652073684210515,SEGUIR_RUTA,0.10590060859533026
19.904,-0.45028536333872227,0.1282729702489927,1.5652073684210515,SEGUIR_RUTA,0.10495331717112133
19.936,-0.4502781681511706,0.12956035014213851,1.5652073684210528,SEGUIR_RUTA,0.10364687177600329
19.968,-0.45027025344486377,0.1309764680245989,1.5652073684210528,SEGUIR_RUTA,0.10330987458078174
20.0,-0.4502630582573121,0.13226384791774468,1.5652073684210528,SEGUIR_RUTA,0.10428575234955807
20.032,-0.45025586306976045,0.1335512278108905,1.5652073684210515,SEGUIR_RUTA,0.10474759023114284
20.064,-0.4502486678822088,0.13483860770403627,1.5652073684210515,SEGUIR_RUTA,0.10448943741133364
20.096,-0.45024147269465714,0.13612598759718206,1.5652073684210515,SEGUIR_RUTA,0.10486434778229915
20.128,-0.4502335579883503,0.13754210547964246,1.5652073684210528,SEGUIR_RUTA,0.10569966160215886
20.16,-0.45022636280079864,0.13882948537278825,1.5652073684210528,SEGUIR_RUTA,0.10485059826316595
20.192,-0.450219167613247,0.14011686526593406,1.5652073684210515,SEGUIR_RUTA,0.10378567454829797
20.224,-0.45021197242569533,0.14140424515907984,1.5652073684210515,SEGUIR_RUTA,0.10446863002060569
20.256,-0.45021088578678115,0.14146860598657507,1.5539143859649105,SEGUIR_RUTA,0.10365358415744758
20.288,-0.45018915300849766,0.14275582253647956,1.5539143859649105,SEGUIR_RUTA,0.10376965287574545
20.32,-0.45016742023021417,0.1440430390863841,1.5539143859649118,SEGUIR_RUTA,0.10410864404005714
20.352,-0.4501456874519307,0.1453302556362886,1.5539143859649118,SEGUIR_RUTA,0.10496948925682383
20.384,-0.4501239546736472,0.1466174721861931,1.5539143859649118,SEGUIR_RUTA,0.10646829473264628
20.416,-0.4501221412937756,0.14668181663858365,1.5426214035087709,SEGUIR_RUTA,0.10623217246801878
20.448,-0.45008587369634356,0.14796870568639486,1.5426214035087709,SEGUIR_RUTA,0.10558931886716483
20.48,-0.45004960609891154,0.14925559473420613,1.5426214035087722,SEGUIR_RUTA,0.10553763858423561
20.512,-0.45004960609891154,0.14925559473420613,1.5426214035087722,SEGUIR_RUTA,0.10508158537736587
20.544,-0.45004851945999735,0.14931995556170136,1.5539143859649105,SEGUIR_RUTA,0.10592821261243338
20.576,-0.45002678668171386,0.1506071721116059,1.5539143859649118,SEGUIR_RUTA,0.10552928212054996
20.608,-0.4500050539034304,0.1518943886615104,1.5539143859649118,SEGUIR_RUTA,0.10469295948305098
20.64,-0.4499833211251469,0.15318160521141488,1.5539143859649118,SEGUIR_RUTA,0.10474707142225971
20.672,-0.44995744910082625,0.15453312760163176,1.5516557894736835,SEGUIR_RUTA,0.10489181028068012
20.704,-0.44995744910082625,0.1545331276016318,1.5652073684210512,SEGUIR_RUTA,0.10600671098269514
20.736,-0.4499502539132746,0.15582050749477758,1.5652073684210512,SEGUIR_RUTA,0.10555099427312031
20.768,-0.44994305872572293,0.15710788738792336,1.5652073684210512,SEGUIR_RUTA,0.10695340250945581
20.8,-0.4499351440194161,0.15852400527038374,1.5652073684210512,SEGUIR_RUTA,0.10617791941154583
20.832,-0.44992794883186443,0.15981138516352955,1.5652073684210526,SEGUIR_RUTA,0.10534296222011146
20.864,-0.4499207536443128,0.16109876505667536,1.5652073684210512,SEGUIR_RUTA,0.10453639496852196
20.896,-0.4499135584567611,0.16238614494982115,1.5652073684210512,SEGUIR_RUTA,0.10617939371494997
20.928,-0.44990636326920946,0.16367352484296696,1.5652073684210526,SEGUIR_RUTA,0.10580054674188841
20.96,-0.4498984485629026,0.16508964272542734,1.5652073684210526,SEGUIR_RUTA,0.1048787882161887
20.992,-0.44989125337535096,0.1663770226185731,1.5652073684210512,SEGUIR_RUTA,0.10564763416833207
21.024,-0.4498840581877993,0.1676644025117189,1.5652073684210526,SEGUIR_RUTA,0.10361058095238529
21.056,-0.44987686300024765,0.1689517824048647,1.56520736842105,SEGUIR_RUTA,0.10418632670259384
21.088,-0.449869667812696,0.1702391622980105,1.5652073684210512,SEGUIR_RUTA,0.10539161042176437
21.12,-0.44986247262514434,0.17152654219115632,1.5652073684210526,SEGUIR_RUTA,0.10527444377936669
21.152,-0.4498545579188375,0.1729426600736167,1.5652073684210526,SEGUIR_RUTA,0.10641551103912156
21.184,-0.44984736273128584,0.17423003996676245,1.5652073684210512,SEGUIR_RUTA,0.10540710329075602
21.216,-0.4498401675437342,0.17551741985990832,1.5652073684210512,SEGUIR_RUTA,0.10460812866249636
21.248,-0.4498329723561825,0.17680479975305413,1.5652073684210526,SEGUIR_RUTA,0.10578412979889937
21.28,-0.44982577716863087,0.1780921796461999,1.5652073684210512,SEGUIR_RUTA,0.10492694505889692
21.312,-0.449817862462324,0.17950829752866027,1.5652073684210512,SEGUIR_RUTA,0.1046864176669727
21.344,-0.44981066727477237,0.18079567742180608,1.5652073684210526,SEGUIR_RUTA,0.10449498886538937
21.376,-0.4498034720872207,0.18208305731495183,1.5652073684210512,SEGUIR_RUTA,0.10482342197070613
21.408,-0.44979627689966906,0.1833704372080977,1.5652073684210512,SEGUIR_RUTA,0.10496069602219228
21.44,-0.4497890817121174,0.18465781710124352,1.5652073684210526,SEGUIR_RUTA,0.10548109666720841
21.472,-0.44978116700581056,0.1860739349837039,1.5652073684210526,SEGUIR_RUTA,0.10524113414381178
21.504,-0.4497739718182589,0.18736131487684965,1.5652073684210512,SEGUIR_RUTA,0.10440758450359201
21.536,-0.44976677663070724,0.18864869476999546,1.5652073684210526,SEGUIR_RUTA,0.1042999775463223
21.568,-0.4497595814431556,0.18993607466314125,1.56520736842105,SEGUIR_RUTA,0.10456347655794121
21.6,-0.44975238625560393,0.19122345455628706,1.5652073684210512,SEGUIR_RUTA,0.1054263834732122
21.632,-0.4497451910680523,0.19251083444943287,1.5652073684210526,SEGUIR_RUTA,0.10653408465808868
21.664,-0.44973727636174543,0.19392695233189325,1.5652073684210526,SEGUIR_RUTA,0.10597435528550236
21.696,-0.4497300811741938,0.195214332225039,1.5652073684210512,SEGUIR_RUTA,0.10679494030031002
21.728,-0.4497228859866421,0.19650171211818482,1.5652073684210526,SEGUIR_RUTA,0.10675742784076733
21.76,-0.44971569079909046,0.1977890920113306,1.56520736842105,SEGUIR_RUTA,0.10679273197076712
21.792,-0.4497084956115388,0.19907647190447642,1.5652073684210512,SEGUIR_RUTA,0.10509149777512673
21.824,-0.44970058090523196,0.2004925897869368,1.5652073684210512,SEGUIR_RUTA,0.10505827788472505
21.856,-0.4496933857176803,0.2017799696800826,1.5652073684210526,SEGUIR_RUTA,0.10537199504191318
21.888,-0.44968619053012865,0.20306734957322836,1.5652073684210512,SEGUIR_RUTA,0.10617705501424264
21.92,-0.449678995342577,0.20435472946637423,1.5652073684210512,SEGUIR_RUTA,0.10642661409908326
21.952,-0.44967180015502534,0.20564210935952004,1.5652073684210526,SEGUIR_RUTA,0.1065609331692579
21.984,-0.4496638854487185,0.20705822724198042,1.5652073684210526,SEGUIR_RUTA,0.10536622757728413
22.016000000000002,-0.44965669026116684,0.20834560713512618,1.5652073684210512,SEGUIR_RUTA,0.10445429445686966
22.048000000000002,-0.4496494950736152,0.209632987028272,1.5652073684210526,SEGUIR_RUTA,0.10534664515960344
22.080000000000002,-0.4496422998860635,0.21092036692141775,1.5652073684210512,SEGUIR_RUTA,0.10519640143723549
22.112000000000002,-0.44963510469851187,0.2122077468145636,1.5652073684210512,SEGUIR_RUTA,0.10447532960391043
22.144000000000002,-0.4496279095109602,0.21349512670770943,1.5652073684210526,SEGUIR_RUTA,0.10517178002257514
22.176000000000002,-0.44961999480465337,0.2149112445901698,1.5652073684210526,SEGUIR_RUTA,0.10495363502867011
22.208000000000002,-0.4496127996171017,0.21619862448331556,1.5652073684210512,SEGUIR_RUTA,0.10551207119220953
22.240000000000002,-0.44960560442955005,0.21748600437646137,1.5652073684210526,SEGUIR_RUTA,0.10585543068901844
22.272000000000002,-0.44960597159558924,0.21755037332929653,1.5765003508771922,SEGUIR_RUTA,0.1067510851360453
22.304000000000002,-0.4496133149163724,0.2188377523860005,1.5765003508771922,SEGUIR_RUTA,0.10562174113958213
22.336000000000002,-0.4496206582371556,0.22012513144270437,1.5765003508771909,SEGUIR_RUTA,0.10523265224991826
22.368000000000002,-0.44962800155793875,0.22141251049940833,1.5765003508771922,SEGUIR_RUTA,0.10434155964896796
22.400000000000002,-0.4496353448787219,0.22269988955611228,1.5765003508771935,SEGUIR_RUTA,0.1056488204389356
22.432000000000002,-0.4496461083965933,0.22405161670298143,1.5787589473684218,SEGUIR_RUTA,0.10497723889038127
22.464000000000002,-0.4496538188834156,0.22540336471252054,1.576500350877191,SEGUIR_RUTA,0.10444214553403801
22.496000000000002,-0.44966116220419877,0.2266907437692245,1.5765003508771924,SEGUIR_RUTA,0.10490675535993671
22.528,-0.44966850552498194,0.22797812282592836,1.576500350877191,SEGUIR_RUTA,0.10396572161069345
22.56,-0.4496758488457651,0.2292655018826323,1.5765003508771924,SEGUIR_RUTA,0.10430930175860552
22.592,-0.4496831921665483,0.23055288093933626,1.5765003508771938,SEGUIR_RUTA,0.10446737551664106
22.624,-0.44969126981940977,0.23196899790171058,1.5765003508771938,SEGUIR_RUTA,0.10511470896149104
22.656,-0.44969861314019294,0.23325637695841447,1.576500350877191,SEGUIR_RUTA,0.1037711025148231
22.688,-0.4497059564609761,0.23454375601511843,1.5765003508771924,SEGUIR_RUTA,0.10488138395540249
22.72,-0.4497132997817593,0.23583113507182238,1.5765003508771938,SEGUIR_RUTA,0.1050897149452596
22.752,-0.44972064310254245,0.23711851412852625,1.5765003508771924,SEGUIR_RUTA,0.10520255979296536
22.784,-0.44972872075540393,0.23853463109090056,1.5765003508771924,SEGUIR_RUTA,0.1058888016101011
22.816,-0.44972762671077277,0.2384702703888663,1.587793333333332,SEGUIR_RUTA,0.10607210585597093
22.848,-0.4497495076033963,0.2397574844295519,1.5877933333333334,SEGUIR_RUTA,0.10738556638138454
22.88,-0.44977553514142665,0.2411090038338388,1.5900519298245617,SEGUIR_RUTA,0.1045030252949997
22.912,-0.4497985100786814,0.24246057857655856,1.5877933333333323,SEGUIR_RUTA,0.10513680518796982
22.944,-0.44982039097130494,0.24374779261724414,1.5877933333333336,SEGUIR_RUTA,0.10495660160993985
22.976,-0.4498422718639285,0.24503500665792974,1.5877933333333336,SEGUIR_RUTA,0.10429988616403185
23.008,-0.44986415275655206,0.24632222069861523,1.5877933333333323,SEGUIR_RUTA,0.10371831979436458
23.04,-0.44986597354025165,0.24638656494192201,1.5990863157894744,SEGUIR_RUTA,0.10463727210887323
23.072,-0.4499023892142432,0.24767344980805714,1.599086315789473,SEGUIR_RUTA,0.1054109653478004
23.104,-0.4499388048882348,0.24896033467419235,1.5990863157894744,SEGUIR_RUTA,0.10501838925484513
23.136,-0.4499388048882348,0.24896033467419235,1.612637894736841,SEGUIR_RUTA,0.10586281758202132
23.168,-0.4499922979900632,0.2503110458279765,1.610379298245614,SEGUIR_RUTA,0.10716640920522805
23.2,-0.4499922979900632,0.2503110458279765,1.610379298245614,SEGUIR_RUTA,0.10802020347983407
23.232,-0.4499904772063636,0.25024670158466966,1.599086315789473,SEGUIR_RUTA,0.10746630440313874
23.264,-0.44999157125099476,0.25031106228670397,1.587793333333332,SEGUIR_RUTA,0.10746950276564099
23.296,-0.4500134521436183,0.25159827632738957,1.587793333333332,SEGUIR_RUTA,0.10632089138420533
23.328,-0.4500353330362419,0.2528854903680751,1.5877933333333347,SEGUIR_RUTA,0.10627658456988738
23.36,-0.45005721392886544,0.25417270440876066,1.587793333333332,SEGUIR_RUTA,0.1054715111769054
23.392,-0.4500575810949046,0.25423707336159584,1.5765003508771924,SEGUIR_RUTA,0.10729606175351468
23.424,-0.4500649244156878,0.2555244524182998,1.5765003508771924,SEGUIR_RUTA,0.10501846682307017
23.456,-0.45007226773647097,0.25681183147500364,1.5765003508771924,SEGUIR_RUTA,0.10531490386587931
23.488,-0.45007961105725414,0.2580992105317076,1.5765003508771924,SEGUIR_RUTA,0.10567185070480288
23.52,-0.4500876887101156,0.2595153274940819,1.5765003508771924,SEGUIR_RUTA,0.10610992450202017
23.552,-0.4500950320308988,0.26080270655078586,1.5765003508771924,SEGUIR_RUTA,0.10567911885808404
23.584,-0.45010237535168196,0.2620900856074897,1.5765003508771924,SEGUIR_RUTA,0.10543891664907756
23.616,-0.45010971867246513,0.26337746466419365,1.5765003508771924,SEGUIR_RUTA,0.10470381260775292
23.648,-0.4501170619932483,0.2646648437208976,1.5765003508771924,SEGUIR_RUTA,0.10518560304027619
23.68,-0.4501278255111197,0.2660165708677667,1.5787589473684218,SEGUIR_RUTA,0.10570659776967134
23.712,-0.450135535997942,0.2673683188773058,1.5765003508771924,SEGUIR_RUTA,0.10572832946181743
23.744,-0.45014287931872515,0.26865569793400973,1.5765003508771924,SEGUIR_RUTA,0.10474757362573273
23.776,-0.4501502226395083,0.26994307699071357,1.5765003508771924,SEGUIR_RUTA,0.10485934690125208
23.808,-0.4501575659602915,0.2712304560474175,1.5765003508771924,SEGUIR_RUTA,0.10469314599651111
23.84,-0.45016490928107467,0.2725178351041215,1.5765003508771924,SEGUIR_RUTA,0.1051986918120496
23.872,-0.45017298693393615,0.2739339520664958,1.5765003508771924,SEGUIR_RUTA,0.104446988476734
23.904,-0.4501803302547193,0.27522133112319963,1.5765003508771924,SEGUIR_RUTA,0.10457529311567663
23.936,-0.4501876735755025,0.2765087101799036,1.5765003508771924,SEGUIR_RUTA,0.10414824490251824
23.968,-0.45019501689628566,0.2777960892366074,1.5765003508771924,SEGUIR_RUTA,0.10443818612645135
24.0,-0.45020236021706883,0.2790834682933114,1.5765003508771924,SEGUIR_RUTA,0.10480875239445188
24.032,-0.4502104378699303,0.2804995852556857,1.5765003508771924,SEGUIR_RUTA,0.10595334631124315
24.064,-0.4502177811907135,0.28178696431238964,1.5765003508771924,SEGUIR_RUTA,0.1072361575886112
24.096,-0.45022512451149665,0.2830743433690935,1.5765003508771924,SEGUIR_RUTA,0.10653762239664488
24.128,-0.4502324678322798,0.28436172242579744,1.5765003508771924,SEGUIR_RUTA,0.10608042927651956
24.16,-0.450239811153063,0.2856491014825013,1.5765003508771924,SEGUIR_RUTA,0.10538949121854653
24.192,-0.4502505746709344,0.28700082862937054,1.5787589473684218,SEGUIR_RUTA,0.1041809180432511
24.224,-0.4502582851577567,0.2883525766389096,1.5765003508771924,SEGUIR_RUTA,0.10458341040012067
24.256,-0.45026562847853985,0.28963995569561357,1.5765003508771924,SEGUIR_RUTA,0.10489323413595637
24.288,-0.450272971799323,0.2909273347523174,1.5765003508771924,SEGUIR_RUTA,0.10409249654324212
24.32,-0.4502803151201062,0.29221471380902136,1.5765003508771924,SEGUIR_RUTA,0.10326249324256258
24.352,-0.45028765844088936,0.2935020928657253,1.5765003508771924,SEGUIR_RUTA,0.10420373438813475
24.384,-0.45029573609375084,0.29491820982809963,1.5765003508771924,SEGUIR_RUTA,0.10475815382089541
24.416,-0.450303079414534,0.2962055888848035,1.5765003508771924,SEGUIR_RUTA,0.10596459265152314
24.448,-0.4503104227353172,0.2974929679415074,1.5765003508771924,SEGUIR_RUTA,0.10536459383978515
24.48,-0.45031776605610035,0.29878034699821127,1.5765003508771924,SEGUIR_RUTA,0.10505771523402126
24.512,-0.4503251093768835,0.3000677260549152,1.5765003508771924,SEGUIR_RUTA,0.10580192114033059
24.544,-0.450333187029745,0.30148384301728953,1.5765003508771924,SEGUIR_RUTA,0.10463542739343497
24.576,-0.4503405303505282,0.3027712220739935,1.5765003508771924,SEGUIR_RUTA,0.10474273266892657
24.608,-0.45034787367131135,0.3040586011306973,1.5765003508771924,SEGUIR_RUTA,0.10450047629148844
24.64,-0.4503552169920945,0.3053459801874013,1.5765003508771924,SEGUIR_RUTA,0.10444367520894529
24.672,-0.4503625603128777,0.3066333592441051,1.5765003508771924,SEGUIR_RUTA,0.10555628659021897
24.704,-0.4503733238307491,0.3079850863909743,1.5787589473684194,SEGUIR_RUTA,0.10398778294421583
24.736,-0.45038103431757137,0.30933683440051346,1.5765003508771924,SEGUIR_RUTA,0.1042884566123325
24.768,-0.45038837763835454,0.3106242134572174,1.5765003508771924,SEGUIR_RUTA,0.10451669688354143
24.8,-0.4503957209591377,0.31191159251392125,1.5765003508771924,SEGUIR_RUTA,0.104595599151782
24.832,-0.4504030642799209,0.3131989715706252,1.5765003508771924,SEGUIR_RUTA,0.10416806037626776
24.864,-0.45041040760070405,0.31448635062732905,1.5765003508771924,SEGUIR_RUTA,0.1054539149441247
24.896,-0.45041848525356554,0.3159024675897035,1.5765003508771924,SEGUIR_RUTA,0.10474147538767731
24.928,-0.4504188450129431,0.3158380985950461,1.5652073684210528,SEGUIR_RUTA,0.104691330779606
24.96,-0.45041164982539145,0.31712547848819195,1.5652073684210528,SEGUIR_RUTA,0.10499670853295939
24.992,-0.45040104184503277,0.31847720686462433,1.5629487719298234,SEGUIR_RUTA,0.10567008018891128
25.024,-0.45039348689810355,0.3198289557524274,1.5652073684210503,SEGUIR_RUTA,0.1056370829301019
25.056,-0.4503862917105519,0.32111633564557324,1.565207368421053,SEGUIR_RUTA,0.10566794938494947
25.088,-0.45037909652300023,0.3224037155387191,1.565207368421053,SEGUIR_RUTA,0.10531941597181045
25.12,-0.4503719013354486,0.3236910954318649,1.5652073684210503,SEGUIR_RUTA,0.10507937119451634
25.152,-0.4503647061478969,0.32497847532501073,1.565207368421053,SEGUIR_RUTA,0.10509682820827672
25.184,-0.4503567914415901,0.3263945932074711,1.565207368421053,SEGUIR_RUTA,0.10467816821157445
25.216,-0.4503495962540384,0.3276819731006169,1.5652073684210503,SEGUIR_RUTA,0.10488198564930569
25.248,-0.45034240106648676,0.32896935299376273,1.565207368421053,SEGUIR_RUTA,0.10469060332443163
25.28,-0.4503352058789351,0.3302567328869086,1.565207368421053,SEGUIR_RUTA,0.10453184350749116
25.312,-0.45032801069138345,0.3315441127800544,1.5652073684210503,SEGUIR_RUTA,0.10573314164754925
25.344,-0.4503200959850766,0.3329602306625148,1.5652073684210503,SEGUIR_RUTA,0.10546698975638603
25.376,-0.45031290079752495,0.3342476105556606,1.565207368421053,SEGUIR_RUTA,0.1062928007422928
25.408,-0.4503057056099733,0.33553499044880647,1.565207368421053,SEGUIR_RUTA,0.10519666110422134
25.44,-0.45029851042242164,0.33682237034195217,1.565207368421053,SEGUIR_RUTA,0.10546188344035193
25.472,-0.45029131523487,0.33810975023509804,1.565207368421053,SEGUIR_RUTA,0.105715038006256
25.504,-0.4502902285959558,0.3381741110625932,1.5539143859649134,SEGUIR_RUTA,0.1065438545857002
25.536,-0.4502684958176723,0.3394613276124977,1.5539143859649107,SEGUIR_RUTA,0.1059968569826078
25.568,-0.4502467630393888,0.34074854416240224,1.5539143859649107,SEGUIR_RUTA,0.10539296537914924
25.6,-0.45022503026110533,0.34203576071230674,1.5539143859649134,SEGUIR_RUTA,0.10615744793211941
25.632,-0.4501991582367847,0.3433872831025236,1.551655789473684,SEGUIR_RUTA,0.10522994666485432
25.664,-0.450176338819587,0.34473886047992336,1.553914385964911,SEGUIR_RUTA,0.10435198870873215
25.696,-0.45015460604130353,0.34602607702982785,1.5539143859649136,SEGUIR_RUTA,0.10265740151356982
25.728,-0.45015460604130353,0.34602607702982785,1.540362807017542,SEGUIR_RUTA,0.104397322847146
25.76,-0.4501165250639999,0.3473773105300297,1.542621403508774,SEGUIR_RUTA,0.10319462890219325
25.792,-0.4500802574665679,0.3486641995778409,1.5426214035087713,SEGUIR_RUTA,0.10293986435280753
25.824,-0.4500827973561364,0.3485998797064093,1.5313284210526317,SEGUIR_RUTA,0.10384411903423102
25.856,-0.4500795312807833,0.3486641667941625,1.520035438596492,SEGUIR_RUTA,0.10557860993520976
25.888,-0.45001420977372203,0.3499499085492266,1.5200354385964894,SEGUIR_RUTA,0.1045520807156849
25.92,-0.45001420977372203,0.3499499085492266,1.5200354385964894,SEGUIR_RUTA,0.10515819611005228
25.952,-0.45001420977372203,0.3499499085492266,1.529069824561402,SEGUIR_RUTA,0.10533874640308122
25.984,-0.45001420977372203,0.34994990854922664,1.542621403508771,SEGUIR_RUTA,0.10580089655306571
26.016000000000002,-0.45001420977372203,0.34994990854922664,1.5516557894736838,SEGUIR_RUTA,0.10705941543849018
26.048000000000002,-0.45001420977372203,0.3499499085492266,1.5652073684210528,SEGUIR_RUTA,0.10852646404292995
26.080000000000002,-0.4500070145861704,0.35123728844237245,1.5652073684210528,SEGUIR_RUTA,0.10806971031953656
26.112000000000002,-0.4499998193986187,0.35252466833551827,1.5652073684210501,SEGUIR_RUTA,0.10753315936269633
26.144000000000002,-0.4499919046923119,0.35394078621797864,1.5652073684210501,SEGUIR_RUTA,0.10631594311230584
26.176000000000002,-0.4499847095047602,0.35522816611112445,1.5652073684210528,SEGUIR_RUTA,0.1065071970429131
26.208000000000002,-0.44997751431720856,0.35651554600427027,1.5652073684210501,SEGUIR_RUTA,0.10570611918034033
26.240000000000002,-0.4499703191296569,0.3578029258974161,1.5652073684210528,SEGUIR_RUTA,0.10555285010663439
26.272000000000002,-0.44996312394210525,0.35909030579056195,1.5652073684210528,SEGUIR_RUTA,0.10576123529063458
26.304000000000002,-0.44995251596174657,0.36044203416699433,1.5629487719298234,SEGUIR_RUTA,0.1061564993197
26.336000000000002,-0.44994496101481735,0.3617937830547974,1.5652073684210503,SEGUIR_RUTA,0.1063986851977213
26.368000000000002,-0.4499377658272657,0.36308116294794324,1.565207368421053,SEGUIR_RUTA,0.10513226126224794
26.400000000000002,-0.44993057063971403,0.3643685428410891,1.565207368421053,SEGUIR_RUTA,0.1064564810462603
26.432000000000002,-0.4499233754521624,0.3656559227342348,1.565207368421053,SEGUIR_RUTA,0.10448178277981712
26.464000000000002,-0.4499161802646107,0.3669433026273807,1.565207368421053,SEGUIR_RUTA,0.1044081718782767
26.496000000000002,-0.4499082655583039,0.36835942050984105,1.565207368421053,SEGUIR_RUTA,0.10418939980565564
26.528000000000002,-0.4499010703707522,0.36964680040298686,1.5652073684210503,SEGUIR_RUTA,0.10363783022659002
26.560000000000002,-0.44989387518320056,0.3709341802961327,1.565207368421053,SEGUIR_RUTA,0.10397084759769362
26.592000000000002,-0.4498866799956489,0.37222156018927854,1.565207368421053,SEGUIR_RUTA,0.10449280808513332
26.624000000000002,-0.44987948480809725,0.37350894008242425,1.565207368421053,SEGUIR_RUTA,0.10479677049064487
26.656,-0.4498715701017904,0.3749250579648847,1.5652073684210503,SEGUIR_RUTA,0.10400890974248511
26.688,-0.44986437491423875,0.3762124378580305,1.565207368421053,SEGUIR_RUTA,0.10380766514474948
26.72,-0.4498571797266871,0.3774998177511763,1.5652073684210503,SEGUIR_RUTA,0.104734579890829
26.752,-0.44984998453913544,0.3787871976443221,1.565207368421053,SEGUIR_RUTA,0.10468120801498917
26.784,-0.4498427893515838,0.380074577537468,1.565207368421053,SEGUIR_RUTA,0.1050692854199665
26.816,-0.4498321813712251,0.38142630591390037,1.5629487719298236,SEGUIR_RUTA,0.10388907131032458
26.848,-0.4498246264242959,0.38277805480170346,1.5652073684210506,SEGUIR_RUTA,0.10325045911838206
26.88,-0.4498174312367442,0.3840654346948493,1.5652073684210532,SEGUIR_RUTA,0.10427545447183999
26.912,-0.44981023604919257,0.3853528145879951,1.5652073684210506,SEGUIR_RUTA,0.10392271737182585
26.944,-0.4498030408616409,0.3866401944811409,1.5652073684210532,SEGUIR_RUTA,0.10377879705203286
26.976,-0.44979584567408926,0.38792757437428677,1.5652073684210532,SEGUIR_RUTA,0.10421325688224284
27.008,-0.4497879309677824,0.38934369225674714,1.5652073684210532,SEGUIR_RUTA,0.1056169432079687
27.04,-0.44978073578023076,0.39063107214989296,1.5652073684210506,SEGUIR_RUTA,0.10586197816594074
27.072,-0.4497735405926791,0.39191845204303877,1.5652073684210532,SEGUIR_RUTA,0.10732748080815116
27.104,-0.44976634540512744,0.39320583193618464,1.5652073684210532,SEGUIR_RUTA,0.10643076189753968
27.136,-0.4497591502175758,0.39449321182933034,1.5652073684210532,SEGUIR_RUTA,0.10617797504784926
27.168,-0.44975123551126894,0.3959093297117907,1.5652073684210532,SEGUIR_RUTA,0.10615144833941967
27.2,-0.4497440403237173,0.3971967096049366,1.5652073684210532,SEGUIR_RUTA,0.10577248998475572
27.232,-0.44973684513616563,0.3984840894980824,1.5652073684210506,SEGUIR_RUTA,0.1053640612681725
27.264,-0.449729649948614,0.3997714693912282,1.5652073684210532,SEGUIR_RUTA,0.10414251912383968
27.296,-0.4497224547610623,0.4010588492843741,1.5652073684210532,SEGUIR_RUTA,0.10377537837586283
27.328,-0.44971184678070364,0.40241057766080646,1.5629487719298238,SEGUIR_RUTA,0.10445139108181319
27.36,-0.4497042918337744,0.40376232654860955,1.5652073684210508,SEGUIR_RUTA,0.10435964051306935
27.392,-0.44969709664622276,0.40504970644175536,1.5652073684210535,SEGUIR_RUTA,0.10391155358087495
27.424,-0.4496899014586711,0.4063370863349012,1.5652073684210508,SEGUIR_RUTA,0.10363039450187063
27.456,-0.44968270627111945,0.407624466228047,1.5652073684210535,SEGUIR_RUTA,0.10392090076713353
27.488,-0.4496755110835678,0.40891184612119286,1.5652073684210535,SEGUIR_RUTA,0.10452155378408538
27.52,-0.44966759637726095,0.41032796400365323,1.5652073684210535,SEGUIR_RUTA,0.10430398480668802
27.552,-0.4496604011897093,0.41161534389679905,1.5652073684210508,SEGUIR_RUTA,0.10483700145218143
27.584,-0.44965320600215763,0.41290272378994486,1.5652073684210535,SEGUIR_RUTA,0.10660482567335806
27.616,-0.449646010814606,0.41419010368309067,1.5652073684210508,SEGUIR_RUTA,0.10603913198879673
27.648,-0.4496388156270543,0.4154774835762365,1.5652073684210535,SEGUIR_RUTA,0.10438804380875129
27.68,-0.4496309009207475,0.41689360145869686,1.5652073684210535,SEGUIR_RUTA,0.10455363773676915
27.712,-0.4496237057331958,0.41818098135184273,1.5652073684210535,SEGUIR_RUTA,0.10343418436340998
27.744,-0.44961651054564417,0.41946836124498854,1.5652073684210508,SEGUIR_RUTA,0.10396515027635704
27.776,-0.449616143379605,0.4194039922921533,1.5765003508771929,SEGUIR_RUTA,0.10580891475628806
27.808,-0.44962422103246646,0.4208201092545276,1.5765003508771929,SEGUIR_RUTA,0.10630602752348764
27.84,-0.44963156435324964,0.42210748831123157,1.5765003508771929,SEGUIR_RUTA,0.1061724398335169
27.872,-0.4496389076740328,0.42339486736793547,1.5765003508771902,SEGUIR_RUTA,0.10599390649371146
27.904,-0.449646250994816,0.42468224642463936,1.5765003508771929,SEGUIR_RUTA,0.1058603774161246
27.936,-0.44965359431559915,0.4259696254813433,1.5765003508771929,SEGUIR_RUTA,0.10511279694157726
27.968,-0.44966167196846063,0.42738574244371763,1.5765003508771929,SEGUIR_RUTA,0.10477795154909772
28.0,-0.4496690152892438,0.4286731215004215,1.5765003508771929,SEGUIR_RUTA,0.10543015862088626
28.032,-0.44967635861002697,0.4299605005571254,1.5765003508771929,SEGUIR_RUTA,0.10591267131608005
28.064,-0.44968370193081014,0.4312478796138294,1.5765003508771929,SEGUIR_RUTA,0.10571730587529651
28.096,-0.4496910452515933,0.4325352586705332,1.5765003508771929,SEGUIR_RUTA,0.10495773563785875
28.128,-0.4497018087694647,0.4338869858174024,1.5787589473684198,SEGUIR_RUTA,0.10439081669700483
28.16,-0.449709519256287,0.43523873382694156,1.5765003508771929,SEGUIR_RUTA,0.10643595025267877
28.192,-0.44971686257707016,0.4365261128836454,1.5765003508771929,SEGUIR_RUTA,0.10566330916785907
28.224,-0.44972420589785334,0.43781349194034935,1.5765003508771929,SEGUIR_RUTA,0.10675970103673894
28.256,-0.4497315492186365,0.4391008709970533,1.5765003508771929,SEGUIR_RUTA,0.10609395388533145
28.288,-0.4497326432632677,0.43916523169908755,1.5877933333333325,SEGUIR_RUTA,0.10544225693645205
28.32,-0.44975452415589123,0.4404524457397731,1.5877933333333352,SEGUIR_RUTA,0.10465214798571
28.352,-0.4497764050485148,0.44173965978045865,1.5877933333333325,SEGUIR_RUTA,0.10375140517287125
28.384,-0.44979828594113835,0.4430268738211442,1.5877933333333352,SEGUIR_RUTA,0.10347903176968862
28.416,-0.4498243134791687,0.44437839322543116,1.5900519298245621,SEGUIR_RUTA,0.10300995369008566
28.448,-0.4498472884164234,0.44572996796815095,1.5877933333333327,SEGUIR_RUTA,0.10082340793469063
28.48,-0.4498454676327238,0.44566562372484425,1.5990863157894724,SEGUIR_RUTA,0.09891554542590716
28.512,-0.4498867558716187,0.4470167630271476,1.6013449122807017,SEGUIR_RUTA,0.09764536701505389
28.544,-0.4499260780038995,0.4483035623626747,1.6013449122807017,SEGUIR_RUTA,0.09429636852977234
28.576,-0.4499260780038995,0.4483035623626747,1.6013449122807017,SEGUIR_RUTA,0.0904778435011519
28.608,-0.4499260780038995,0.4483035623626747,1.5877933333333352,SEGUIR_RUTA,0.08967842507626417
28.64,-0.4499264451699387,0.44836793131550995,1.576500350877193,SEGUIR_RUTA,0.08959843684286524
28.672,-0.44992680492931625,0.4483035623208526,1.565207368421051,SEGUIR_RUTA,0.08946263275374661
28.704,-0.44992571829040207,0.4483679231483478,1.5539143859649114,SEGUIR_RUTA,0.0891269684319924
28.736,-0.44992753167027366,0.44830357869595727,1.5426214035087717,SEGUIR_RUTA,0.08903635179852516
28.768,-0.44992753167027366,0.44830357869595727,1.5290698245614052,SEGUIR_RUTA,0.08934271446567246
28.8,-0.44992753167027366,0.44830357869595727,1.5200354385964925,SEGUIR_RUTA,0.0889261900737779
28.832,-0.44992753167027366,0.44830357869595727,1.5064838596491208,SEGUIR_RUTA,0.08860549617986135
28.864,-0.44992753167027366,0.44830357869595727,1.497449473684208,SEGUIR_RUTA,0.08889574670389414
28.896,-0.44992753167027366,0.44830357869595727,1.4838978947368415,SEGUIR_RUTA,0.08729531118997978
28.928,-0.44992753167027366,0.44830357869595727,1.4748635087719288,SEGUIR_RUTA,0.08746895981933359
28.96,-0.44992753167027366,0.44830357869595727,1.4613119298245623,SEGUIR_RUTA,0.08668972931327776
28.992,-0.44991977611776546,0.44836747977814917,1.4500189473684202,SEGUIR_RUTA,0.08736987278567529
29.024,-0.44992825279420223,0.4483036703520697,1.438725964912278,SEGUIR_RUTA,0.08681050900989068
29.056,-0.44992825279420223,0.4483036703520697,1.4251743859649115,SEGUIR_RUTA,0.08660672739056033
29.088,-0.44992825279420223,0.4483036703520697,1.4161399999999988,SEGUIR_RUTA,0.08637150549705441
29.12,-0.44992825279420223,0.4483036703520697,1.4025884210526323,SEGUIR_RUTA,0.08658885353606355
29.152,-0.44992825279420223,0.4483036703520697,1.3935540350877196,SEGUIR_RUTA,0.08624062379901797
29.184,-0.44992825279420223,0.4483036703520697,1.3800024561403479,SEGUIR_RUTA,0.08611719711854934
29.216,-0.44992825279420223,0.4483036703520697,1.3709680701754403,SEGUIR_RUTA,0.08527289647274174
29.248,-0.44992825279420223,0.4483036703520697,1.3574164912280686,SEGUIR_RUTA,0.08485484435141954
29.28,-0.44992825279420223,0.4483036703520697,1.348382105263156,SEGUIR_RUTA,0.08393057908673826
29.312,-0.44992825279420223,0.4483036703520697,1.3348305263157894,SEGUIR_RUTA,0.08404412352915075
29.344,-0.4499124984276374,0.4483660826652309,1.3235375438596497,SEGUIR_RUTA,0.08498907779681651
29.376,-0.44992895659580084,0.44830385224179753,1.31224456140351,SEGUIR_RUTA,0.08495474643859775
29.408,-0.44992895659580084,0.44830385224179753,1.2986929824561384,SEGUIR_RUTA,0.08498722397512296
29.44,-0.44992895659580084,0.44830385224179753,1.2896585964912257,SEGUIR_RUTA,0.08390709620342453
29.472,-0.44992895659580084,0.44830385224179753,1.2761070175438591,SEGUIR_RUTA,0.08456492745301866
29.504,-0.44992895659580084,0.44830385224179753,1.2670726315789465,SEGUIR_RUTA,0.08427504758143456
29.536,-0.44992895659580084,0.44830385224179753,1.2535210526315799,SEGUIR_RUTA,0.08472399827375794
29.568,-0.44992895659580084,0.44830385224179753,1.2444866666666672,SEGUIR_RUTA,0.08468038533949182
29.6,-0.44992895659580084,0.44830385224179753,1.2309350877192955,SEGUIR_RUTA,0.0848652880858154
29.632,-0.44990681448585323,0.44836429414669027,1.2196421052631559,SEGUIR_RUTA,0.08678067198259014
29.664,-0.4499296377387716,0.44830410614102284,1.2083491228070162,SEGUIR_RUTA,0.08576481491078071
29.696,-0.4499061362535341,0.44836403257168267,1.1970561403508766,SEGUIR_RUTA,0.08488897579035952
29.728,-0.449930312973944,0.4483043753584539,1.185763157894737,SEGUIR_RUTA,0.08473386242188485
29.76,-0.449930312973944,0.4483043753584539,1.1722115789473653,SEGUIR_RUTA,0.08502242673611474
29.792,-0.449930312973944,0.4483043753584539,1.1631771929824526,SEGUIR_RUTA,0.08550563273325519
29.824,-0.449930312973944,0.4483043753584539,1.149625614035086,SEGUIR_RUTA,0.08490927298129534
29.856,-0.449930312973944,0.4483043753584539,1.1405912280701733,SEGUIR_RUTA,0.08492310837652894
29.888,-0.449930312973944,0.4483043753584539,1.1270396491228067,SEGUIR_RUTA,0.08484547532391067
29.92,-0.449930312973944,0.4483043753584539,1.118005263157894,SEGUIR_RUTA,0.08500906533732365
29.952,-0.449930312973944,0.4483043753584539,1.1044536842105224,SEGUIR_RUTA,0.08594539916916319
29.984,-0.4499007233274024,0.4483615413423739,1.0931607017543827,SEGUIR_RUTA,0.08577609204335677
30.016000000000002,-0.4499309566478905,0.44830471315190246,1.081867719298243,SEGUIR_RUTA,0.08598916482108816
30.048000000000002,-0.44990008350911426,0.44836119630162075,1.0705747368421035,SEGUIR_RUTA,0.08604874565063636
30.080000000000002,-0.44993159252892434,0.44830506539595727,1.0592817543859638,SEGUIR_RUTA,0.08608232081099539
30.112000000000002,-0.44993159252892434,0.44830506539595727,1.0457301754385921,SEGUIR_RUTA,0.08661053289950629
30.144000000000002,-0.44993159252892434,0.44830506539595727,1.0366957894736846,SEGUIR_RUTA,0.08689677691044617
30.176000000000002,-0.44993159252892434,0.44830506539595727,1.0231442105263129,SEGUIR_RUTA,0.08728716540773343
30.208000000000002,-0.44993159252892434,0.44830506539595727,1.0141098245614002,SEGUIR_RUTA,0.08737251080810905
30.240000000000002,-0.44993159252892434,0.44830506539595727,1.0005582456140336,SEGUIR_RUTA,0.08780776758197824
30.272000000000002,-0.44993159252892434,0.44830506539595727,0.9915238596491209,SEGUIR_RUTA,0.08802539383993194
30.304000000000002,-0.44993159252892434,0.44830506539595727,0.9779722807017545,SEGUIR_RUTA,0.08903501695189135
30.336000000000002,-0.4498950280767879,0.44835804216199643,0.9666792982456123,SEGUIR_RUTA,0.09014293620128354
30.368000000000002,-0.44993218845036353,0.44830548168696316,0.9553863157894701,SEGUIR_RUTA,0.09008336339309662
30.400000000000002,-0.44993218845036353,0.44830548168696316,0.9418347368421036,SEGUIR_RUTA,0.09208680198729155
30.432000000000002,-0.44993218845036353,0.44830548168696316,0.9328003508771909,SEGUIR_RUTA,0.09321639259290199
30.464000000000002,-0.44993218845036353,0.44830548168696316,0.9192487719298245,SEGUIR_RUTA,0.09465992164597083
30.496000000000002,-0.44993218845036353,0.44830548168696316,0.9102143859649118,SEGUIR_RUTA,0.09584919526795445
30.528000000000002,-0.44993218845036353,0.44830548168696316,0.8966628070175402,SEGUIR_RUTA,0.09429408999780194
30.560000000000002,-0.44993218845036353,0.44830548168696316,0.8876284210526275,SEGUIR_RUTA,0.09698444985720454
30.592000000000002,-0.44993218845036353,0.44830548168696316,0.874076842105261,SEGUIR_RUTA,0.09754104419181221
30.624000000000002,-0.44993218845036353,0.44830548168696316,0.8650424561403484,SEGUIR_RUTA,0.10033517809928526
30.656000000000002,-0.44993218845036353,0.44830548168696316,0.8514908771929819,SEGUIR_RUTA,0.10143875039605091
30.688000000000002,-0.44988923335472997,0.44835342286612173,0.8401978947368397,SEGUIR_RUTA,0.10091251930221427
30.72,-0.44993272709871746,0.4483059698247655,0.8289049122806975,SEGUIR_RUTA,0.10266040352824866
30.752,-0.44993272709871746,0.4483059698247655,0.815353333333331,SEGUIR_RUTA,0.10394020933291298
30.784,-0.44993272709871746,0.4483059698247655,0.8063189473684184,SEGUIR_RUTA,0.10603051910822993
30.816,-0.44993272709871746,0.4483059698247655,0.7927673684210519,SEGUIR_RUTA,0.10709874557584693
30.848,-0.44993272709871746,0.4483059698247655,0.7837329824561392,SEGUIR_RUTA,0.10618890392850923
30.88,-0.44993272709871746,0.4483059698247655,0.7701814035087676,SEGUIR_RUTA,0.10631647119583904
30.912,-0.44993272709871746,0.4483059698247655,0.7611470175438549,SEGUIR_RUTA,0.10655210221885297
30.944,-0.44993272709871746,0.4483059698247655,0.7475954385964885,SEGUIR_RUTA,0.1064944103076439
30.976,-0.4498850317150326,0.4483491976777674,0.7363024561403488,SEGUIR_RUTA,0.1074150063289491
31.008,-0.4499332122184284,0.44830651119287435,0.7250094736842092,SEGUIR_RUTA,0.10617419436534554
31.04,-0.44988455273978584,0.44834865086584696,0.713716491228067,SEGUIR_RUTA,0.10604768506709847
31.072,-0.4499336849881271,0.44830706337887133,0.7024235087719274,SEGUIR_RUTA,0.10724793872999952
31.104,-0.449933684988127,0.4483070633788714,0.6888719298245584,SEGUIR_RUTA,0.1066942633119625
31.136,-0.449933684988127,0.4483070633788714,0.6798375438596457,SEGUIR_RUTA,0.10666973277881109
31.168,-0.449933684988127,0.4483070633788714,0.6662859649122793,SEGUIR_RUTA,0.10746093640757855
31.2,-0.449933684988127,0.4483070633788714,0.6572515789473666,SEGUIR_RUTA,0.10744578642090287
31.232,-0.449933684988127,0.4483070633788714,0.6437000000000002,SEGUIR_RUTA,0.10836665024511563
31.264,-0.449933684988127,0.4483070633788714,0.6346656140350875,SEGUIR_RUTA,0.10764827993314977
31.296,-0.449933684988127,0.4483070633788714,0.6211140350877159,SEGUIR_RUTA,0.10779834049730065
31.328,-0.4498809176472933,0.44834392941529155,0.6098210526315763,SEGUIR_RUTA,0.107290523739431
31.36,-0.4499340979420684,0.44830766161762436,0.5985280701754366,SEGUIR_RUTA,0.10752734626004441
31.392,-0.4499340979420684,0.44830766161762436,0.5849764912280702,SEGUIR_RUTA,0.10675133533631927
31.424,-0.4499340979420684,0.44830766161762436,0.5759421052631575,SEGUIR_RUTA,0.10740157978588001
31.456,-0.4499340979420684,0.44830766161762436,0.5623905263157859,SEGUIR_RUTA,0.10772549703986879
31.488,-0.4499340979420684,0.44830766161762436,0.5533561403508732,SEGUIR_RUTA,0.10747214893458241
31.52,-0.4499340979420684,0.44830766161762436,0.5398045614035067,SEGUIR_RUTA,0.1073425146063647
31.552,-0.4499340979420684,0.44830766161762436,0.5307701754385941,SEGUIR_RUTA,0.10665308735747252
31.584,-0.4499340979420684,0.44830766161762436,0.5172185964912276,SEGUIR_RUTA,0.10586159832162748
31.616,-0.4499340979420684,0.44830766161762436,0.5081842105263149,SEGUIR_RUTA,0.10543486871558855
31.648,-0.4499340979420684,0.44830766161762436,0.4946326315789433,SEGUIR_RUTA,0.10591411346706718
31.68,-0.44987710166726025,0.4483375768571853,0.48333964912280375,SEGUIR_RUTA,0.10594677357437274
31.712,-0.44993443213279305,0.4483083071694215,0.47204666666666417,SEGUIR_RUTA,0.10606299550605075
31.744,-0.44993443213279305,0.4483083071694215,0.45849508771929764,SEGUIR_RUTA,0.1066211959906267
31.776,-0.44993443213279305,0.4483083071694215,0.4494607017543849,SEGUIR_RUTA,0.10741716152517741
31.808,-0.44993443213279305,0.4483083071694215,0.4359091228070134,SEGUIR_RUTA,0.10626179028838158
31.84,-0.44993443213279305,0.4483083071694215,0.4268747368421007,SEGUIR_RUTA,0.10702601829627603
31.872,-0.44993443213279305,0.4483083071694215,0.4133231578947342,SEGUIR_RUTA,0.10684579305330823
31.904,-0.44993443213279305,0.4483083071694215,0.4042887719298216,SEGUIR_RUTA,0.10747205098173263
31.936,-0.44993443213279305,0.4483083071694215,0.39073719298245513,SEGUIR_RUTA,0.10791438385025108
31.968,-0.44993443213279305,0.4483083071694215,0.38170280701754244,SEGUIR_RUTA,0.10808379245133917
32.0,-0.44993443213279305,0.4483083071694215,0.36815122807017087,SEGUIR_RUTA,0.1074934076600644
32.032000000000004,-0.44987411750960665,0.44833079367937506,0.35685824561403384,SEGUIR_RUTA,0.10874558973554381
32.064,-0.44993468222119304,0.44830898972077887,0.3455652631578917,SEGUIR_RUTA,0.10879164426581076
32.096000000000004,-0.44993468222119304,0.44830898972077887,0.33201368421052524,SEGUIR_RUTA,0.10759862826993412
32.128,-0.44993468222119304,0.44830898972077887,0.32297929824561256,SEGUIR_RUTA,0.10807802975480554
32.160000000000004,-0.4499346822211931,0.44830898972077887,0.30942771929824353,SEGUIR_RUTA,0.10743099275050653
32.192,-0.44993468222119304,0.44830898972077887,0.3003933333333334,SEGUIR_RUTA,0.10830626885098348
32.224000000000004,-0.44993468222119304,0.44830898972077887,0.2868417543859618,SEGUIR_RUTA,0.10790087842512176
32.256,-0.44993468222119304,0.44830898972077887,0.27780736842104914,SEGUIR_RUTA,0.1071278808278731
32.288000000000004,-0.44993468222119304,0.44830898972077887,0.26425578947368267,SEGUIR_RUTA,0.10778525337731326
32.32,-0.4498723607861481,0.44832509983046004,0.2529628070175431,SEGUIR_RUTA,0.10899799602225509
32.352000000000004,-0.44993486017458273,0.44830969452795416,0.2416698245614035,SEGUIR_RUTA,0.10777364916803352
32.384,-0.4498721908033115,0.448324393058645,0.23037684210526138,SEGUIR_RUTA,0.1075563302086446
32.416000000000004,-0.4499350221651883,0.44831040317427423,0.21908385964911925,SEGUIR_RUTA,0.10892391415715266
32.448,-0.4499350221651883,0.44831040317427423,0.2055322807017528,SEGUIR_RUTA,0.10826848367663809
32.480000000000004,-0.4499350221651883,0.44831040317427423,0.1964978947368401,SEGUIR_RUTA,0.10774338085662316
32.512,-0.4499350221651883,0.44831040317427423,0.18294631578947362,SEGUIR_RUTA,0.10891861471467439
32.544000000000004,-0.4499350221651883,0.44831040317427423,0.17391192982456094,SEGUIR_RUTA,0.10724270452289518
32.576,-0.4499350221651883,0.44831040317427423,0.16036035087718936,SEGUIR_RUTA,0.10823666816249754
32.608000000000004,-0.4499350221651883,0.44831040317427423,0.15132596491227668,SEGUIR_RUTA,0.10855851371825767
32.64,-0.4499350221651883,0.44831040317427423,0.1377743859649102,SEGUIR_RUTA,0.10807087773426803
32.672000000000004,-0.4498711663601514,0.4483185230919511,0.12648140350877066,SEGUIR_RUTA,0.10848364570448946
32.704,-0.44993510978955864,0.44831112479919966,0.11518842105263107,SEGUIR_RUTA,0.10796420250649594
32.736000000000004,-0.44993510978955864,0.44831112479919966,0.10163684210525947,SEGUIR_RUTA,0.10832265721090523
32.768,-0.44993510978955864,0.44831112479919966,0.09260245614034679,SEGUIR_RUTA,0.10741119746219917
32.8,-0.44993510978955864,0.44831112479919966,0.0790508771929803,SEGUIR_RUTA,0.10766018723646018
32.832,-0.44993510978955864,0.44831112479919966,0.07001649122806759,SEGUIR_RUTA,0.10855016867601018
32.864,-0.44993510978955864,0.44831112479919966,0.05646491228070111,SEGUIR_RUTA,0.10870102979077023
32.896,-0.44993510978955864,0.44831112479919966,0.04743052631578842,SEGUIR_RUTA,0.10893683849266855
32.928,-0.44993510978955864,0.44831112479919966,0.033878947368416824,SEGUIR_RUTA,0.10846641068945687
32.96,-0.44864844854685876,0.4483547322129493,0.03387894736841938,SEGUIR_RUTA,0.10919770167630179
32.992,-0.447297561103949,0.44840357122900115,0.03613754385964627,SEGUIR_RUTA,0.10721446183731444
33.024,-0.447297561103949,0.44840357122900115,0.022585964912279793,SEGUIR_RUTA,0.10793940686346759
33.056,-0.4460104894579747,0.448432645928123,0.022585964912277236,SEGUIR_RUTA,0.10680004098957964
33.088,-0.4447234178120004,0.4484617206272449,0.022585964912279797,SEGUIR_RUTA,0.10641429861858924
33.12,-0.4433720649820658,0.44849530130513976,0.02484456140350669,SEGUIR_RUTA,0.10683446691916608
33.152,-0.4420206397537928,0.44852582973921773,0.0225859649122798,SEGUIR_RUTA,0.105777484989879
33.184,-0.4407335681078185,0.44855490443833956,0.022585964912277243,SEGUIR_RUTA,0.10540795734923109
33.216,-0.4394464964618442,0.44858397913746145,0.022585964912279804,SEGUIR_RUTA,0.1048080284922999
33.248,-0.4381594248158699,0.4486130538365833,0.022585964912277247,SEGUIR_RUTA,0.10455736182638352
33.28,-0.4368080719859354,0.44864663451447817,0.024844561403506698,SEGUIR_RUTA,0.1046833049563505
33.312,-0.4354566467576624,0.44867716294855614,0.022585964912279807,SEGUIR_RUTA,0.10461881599354475
33.344,-0.434169575111688,0.44870623764767803,0.02258596491227981,SEGUIR_RUTA,0.10464298119968049
33.376,-0.4328825034657137,0.44873531234679986,0.022585964912277254,SEGUIR_RUTA,0.10443223045290127
33.408,-0.4315954318197394,0.44876438704592175,0.022585964912279814,SEGUIR_RUTA,0.10395361776550013
33.44,-0.4303083601737651,0.4487934617450436,0.022585964912277257,SEGUIR_RUTA,0.10342719468248227
33.472,-0.42895700734383063,0.44882704242293847,0.02484456140350671,SEGUIR_RUTA,0.10415492145520092
33.504,-0.4276055821155576,0.44885757085701644,0.022585964912279818,SEGUIR_RUTA,0.103968039357958
33.536,-0.42631851046958325,0.44888664555613833,0.02258596491227982,SEGUIR_RUTA,0.10378065249756883
33.568,-0.42503143882360894,0.44891572025526016,0.022585964912277264,SEGUIR_RUTA,0.10553091322645666
33.6,-0.42374436717763464,0.44894479495438205,0.022585964912279825,SEGUIR_RUTA,0.10382764283989654
33.632,-0.42239301434770005,0.44897837563227694,0.02484456140350672,SEGUIR_RUTA,0.10418145737771012
33.664,-0.421041589119427,0.4490089040663549,0.022585964912279828,SEGUIR_RUTA,0.10480845686548118
33.696,-0.4197545174734527,0.44903797876547674,0.02258596491227727,SEGUIR_RUTA,0.10513251540074506
33.728,-0.4184674458274784,0.44906705346459863,0.02258596491227983,SEGUIR_RUTA,0.10587423513457087
33.76,-0.4171803741815041,0.44909612816372046,0.022585964912277275,SEGUIR_RUTA,0.10365926072265688
33.792,-0.4158290213515696,0.44912970884161535,0.024844561403506726,SEGUIR_RUTA,0.1047733195407264
33.824,-0.4144775961232966,0.4491602372756933,0.022585964912279835,SEGUIR_RUTA,0.10448599819025715
33.856,-0.41319052447732224,0.4491893119748152,0.02258596491227984,SEGUIR_RUTA,0.10527174858741119
33.888,-0.41190345283134794,0.44921838667393704,0.02258596491227728,SEGUIR_RUTA,0.10646536395921097
33.92,-0.41061638118537364,0.44924746137305893,0.022585964912279842,SEGUIR_RUTA,0.10581982058464921
33.952,-0.40932930953939933,0.44927653607218077,0.022585964912277285,SEGUIR_RUTA,0.10527734379353353
33.984,-0.40797795670946485,0.44931011675007565,0.024844561403506736,SEGUIR_RUTA,0.10441949788942792
34.016,-0.4066265314811918,0.4493406451841536,0.022585964912279845,SEGUIR_RUTA,0.10491722578654802
34.048,-0.40533945983521746,0.4493697198832755,0.02258596491227985,SEGUIR_RUTA,0.10509332757087933
34.08,-0.40405238818924316,0.44939879458239734,0.022585964912277292,SEGUIR_RUTA,0.10547719769082427
34.112,-0.40276531654326886,0.44942786928151923,0.022585964912279852,SEGUIR_RUTA,0.10556690313131784
34.144,-0.40141396371333427,0.4494614499594141,0.024844561403506746,SEGUIR_RUTA,0.10583923370613343
34.176,-0.4000625384850613,0.4494919783934921,0.022585964912277295,SEGUIR_RUTA,0.10520736935029719
34.208,-0.398775466839087,0.449521053092614,0.022585964912279856,SEGUIR_RUTA,0.10458704781156972
34.24,-0.39748839519311263,0.44955012779173587,0.02258596491227986,SEGUIR_RUTA,0.10418816613209574
34.272,-0.39620132354713833,0.4495792024908577,0.022585964912277302,SEGUIR_RUTA,0.10483150225953126
34.304,-0.39484997071720385,0.4496127831687526,0.024844561403506753,SEGUIR_RUTA,0.10493587917794206
34.336,-0.3934985454889308,0.44964331160283055,0.022585964912279863,SEGUIR_RUTA,0.10417990768867841
34.368,-0.39221147384295646,0.44967238630195244,0.022585964912279866,SEGUIR_RUTA,0.10424995298040718
34.4,-0.39092440219698216,0.4497014610010743,0.02258596491227731,SEGUIR_RUTA,0.10477051733296576
34.432,-0.38963733055100785,0.44973053570019617,0.02258596491227987,SEGUIR_RUTA,0.10541878260099
34.464,-0.38835025890503355,0.449759610399318,0.022585964912277313,SEGUIR_RUTA,0.10533035732337495
34.496,-0.38699890607509907,0.4497931910772129,0.024844561403506764,SEGUIR_RUTA,0.10663228399384703
34.528,-0.386998906075099,0.4497931910772129,0.011292982456137725,SEGUIR_RUTA,0.10581757648225483
34.56,-0.38571158816622275,0.44980772935380775,0.01129298245614028,SEGUIR_RUTA,0.10565741223941251
34.592,-0.3844242702573465,0.4498222676304026,0.011292982456137723,SEGUIR_RUTA,0.10653503799886056
34.624,-0.38300822055758255,0.44983825973465696,0.011292982456137723,SEGUIR_RUTA,0.10624799765107719
34.656,-0.3817209026487062,0.44985279801125183,0.011292982456137723,SEGUIR_RUTA,0.10547021848568075
34.688,-0.38043358473982997,0.4498673362878467,0.011292982456137723,SEGUIR_RUTA,0.1057725065006927
34.72,-0.3791462668309536,0.44988187456444156,0.011292982456137723,SEGUIR_RUTA,0.10411407841816774
34.752,-0.37785894892207733,0.44989641284103643,0.011292982456140278,SEGUIR_RUTA,0.10459358411120603
34.784,-0.3764428992223134,0.4499124049452908,0.011292982456140277,SEGUIR_RUTA,0.1048710676309487
34.816,-0.3751555813134371,0.44992694322188564,0.01129298245613772,SEGUIR_RUTA,0.10507556016810014
34.848,-0.37386826340456075,0.4499414814984805,0.01129298245613772,SEGUIR_RUTA,0.10556392772726242
34.88,-0.37258094549568455,0.4499560197750754,0.01129298245613772,SEGUIR_RUTA,0.10527779763159395
34.912,-0.3712936275868082,0.44997055805167024,0.01129298245613772,SEGUIR_RUTA,0.10646257669037483
34.944,-0.36994198170800685,0.44998887610886107,0.01355157894736717,SEGUIR_RUTA,0.10574183684507796
34.976,-0.3685902979036867,0.4500041412992857,0.011292982456140273,SEGUIR_RUTA,0.10475713342739472
35.008,-0.36730297999481043,0.45001867957588054,0.011292982456137716,SEGUIR_RUTA,0.10514780490993342
35.04,-0.36601566208593406,0.4500332178524754,0.011292982456137716,SEGUIR_RUTA,0.10545390273739423
35.072,-0.3647283441770578,0.4500477561290703,0.011292982456140271,SEGUIR_RUTA,0.1049255629690763
35.104,-0.36344102626818153,0.45006229440566514,0.011292982456137714,SEGUIR_RUTA,0.10545502656682271
35.136,-0.3620249765684176,0.4500782865099195,0.011292982456137714,SEGUIR_RUTA,0.10478000775472993
35.168,-0.36208934656841757,0.4500782865099195,-1.8735013540549517e-15,SEGUIR_RUTA,0.10545651832102337
35.2,-0.36080194656841763,0.4500782865099195,-1.8735013540549517e-15,SEGUIR_RUTA,0.10552976224659485
35.232,-0.3593858065684176,0.4500782865099195,-1.8735013540549517e-15,SEGUIR_RUTA,0.10593785887944641
35.264,-0.35809840656841757,0.4500782865099195,-1.8735013540549517e-15,SEGUIR_RUTA,0.10630726803480381
35.296,-0.3568110065684175,0.4500782865099195,-1.8735013540549517e-15,SEGUIR_RUTA,0.10662193831379828
35.328,-0.3555236065684176,0.4500782865099195,-1.8735013540549517e-15,SEGUIR_RUTA,0.10643721617417799
35.36,-0.35423620656841753,0.4500782865099195,-1.8735013540549517e-15,SEGUIR_RUTA,0.10580828918592274
35.392,-0.35417184067297375,0.45007755959608975,-0.011292982456141461,SEGUIR_RUTA,0.10629313368137148
35.424,-0.3528845227640974,0.4500630213194949,-0.011292982456141461,SEGUIR_RUTA,0.10536983088976876
35.456,-0.35159720485522117,0.4500484830429,-0.011292982456141461,SEGUIR_RUTA,0.10465066232328407
35.488,-0.35153285127292244,0.45004702930794394,-0.0225859649122836,SEGUIR_RUTA,0.10409157085909229
35.52,-0.35024577962694814,0.45001795460882205,-0.022585964912281046,SEGUIR_RUTA,0.10512401116466995
35.552,-0.35024577962694814,0.45001795460882205,-0.02258596491228105,SEGUIR_RUTA,0.10631648927533892
35.584,-0.3503101455223919,0.4500186815226518,-0.011292982456141461,SEGUIR_RUTA,0.106264306790511
35.616,-0.3489584996435906,0.45000036346546096,-0.013551578947370913,SEGUIR_RUTA,0.10571022808723395
35.648,-0.34760681583927044,0.44998509827503635,-0.011292982456144018,SEGUIR_RUTA,0.1038681511685569
35.68,-0.3463194979303942,0.4499705599984415,-0.011292982456141461,SEGUIR_RUTA,0.10347063915178034
35.712,-0.3450321800215178,0.4499560217218466,-0.011292982456141461,SEGUIR_RUTA,0.1041307984874524
35.744,-0.34374486211264155,0.44994148344525176,-0.011292982456144018,SEGUIR_RUTA,0.1057025029831082
35.776,-0.3424575442037653,0.4499269451686569,-0.011292982456141461,SEGUIR_RUTA,0.10488240622677038
35.808,-0.34104149450400134,0.44991095306440254,-0.011292982456141461,SEGUIR_RUTA,0.10571307473020898
35.84,-0.3397541765951251,0.4498964147878077,-0.011292982456144018,SEGUIR_RUTA,0.10563390830728034
35.872,-0.3384668586862488,0.4498818765112128,-0.011292982456141461,SEGUIR_RUTA,0.10557618428727926
35.904,-0.33717954077737244,0.44986733823461794,-0.011292982456141461,SEGUIR_RUTA,0.10597914149139179
35.936,-0.3358922228684962,0.4498527999580231,-0.011292982456144018,SEGUIR_RUTA,0.10512816349107452
35.968,-0.33447617316873224,0.4498368078537687,-0.011292982456144018,SEGUIR_RUTA,0.10348066045772975
36.0,-0.333188855259856,0.44982226957717386,-0.011292982456141461,SEGUIR_RUTA,0.1026969644749982
36.032000000000004,-0.3319015373509796,0.449807731300579,-0.011292982456141461,SEGUIR_RUTA,0.10322578435396831
36.064,-0.3306142194421034,0.44979319302398413,-0.011292982456141461,SEGUIR_RUTA,0.10491720241507314
36.096000000000004,-0.329326901533227,0.44977865474738926,-0.011292982456141461,SEGUIR_RUTA,0.10438142166389976
36.128,-0.3279752556544257,0.44976033669019844,-0.013551578947370913,SEGUIR_RUTA,0.10474684971612114
36.160000000000004,-0.32662357185010554,0.44974507149977383,-0.011292982456144018,SEGUIR_RUTA,0.10392402004394696
36.192,-0.3253362539412293,0.44973053322317896,-0.011292982456141461,SEGUIR_RUTA,0.1026709411268835
36.224000000000004,-0.3240489360323529,0.4497159949465841,-0.011292982456141461,SEGUIR_RUTA,0.10215746058938534
36.256,-0.3227616181234767,0.44970145666998923,-0.011292982456141461,SEGUIR_RUTA,0.10273759050316517
36.288000000000004,-0.32147430021460033,0.44968691839339436,-0.011292982456141461,SEGUIR_RUTA,0.10285637511190335
36.32,-0.3200582505148364,0.44967092628914,-0.011292982456141461,SEGUIR_RUTA,0.10417927536658772
36.352000000000004,-0.3187709326059601,0.44965638801254515,-0.011292982456144018,SEGUIR_RUTA,0.10505669027692256
36.384,-0.31748361469708386,0.4496418497359503,-0.011292982456141461,SEGUIR_RUTA,0.10463017271593505
36.416000000000004,-0.3161962967882075,0.4496273114593554,-0.011292982456141461,SEGUIR_RUTA,0.10502931063798729
36.448,-0.3149089788793312,0.44961277318276055,-0.011292982456144018,SEGUIR_RUTA,0.1043976297714081
36.480000000000004,-0.3134929291795673,0.4495967810785062,-0.011292982456144018,SEGUIR_RUTA,0.10526578949671384
36.512,-0.3135572991795673,0.4495967810785062,-1.8769708010069053e-15,SEGUIR_RUTA,0.10594150275868608
36.544000000000004,-0.31226989917956727,0.4495967810785062,-1.8769708010069053e-15,SEGUIR_RUTA,0.10555876693124683
36.576,-0.31098249917956733,0.4495967810785062,-1.8769708010069053e-15,SEGUIR_RUTA,0.10485747544791738
36.608000000000004,-0.3095663591795673,0.4495967810785062,-1.8769708010069053e-15,SEGUIR_RUTA,0.10485340794372142
36.64,-0.30827895917956727,0.4495967810785062,-1.8769708010069053e-15,SEGUIR_RUTA,0.1044519712815749
36.672000000000004,-0.3069915591795672,0.4495967810785062,-1.8769708010069053e-15,SEGUIR_RUTA,0.1057086284761308
36.704,-0.3057041591795673,0.4495967810785062,-1.8769708010069053e-15,SEGUIR_RUTA,0.10550315682131299
36.736000000000004,-0.30441675917956723,0.4495967810785062,-1.8769708010069053e-15,SEGUIR_RUTA,0.10479732860852511
36.768,-0.3030006191795672,0.4495967810785062,-1.8769708010069053e-15,SEGUIR_RUTA,0.10480822796981062
36.800000000000004,-0.3017132191795673,0.4495967810785062,-1.8769708010069053e-15,SEGUIR_RUTA,0.10505503914736299
36.832,-0.30042581917956723,0.4495967810785062,-1.8769708010069053e-15,SEGUIR_RUTA,0.10672254486627378
36.864000000000004,-0.2991384191795672,0.4495967810785062,-1.8769708010069053e-15,SEGUIR_RUTA,0.10662511498382128
36.896,-0.29785101917956724,0.4495967810785062,-1.8769708010069053e-15,SEGUIR_RUTA,0.1064240055166068
36.928,-0.29643487917956723,0.4495967810785062,-1.8769708010069053e-15,SEGUIR_RUTA,0.10638855909793879
36.96,-0.2951474791795672,0.4495967810785062,-1.8769708010069053e-15,SEGUIR_RUTA,0.10495483339521507
36.992,-0.29386007917956714,0.4495967810785062,-1.8769708010069053e-15,SEGUIR_RUTA,0.10573546678376271
37.024,-0.2925726791795672,0.4495967810785062,-1.8769708010069053e-15,SEGUIR_RUTA,0.10490698397044468
37.056,-0.29128527917956715,0.4495967810785062,-1.8769708010069053e-15,SEGUIR_RUTA,0.10525193736785833
37.088,-0.2899978791795672,0.4495967810785062,-1.8769708010069053e-15,SEGUIR_RUTA,0.10507870590754345
37.12,-0.2885817391795672,0.4495967810785062,-1.8769708010069053e-15,SEGUIR_RUTA,0.10502245708457472
37.152,-0.28729433917956715,0.4495967810785062,-1.8769708010069053e-15,SEGUIR_RUTA,0.10490168895608509
37.184,-0.2860069391795671,0.4495967810785062,-1.8769708010069053e-15,SEGUIR_RUTA,0.10521400640134258
37.216,-0.28471953917956716,0.4495967810785062,-1.8769708010069053e-15,SEGUIR_RUTA,0.1042789813431512
37.248,-0.2834321391795671,0.4495967810785062,-1.8769708010069053e-15,SEGUIR_RUTA,0.10461025226312
37.28,-0.2820159991795671,0.4495967810785062,-1.8769708010069053e-15,SEGUIR_RUTA,0.10541207626764529
37.312,-0.28072859917956716,0.4495967810785062,-1.8769708010069053e-15,SEGUIR_RUTA,0.10556296395874686
37.344,-0.2794411991795671,0.4495967810785062,-1.8769708010069053e-15,SEGUIR_RUTA,0.10459420647452623
37.376,-0.27815379917956706,0.4495967810785062,-1.8769708010069053e-15,SEGUIR_RUTA,0.10443637549617764
37.408,-0.2768663991795671,0.4495967810785062,-1.8769708010069053e-15,SEGUIR_RUTA,0.10554721848050184
37.44,-0.2754502591795671,0.4495967810785062,-1.8769708010069053e-15,SEGUIR_RUTA,0.10591391257776914
37.472,-0.27416285917956706,0.4495967810785062,-1.8769708010069053e-15,SEGUIR_RUTA,0.10558996372269007
37.504,-0.2728754591795671,0.4495967810785062,-1.8769708010069053e-15,SEGUIR_RUTA,0.10548354183088955
37.536,-0.2729398250750109,0.44959605416467646,0.011292982456137711,SEGUIR_RUTA,0.10604872094844549
37.568,-0.27152377537524697,0.4496120462689308,0.011292982456137711,SEGUIR_RUTA,0.10562335140124962
37.6,-0.2702364574663706,0.4496265845455257,0.011292982456137711,SEGUIR_RUTA,0.1042274575824414
37.632,-0.26894913955749433,0.44964112282212054,0.011292982456140266,SEGUIR_RUTA,0.10528400416588325
37.664,-0.26766182164861807,0.4496556610987154,0.01129298245613771,SEGUIR_RUTA,0.10586048948079124
37.696,-0.2663745037397417,0.4496701993753103,0.01129298245613771,SEGUIR_RUTA,0.10503936416143858
37.728,-0.2650228578609404,0.4496885174325011,0.01355157894736716,SEGUIR_RUTA,0.10464635258784731
37.76,-0.2636711740566202,0.4497037826229257,0.011292982456140263,SEGUIR_RUTA,0.10520459110203305
37.792,-0.26238385614774395,0.4497183208995206,0.011292982456137706,SEGUIR_RUTA,0.10588336148568572
37.824,-0.2610965382388677,0.44973285917611544,0.011292982456140261,SEGUIR_RUTA,0.10490442848086812
37.856,-0.25980922032999143,0.4497473974527103,0.011292982456137704,SEGUIR_RUTA,0.10469581667697041
37.888,-0.25845757445119005,0.44976571550990113,0.013551578947364598,SEGUIR_RUTA,0.1040216225191584
37.92,-0.2571058906468699,0.44978098070032574,0.011292982456137704,SEGUIR_RUTA,0.10696985440560937
37.952,-0.2571702442291686,0.44977952696536966,0.02258596491227985,SEGUIR_RUTA,0.10833386464918204
37.984,-0.2558831725831943,0.4498086016644915,0.022585964912277292,SEGUIR_RUTA,0.10824663019734439
38.016,-0.2545318197532597,0.4498421823423864,0.0248445614035093,SEGUIR_RUTA,0.10702239019012946
38.048,-0.2531803945249867,0.44987271077646435,0.022585964912277292,SEGUIR_RUTA,0.10607795293462129
38.08,-0.2518933228790124,0.44990178547558624,0.022585964912279852,SEGUIR_RUTA,0.1065962020267952
38.112,-0.2518933228790124,0.44990178547558624,0.036137543859646334,SEGUIR_RUTA,0.10762733912456211
38.144,-0.2506067634095746,0.449948298824207,0.03613754385964889,SEGUIR_RUTA,0.10707334706028235
38.176,-0.2506067634095746,0.449948298824207,0.03613754385964889,SEGUIR_RUTA,0.10697177534919491
38.208,-0.2506067634095746,0.449948298824207,0.022585964912277295,SEGUIR_RUTA,0.10768685382040152
38.24,-0.2505423975141308,0.44994902573803675,0.011292982456137707,SEGUIR_RUTA,0.10761741809917116
38.272,-0.24925507960525445,0.4499635640146316,0.011292982456137707,SEGUIR_RUTA,0.10607709783723639
38.304,-0.24796776169637816,0.4499781022912265,0.011292982456140263,SEGUIR_RUTA,0.10584067379471393
38.336,-0.24668044378750187,0.44999264056782134,0.011292982456137706,SEGUIR_RUTA,0.105172531702978
38.368,-0.2453931258786255,0.4500071788444162,0.011292982456137706,SEGUIR_RUTA,0.10530148188101691
38.4,-0.24404147999982417,0.45002549690160704,0.013551578947367157,SEGUIR_RUTA,0.10365175863216247
38.432,-0.2426897961955041,0.45004076209203164,0.011292982456137706,SEGUIR_RUTA,0.10487370124097015
38.464,-0.24140247828662775,0.4500553003686265,0.011292982456137706,SEGUIR_RUTA,0.1039733279107351
38.496,-0.24011516037775146,0.4500698386452214,0.011292982456140261,SEGUIR_RUTA,0.10449310647179685
38.528,-0.23882784246887517,0.45008437692181624,0.011292982456137704,SEGUIR_RUTA,0.10537145556377975
38.56,-0.23747619659007377,0.45010269497900707,0.013551578947364598,SEGUIR_RUTA,0.1053021460006496
38.592,-0.23612451278575364,0.4501179601694317,0.011292982456137704,SEGUIR_RUTA,0.10503410831758118
38.624,-0.23483719487687735,0.45013249844602654,0.01129298245614026,SEGUIR_RUTA,0.10570292819331345
38.656,-0.23354987696800106,0.4501470367226214,0.011292982456137702,SEGUIR_RUTA,0.1057224647064149
38.688,-0.23226255905912477,0.4501615749992163,0.011292982456140258,SEGUIR_RUTA,0.1065328142940544
38.72,-0.23097524115024848,0.45017611327581114,0.0112929824561377,SEGUIR_RUTA,0.10663377004521556
38.752,-0.22955919145048456,0.4501921053800655,0.0112929824561377,SEGUIR_RUTA,0.10657134655588402
38.784,-0.22827187354160822,0.45020664365666035,0.0112929824561377,SEGUIR_RUTA,0.10613608737450556
38.816,-0.22698455563273193,0.4502211819332552,0.011292982456140256,SEGUIR_RUTA,0.10608711191599715
38.848,-0.22569723772385564,0.4502357202098501,0.011292982456137699,SEGUIR_RUTA,0.10487607051195044
38.88,-0.22440991981497935,0.45025025848644495,0.011292982456140254,SEGUIR_RUTA,0.10511169656451114
38.912,-0.22305827393617794,0.4502685765436358,0.013551578947367148,SEGUIR_RUTA,0.10478832345353008
38.944,-0.22170659013185787,0.4502838417340604,0.011292982456137697,SEGUIR_RUTA,0.10338264057346444
38.976,-0.22041927222298152,0.45029838001065525,0.011292982456137697,SEGUIR_RUTA,0.10327800376707766
39.008,-0.21913195431410523,0.4503129182872501,0.011292982456140252,SEGUIR_RUTA,0.10475586412781224
39.04,-0.21784463640522894,0.450327456563845,0.011292982456137695,SEGUIR_RUTA,0.10679847666626721
39.072,-0.21649299052642754,0.4503457746210358,0.013551578947364591,SEGUIR_RUTA,0.10517126167368886
39.104,-0.21649299052642754,0.4503457746210358,-1.8908485888147197e-15,SEGUIR_RUTA,0.10561433347632455
39.136,-0.2152055905264275,0.4503457746210358,-1.8908485888147197e-15,SEGUIR_RUTA,0.10564800384841433
39.168,-0.21391819052642758,0.4503457746210358,-1.8908485888147197e-15,SEGUIR_RUTA,0.10440178338837854
39.2,-0.2125020505264276,0.4503457746210358,-1.8908485888147197e-15,SEGUIR_RUTA,0.10507963171855099
39.232,-0.21121465052642754,0.4503457746210358,-1.8908485888147197e-15,SEGUIR_RUTA,0.10527650132973577
39.264,-0.20992725052642763,0.4503457746210358,-1.8908485888147197e-15,SEGUIR_RUTA,0.10526411978874493
39.296,-0.20863985052642758,0.4503457746210358,-1.8908485888147197e-15,SEGUIR_RUTA,0.10591555594136555
39.328,-0.20735245052642753,0.4503457746210358,-1.8908485888147197e-15,SEGUIR_RUTA,0.10577526039909091
39.36,-0.20606505052642762,0.4503457746210358,-1.8908485888147197e-15,SEGUIR_RUTA,0.10540639220304973
39.392,-0.20464891052642764,0.4503457746210358,-1.8908485888147197e-15,SEGUIR_RUTA,0.10378617801305563
39.424,-0.2033615105264276,0.4503457746210358,-1.8908485888147197e-15,SEGUIR_RUTA,0.10348806132210984
39.456,-0.20207411052642768,0.4503457746210358,-1.8908485888147197e-15,SEGUIR_RUTA,0.10466237816466903
39.488,-0.20078671052642763,0.4503457746210358,-1.8908485888147197e-15,SEGUIR_RUTA,0.10527112754544583
39.52,-0.19949931052642758,0.4503457746210358,-1.8908485888147197e-15,SEGUIR_RUTA,0.10415662586764797
39.552,-0.1980831705264276,0.4503457746210358,-1.8908485888147197e-15,SEGUIR_RUTA,0.10484900827508382
39.584,-0.1967957705264277,0.4503457746210358,-1.8908485888147197e-15,SEGUIR_RUTA,0.10548193015254753
39.616,-0.19550837052642764,0.4503457746210358,-1.8908485888147197e-15,SEGUIR_RUTA,0.10537588864996768
39.648,-0.19422097052642773,0.4503457746210358,-1.8908485888147197e-15,SEGUIR_RUTA,0.10486452172077818
39.68,-0.19293357052642768,0.4503457746210358,-1.8908485888147197e-15,SEGUIR_RUTA,0.10551546036691
39.712,-0.1915174305264277,0.4503457746210358,-1.8908485888147197e-15,SEGUIR_RUTA,0.10529800880834028
39.744,-0.19023003052642765,0.4503457746210358,-1.8908485888147197e-15,SEGUIR_RUTA,0.1064698055359509
39.776,-0.18894263052642774,0.4503457746210358,-1.8908485888147197e-15,SEGUIR_RUTA,0.1076298019328239
39.808,-0.18765523052642769,0.4503457746210358,-1.8908485888147197e-15,SEGUIR_RUTA,0.10688106273020774
39.84,-0.18636783052642764,0.4503457746210358,-1.8908485888147197e-15,SEGUIR_RUTA,0.10602916665206455
39.872,-0.18508043052642772,0.4503457746210358,-1.8908485888147197e-15,SEGUIR_RUTA,0.1046224306543247
39.904,-0.18366429052642774,0.4503457746210358,-1.8908485888147197e-15,SEGUIR_RUTA,0.10600093980481243
39.936,-0.1823768905264277,0.4503457746210358,-1.8908485888147197e-15,SEGUIR_RUTA,0.10606084596631157
39.968,-0.18108949052642778,0.4503457746210358,-1.8908485888147197e-15,SEGUIR_RUTA,0.10639960193900012
40.0,-0.17980209052642773,0.4503457746210358,-1.8908485888147197e-15,SEGUIR_RUTA,0.10571361678119177
40.032000000000004,-0.17851469052642768,0.4503457746210358,-1.8908485888147197e-15,SEGUIR_RUTA,0.10624582668228628
40.064,-0.1770985505264277,0.4503457746210358,-1.8908485888147197e-15,SEGUIR_RUTA,0.10530721058917018
40.096000000000004,-0.1758111505264278,0.4503457746210358,-1.8908485888147197e-15,SEGUIR_RUTA,0.10534548675081852
40.128,-0.17452375052642774,0.4503457746210358,-1.8908485888147197e-15,SEGUIR_RUTA,0.10551005214837689
40.160000000000004,-0.17323635052642783,0.4503457746210358,-1.8908485888147197e-15,SEGUIR_RUTA,0.1042866448999749
40.192,-0.17194895052642778,0.4503457746210358,-1.8908485888147197e-15,SEGUIR_RUTA,0.10448201958936242
40.224000000000004,-0.1705328105264278,0.4503457746210358,-1.8908485888147197e-15,SEGUIR_RUTA,0.10533030456157932
40.256,-0.16924541052642775,0.4503457746210358,-1.8908485888147197e-15,SEGUIR_RUTA,0.104890215045476
40.288000000000004,-0.1693097764218716,0.45034650153486555,-0.011292982456144032,SEGUIR_RUTA,0.10711582570329363
40.32,-0.1680224585129953,0.4503319632582707,-0.011292982456141475,SEGUIR_RUTA,0.10568480947379473
40.352000000000004,-0.16660640881323138,0.45031597115401634,-0.011292982456141475,SEGUIR_RUTA,0.10553133789712085
40.384,-0.16531909090435504,0.45030143287742147,-0.011292982456141475,SEGUIR_RUTA,0.1055341030639806
40.416000000000004,-0.16403177299547883,0.4502868946008266,-0.011292982456141475,SEGUIR_RUTA,0.10558304813119974
40.448,-0.16274445508660246,0.45027235632423174,-0.011292982456141475,SEGUIR_RUTA,0.10492331587091441
40.480000000000004,-0.16145713717772617,0.45025781804763687,-0.011292982456144032,SEGUIR_RUTA,0.10507481703737555
40.512,-0.16010549129892476,0.45023949999044605,-0.013551578947370926,SEGUIR_RUTA,0.10488903879576497
40.544000000000004,-0.1587538074946047,0.45022423480002144,-0.011292982456141475,SEGUIR_RUTA,0.10499788308656563
40.576,-0.15746648958572834,0.4502096965234266,-0.011292982456141475,SEGUIR_RUTA,0.10577404204761723
40.608000000000004,-0.15617917167685214,0.4501951582468317,-0.011292982456141475,SEGUIR_RUTA,0.10614390568223585
40.64,-0.15611481809455338,0.4501937045118756,-0.022585964912283613,SEGUIR_RUTA,0.10708706793193502
40.672000000000004,-0.1548277464485791,0.45016462981275374,-0.02258596491228106,SEGUIR_RUTA,0.10657017338798792
40.704,-0.15354067480260483,0.45013555511363185,-0.022585964912283613,SEGUIR_RUTA,0.10553610604681503
40.736000000000004,-0.15225360315663047,0.45010648041450996,-0.02258596491228361,SEGUIR_RUTA,0.10625078298301785
40.768,-0.1521892700944955,0.45010430004382246,-0.0338789473684232,SEGUIR_RUTA,0.10620556795337799
40.800000000000004,-0.15090260885179554,0.45006069263007276,-0.0338789473684232,SEGUIR_RUTA,0.10591328423708564
40.832,-0.15090260885179554,0.45006069263007276,-0.0338789473684232,SEGUIR_RUTA,0.10735636719945252
40.864000000000004,-0.1509669624340943,0.45006214636502884,-0.022585964912281063,SEGUIR_RUTA,0.10776885451991776
40.896,-0.1509025965386505,0.4500614194511991,-0.011292982456141475,SEGUIR_RUTA,0.10603829995920719
40.928000000000004,-0.14961527862977414,0.45004688117460423,-0.011292982456141475,SEGUIR_RUTA,0.10580715008979599
40.96,-0.14832796072089785,0.45003234289800936,-0.011292982456144032,SEGUIR_RUTA,0.1045179770728389
40.992,-0.14704064281202156,0.4500178046214145,-0.011292982456141475,SEGUIR_RUTA,0.1044368885045111
41.024,-0.14562459311225764,0.45000181251716015,-0.011292982456141475,SEGUIR_RUTA,0.10579688025446984
41.056,-0.14433727520338135,0.4499872742405653,-0.011292982456144032,SEGUIR_RUTA,0.10489848914889657
41.088,-0.14304995729450506,0.4499727359639704,-0.011292982456141475,SEGUIR_RUTA,0.10527644245007088
41.12,-0.14176263938562872,0.44995819768737555,-0.011292982456141475,SEGUIR_RUTA,0.10615507599300049
41.152,-0.14047532147675243,0.4499436594107807,-0.011292982456144032,SEGUIR_RUTA,0.10609611494456886
41.184,-0.1390592717769885,0.44992766730652634,-0.011292982456144032,SEGUIR_RUTA,0.10528457845445463
41.216,-0.13777195386811222,0.44991312902993147,-0.011292982456141475,SEGUIR_RUTA,0.10419728945787944
41.248,-0.13648463595923588,0.4498985907533366,-0.011292982456141475,SEGUIR_RUTA,0.10457721502483412
41.28,-0.13519731805035967,0.44988405247674174,-0.011292982456141475,SEGUIR_RUTA,0.10532100656671609
41.312,-0.1339100001414833,0.44986951420014687,-0.011292982456141475,SEGUIR_RUTA,0.10570338350333011
41.344,-0.13255835426268198,0.44985119614295604,-0.013551578947370926,SEGUIR_RUTA,0.10500661219100342
41.376,-0.13120667045836185,0.44983593095253144,-0.011292982456144032,SEGUIR_RUTA,0.10572439219202086
41.408,-0.12991935254948556,0.44982139267593657,-0.011292982456141475,SEGUIR_RUTA,0.10647861127316487
41.44,-0.12863203464060918,0.4498068543993417,-0.011292982456141475,SEGUIR_RUTA,0.10611015859319849
41.472,-0.12734471673173298,0.44979231612274684,-0.011292982456141475,SEGUIR_RUTA,0.10643846288878804
41.504,-0.1260573988228566,0.44977777784615197,-0.011292982456141475,SEGUIR_RUTA,0.10697267237453863
41.536,-0.12464134912309269,0.4497617857418976,-0.011292982456141475,SEGUIR_RUTA,0.10634963102513818
41.568,-0.1233540312142164,0.44974724746530276,-0.011292982456144032,SEGUIR_RUTA,0.10494755152093906
41.6,-0.12206671330534011,0.4497327091887079,-0.011292982456141475,SEGUIR_RUTA,0.10492336967627224
41.632,-0.12077939539646375,0.449718170912113,-0.011292982456141475,SEGUIR_RUTA,0.10341420299248068
41.664,-0.11949207748758746,0.44970363263551816,-0.011292982456144032,SEGUIR_RUTA,0.10492064703033413
41.696,-0.11807602778782354,0.4496876405312638,-0.011292982456144032,SEGUIR_RUTA,0.10580886780003146
41.728,-0.11678870987894725,0.44967310225466894,-0.011292982456141475,SEGUIR_RUTA,0.10528685834312161
41.76,-0.11550139197007096,0.4496585639780741,-0.011292982456144032,SEGUIR_RUTA,0.10575197864237322
41.792,-0.11421407406119467,0.4496440257014792,-0.011292982456141475,SEGUIR_RUTA,0.10434826777765639
41.824,-0.11292675615231831,0.44962948742488434,-0.011292982456141475,SEGUIR_RUTA,0.10462666836980668
41.856,-0.11157511027351698,0.4496111693676935,-0.013551578947370926,SEGUIR_RUTA,0.105756494151872
41.888,-0.11157511027351691,0.4496111693676935,-1.887379141862766e-15,SEGUIR_RUTA,0.10638870070748156
41.92,-0.110287710273517,0.4496111693676935,-1.887379141862766e-15,SEGUIR_RUTA,0.10538501977432445
41.952,-0.10900031027351693,0.4496111693676935,-1.887379141862766e-15,SEGUIR_RUTA,0.10485661981932298
41.984,-0.10758417027351694,0.4496111693676935,-1.887379141862766e-15,SEGUIR_RUTA,0.10547332325480686
42.016,-0.10629677027351687,0.4496111693676935,-1.887379141862766e-15,SEGUIR_RUTA,0.10490680469614658
42.048,-0.10500937027351696,0.4496111693676935,-1.887379141862766e-15,SEGUIR_RUTA,0.10411694609035209
42.08,-0.1037219702735169,0.4496111693676935,-1.887379141862766e-15,SEGUIR_RUTA,0.10565098155588772
42.112,-0.10243457027351699,0.4496111693676935,-1.887379141862766e-15,SEGUIR_RUTA,0.10559834590366109
42.144,-0.10114717027351693,0.4496111693676935,-1.887379141862766e-15,SEGUIR_RUTA,0.10703777330038323
42.176,-0.09973103027351693,0.4496111693676935,-1.887379141862766e-15,SEGUIR_RUTA,0.10607558984328157
42.208,-0.09844363027351687,0.4496111693676935,-1.887379141862766e-15,SEGUIR_RUTA,0.10566550087344041
42.24,-0.09715623027351696,0.4496111693676935,-1.887379141862766e-15,SEGUIR_RUTA,0.10468182914047117
42.272,-0.09586883027351689,0.4496111693676935,-1.887379141862766e-15,SEGUIR_RUTA,0.1056595488390226
42.304,-0.09458143027351698,0.4496111693676935,-1.887379141862766e-15,SEGUIR_RUTA,0.10535449505601895
42.336,-0.09316529027351698,0.4496111693676935,-1.887379141862766e-15,SEGUIR_RUTA,0.10471603054733795
42.368,-0.09187789027351692,0.4496111693676935,-1.887379141862766e-15,SEGUIR_RUTA,0.10441910130503994
42.4,-0.09059049027351686,0.4496111693676935,-1.887379141862766e-15,SEGUIR_RUTA,0.10486362888980616
42.432,-0.08930309027351695,0.4496111693676935,-1.887379141862766e-15,SEGUIR_RUTA,0.10515474596434664
42.464,-0.08801569027351688,0.4496111693676935,-1.887379141862766e-15,SEGUIR_RUTA,0.10432440100065778
42.496,-0.08659955027351689,0.4496111693676935,-1.887379141862766e-15,SEGUIR_RUTA,0.10428628324359282
42.528,-0.08531215027351698,0.4496111693676935,-1.887379141862766e-15,SEGUIR_RUTA,0.10467795312259255
42.56,-0.08402475027351691,0.4496111693676935,-1.887379141862766e-15,SEGUIR_RUTA,0.10435268879916333
42.592,-0.08273735027351685,0.4496111693676935,-1.887379141862766e-15,SEGUIR_RUTA,0.10348885814300723
42.624,-0.08144995027351694,0.4496111693676935,-1.887379141862766e-15,SEGUIR_RUTA,0.1043608629393984
42.656,-0.08016255027351687,0.4496111693676935,-1.887379141862766e-15,SEGUIR_RUTA,0.10504713331724844
42.688,-0.07874641027351688,0.4496111693676935,-1.887379141862766e-15,SEGUIR_RUTA,0.10493500698877445
42.72,-0.07745901027351682,0.4496111693676935,-1.887379141862766e-15,SEGUIR_RUTA,0.10543124545496439
42.752,-0.0761716102735169,0.4496111693676935,-1.887379141862766e-15,SEGUIR_RUTA,0.10394785425483705
42.784,-0.07488421027351684,0.4496111693676935,-1.887379141862766e-15,SEGUIR_RUTA,0.10432931762648393
42.816,-0.07359681027351693,0.4496111693676935,-1.887379141862766e-15,SEGUIR_RUTA,0.10497991615762434
42.848,-0.07218067027351693,0.4496111693676935,-1.887379141862766e-15,SEGUIR_RUTA,0.10511860672606536
42.88,-0.07224503616896072,0.4496104424538638,0.0112929824561377,SEGUIR_RUTA,0.10631729341242324
42.912,-0.07095771826008436,0.44962498073045865,0.0112929824561377,SEGUIR_RUTA,0.10531122480785692
42.944,-0.06960607238128302,0.44964329878764947,0.013551578947367152,SEGUIR_RUTA,0.10557290329663538
42.976,-0.06825438857696288,0.4496585639780741,0.011292982456140256,SEGUIR_RUTA,0.10617735815717845
43.008,-0.06696707066808659,0.44967310225466894,0.011292982456137699,SEGUIR_RUTA,0.10532369077920961
43.04,-0.0656797527592103,0.4496876405312638,0.011292982456140254,SEGUIR_RUTA,0.10483777230127855
43.072,-0.06439243485033401,0.4497021788078587,0.011292982456137697,SEGUIR_RUTA,0.10525921778910308
43.104,-0.06310511694145765,0.44971671708445354,0.011292982456137697,SEGUIR_RUTA,0.10457574094671075
43.136,-0.06168906724169373,0.4497327091887079,0.011292982456137697,SEGUIR_RUTA,0.10376594648275188
43.168,-0.060401749332817445,0.44974724746530276,0.011292982456140252,SEGUIR_RUTA,0.10462439820181889
43.2,-0.059114431423941155,0.4497617857418976,0.011292982456137695,SEGUIR_RUTA,0.10515164556612605
43.232,-0.057827113515064796,0.4497763240184925,0.011292982456137695,SEGUIR_RUTA,0.1042030971714634
43.264,-0.05653979560618858,0.44979086229508736,0.011292982456137695,SEGUIR_RUTA,0.10387764075546214
43.296,-0.05647544202388983,0.44979231603004344,0.02258596491227984,SEGUIR_RUTA,0.10571303816069642
43.328,-0.055188370377915553,0.44982139072916527,0.02258596491227728,SEGUIR_RUTA,0.10463380782399936
43.36,-0.05390129873194128,0.44985046542828716,0.022585964912279842,SEGUIR_RUTA,0.10571614262305908
43.392,-0.052549945902006706,0.44988404610618205,0.024844561403506736,SEGUIR_RUTA,0.10417526629229618
43.424,-0.052549945902006706,0.44988404610618205,0.033878947368419426,SEGUIR_RUTA,0.1057417563057769
43.456,-0.05126328465930674,0.4499276535199317,0.033878947368419426,SEGUIR_RUTA,0.10570630790519063
43.488,-0.05126328465930681,0.4499276535199317,0.047430526315788465,SEGUIR_RUTA,0.10595780821286514
43.52,-0.04991289357034528,0.44998869481540743,0.04517192982456157,SEGUIR_RUTA,0.10437572907547966
43.552,-0.04991289357034528,0.44998869481540743,0.04517192982456157,SEGUIR_RUTA,0.10507834921402666
43.584,-0.04997722663248031,0.44998651444471993,0.033878947368419426,SEGUIR_RUTA,0.10584334068502717
43.616,-0.04991287305018156,0.449987968179676,0.022585964912277285,SEGUIR_RUTA,0.1064534979455543
43.648,-0.049977238945625335,0.44998724126584627,0.011292982456137697,SEGUIR_RUTA,0.10638625346303697
43.68,-0.048625593066824006,0.4500055593230371,0.013551578947367148,SEGUIR_RUTA,0.10593509843658729
43.712,-0.04727390926250387,0.4500208245134617,0.011292982456140252,SEGUIR_RUTA,0.10565379837166519
43.744,-0.04598659135362758,0.45003536279005657,0.011292982456137695,SEGUIR_RUTA,0.10543502580176045
43.776,-0.04469927344475129,0.45004990106665144,0.01129298245614025,SEGUIR_RUTA,0.1067468865943882
43.808,-0.043411955535875,0.4500644393432463,0.011292982456137694,SEGUIR_RUTA,0.10602282105623619
43.84,-0.04212463762699864,0.45007897761984117,0.011292982456137694,SEGUIR_RUTA,0.10748098670051291
43.872,-0.04070858792723472,0.4500949697240955,0.011292982456137694,SEGUIR_RUTA,0.10637629801509993
43.904,-0.039421270018358434,0.4501095080006904,0.011292982456140249,SEGUIR_RUTA,0.1054427412760415
43.936,-0.038133952109482144,0.45012404627728525,0.011292982456137692,SEGUIR_RUTA,0.10639390282152782
43.968,-0.036846634200605854,0.4501385845538801,0.011292982456140247,SEGUIR_RUTA,0.10678710858490739
44.0,-0.035559316291729495,0.450153122830475,0.011292982456135135,SEGUIR_RUTA,0.10656829312219696
44.032000000000004,-0.03414326659196557,0.45016911493472933,0.011292982456135135,SEGUIR_RUTA,0.1061289282247087
44.064,-0.03285594868308921,0.4501836532113242,0.011292982456140245,SEGUIR_RUTA,0.10637737174730748
44.096000000000004,-0.031568630774213,0.45019819148791906,0.011292982456140244,SEGUIR_RUTA,0.10592695715434797
44.128,-0.030281312865336786,0.45021272976451393,0.011292982456140242,SEGUIR_RUTA,0.1053350972451709
44.160000000000004,-0.028993994956460427,0.4502272680411088,0.01129298245613513,SEGUIR_RUTA,0.10499078462283457
44.192,-0.027642349077659095,0.4502455860982996,0.01355157894736458,SEGUIR_RUTA,0.10451942595423776
44.224000000000004,-0.02629066527333888,0.45026085128872423,0.01129298245614024,SEGUIR_RUTA,0.10557363574032413
44.256,-0.025003347364462667,0.4502753895653191,0.011292982456140238,SEGUIR_RUTA,0.10495331366880893
44.288000000000004,-0.023716029455586308,0.45028992784191396,0.011292982456135126,SEGUIR_RUTA,0.10576825716469512
44.32,-0.02242871154670995,0.45030446611850883,0.011292982456140237,SEGUIR_RUTA,0.10455182835458218
44.352000000000004,-0.021141393637833735,0.4503190043951037,0.011292982456140235,SEGUIR_RUTA,0.10665704610181997
44.384,-0.019725343938069812,0.45033499649935804,0.011292982456140233,SEGUIR_RUTA,0.10685506373185169
44.416000000000004,-0.018438026029193453,0.4503495347759529,0.011292982456135121,SEGUIR_RUTA,0.10599563036861497
44.448,-0.017150708120317094,0.4503640730525478,0.011292982456140232,SEGUIR_RUTA,0.10530931854941458
44.480000000000004,-0.01586339021144088,0.45037861132914264,0.01129298245614023,SEGUIR_RUTA,0.10484831343521675
44.512,-0.014576072302564521,0.4503931496057375,0.011292982456135118,SEGUIR_RUTA,0.10396933582373959
44.544000000000004,-0.013160022602800598,0.45040914170999186,0.011292982456135118,SEGUIR_RUTA,0.1043121058231957
44.576,-0.013224392602800637,0.45040914170999186,-1.9133999940024182e-15,SEGUIR_RUTA,0.10536617764309487
44.608000000000004,-0.011936992602800725,0.45040914170999186,-1.9133999940024182e-15,SEGUIR_RUTA,0.1057447698085807
44.64,-0.01064959260280052,0.45040914170999186,-1.9133999940024182e-15,SEGUIR_RUTA,0.10482302937602882
44.672000000000004,-0.00923345260280053,0.45040914170999186,-1.9133999940024182e-15,SEGUIR_RUTA,0.10499484969924586
44.704,-0.007946052602800617,0.45040914170999186,-1.9133999940024182e-15,SEGUIR_RUTA,0.10490436294422666
44.736000000000004,-0.0066586526028007045,0.45040914170999186,-1.9133999940024182e-15,SEGUIR_RUTA,0.10501204707944524
44.768,-0.0053712526028005005,0.45040914170999186,-1.9133999940024182e-15,SEGUIR_RUTA,0.1048512873864167
44.800000000000004,-0.004083852602800588,0.45040914170999186,-1.9133999940024182e-15,SEGUIR_RUTA,0.10578584280009427
44.832,-0.0026677126028005964,0.45040914170999186,-1.9133999940024182e-15,SEGUIR_RUTA,0.10502173171735396
44.864000000000004,-0.0013803126028006836,0.45040914170999186,-1.9133999940024182e-15,SEGUIR_RUTA,0.10507480468207453
44.896,-9.291260280077079e-05,0.45040914170999186,-1.9133999940024182e-15,SEGUIR_RUTA,0.10500106529431852
44.928000000000004,0.0011944873971994334,0.45040914170999186,-1.9133999940024182e-15,SEGUIR_RUTA,0.10409553991067351
44.96,0.0024818873971993462,0.45040914170999186,-1.9133999940024182e-15,SEGUIR_RUTA,0.10577271592893352
44.992000000000004,0.0038980273971993377,0.45040914170999186,-1.9133999940024182e-15,SEGUIR_RUTA,0.10579845811187735
45.024,0.00518542739719925,0.45040914170999186,-1.9133999940024182e-15,SEGUIR_RUTA,0.10556021005067011
45.056,0.006472827397199454,0.45040914170999186,-1.9133999940024182e-15,SEGUIR_RUTA,0.10559928564988683
45.088,0.007760227397199367,0.45040914170999186,-1.9133999940024182e-15,SEGUIR_RUTA,0.10622383983879043
45.12,0.00904762739719928,0.45040914170999186,-1.9133999940024182e-15,SEGUIR_RUTA,0.1058434477757209
45.152,0.010335027397199483,0.45040914170999186,-1.9133999940024182e-15,SEGUIR_RUTA,0.10537173981963971
45.184,0.011751167397199475,0.45040914170999186,-1.9133999940024182e-15,SEGUIR_RUTA,0.10456449390087812
45.216,0.013038567397199387,0.45040914170999186,-1.9133999940024182e-15,SEGUIR_RUTA,0.10496888688595718
45.248,0.0143259673971993,0.45040914170999186,-1.9133999940024182e-15,SEGUIR_RUTA,0.1049368616370843
45.28,0.015613367397199212,0.45040914170999186,-1.9133999940024182e-15,SEGUIR_RUTA,0.10486555521590932
45.312,0.016900767397199416,0.45040914170999186,-1.9133999940024182e-15,SEGUIR_RUTA,0.10516503550457625
45.344,0.01831690739719941,0.45040914170999186,-1.9133999940024182e-15,SEGUIR_RUTA,0.10405912375896081
45.376,0.019604307397199323,0.45040914170999186,-1.9133999940024182e-15,SEGUIR_RUTA,0.10474776816287425
45.408,0.020891707397199238,0.45040914170999186,-1.9133999940024182e-15,SEGUIR_RUTA,0.10459792591872538
45.44,0.022179107397199443,0.45040914170999186,-1.9133999940024182e-15,SEGUIR_RUTA,0.10501486502664356
45.472,0.023466507397199358,0.45040914170999186,-1.9133999940024182e-15,SEGUIR_RUTA,0.10535207361796166
45.504,0.02488264739719935,0.45040914170999186,-1.9133999940024182e-15,SEGUIR_RUTA,0.10467001368676115
45.536,0.026170047397199265,0.45040914170999186,-1.9133999940024182e-15,SEGUIR_RUTA,0.10534493973733024
45.568,0.02745744739719947,0.45040914170999186,-1.9133999940024182e-15,SEGUIR_RUTA,0.10523928208826719
45.6,0.02739308150175547,0.4504098686238216,-0.011292982456144055,SEGUIR_RUTA,0.10604879344200427
45.632,0.028809131201519393,0.45039387651956725,-0.011292982456144055,SEGUIR_RUTA,0.10670508091064068
45.664,0.030096449110395752,0.4503793382429724,-0.011292982456138943,SEGUIR_RUTA,0.10675300779591314
45.696,0.03138376701927211,0.4503647999663775,-0.011292982456144055,SEGUIR_RUTA,0.10444373851883708
45.728,0.032671084928148325,0.45035026168978265,-0.011292982456144055,SEGUIR_RUTA,0.10556160837486019
45.76,0.033958402837024684,0.4503357234131878,-0.011292982456138943,SEGUIR_RUTA,0.1049330430455046
45.792,0.03531004871582601,0.45031740535599696,-0.013551578947368394,SEGUIR_RUTA,0.10524699289630524
45.824,0.03666173252014623,0.45030214016557235,-0.011292982456144055,SEGUIR_RUTA,0.10619372613988916
45.856,0.03794905042902244,0.4502876018889775,-0.011292982456144055,SEGUIR_RUTA,0.10616186990112757
45.888,0.0392363683378988,0.4502730636123826,-0.011292982456138943,SEGUIR_RUTA,0.10490033910337576
45.92,0.04052368624677516,0.45025852533578775,-0.011292982456144055,SEGUIR_RUTA,0.10542644475109236
45.952,0.04181100415565137,0.4502439870591929,-0.011292982456144055,SEGUIR_RUTA,0.10554489978859657
45.984,0.04187535773795013,0.4502425333242368,-0.022585964912281088,SEGUIR_RUTA,0.10661311344582063
46.016,0.04316242938392433,0.4502134586251149,-0.02258596491228109,SEGUIR_RUTA,0.10553927922720589
46.048,0.04444950102989868,0.450184383925993,-0.022585964912286205,SEGUIR_RUTA,0.10563360620119096
46.08,0.04580085385983333,0.45015080324809814,-0.024844561403510542,SEGUIR_RUTA,0.10531891155946935
46.112,0.04715227908810629,0.45012027481402017,-0.022585964912281094,SEGUIR_RUTA,0.10527582052219586
46.144,0.04708794602597111,0.45012245518470767,-0.033878947368423236,SEGUIR_RUTA,0.10509007219042053
46.176,0.04843883346888091,0.4500736161686558,-0.03613754385964757,SEGUIR_RUTA,0.1042757641868704
46.208,0.04972539293831877,0.450027102820035,-0.036137543859652684,SEGUIR_RUTA,0.10470748808794847
46.24,0.04972539293831877,0.450027102820035,-0.036137543859652684,SEGUIR_RUTA,0.10637516359264565
46.272,0.04972539293831877,0.450027102820035,-0.0225859649122862,SEGUIR_RUTA,0.1072210880885459
46.304,0.04978975883376248,0.45002637590620526,-0.01129298245614406,SEGUIR_RUTA,0.10806716853186003
46.336,0.05107707674263884,0.4500118376296104,-0.011292982456138948,SEGUIR_RUTA,0.10713547554833117
46.368,0.0523643946515152,0.4499972993530155,-0.01129298245614406,SEGUIR_RUTA,0.10671914216721742
46.4,0.05365171256039141,0.44998276107642066,-0.01129298245614406,SEGUIR_RUTA,0.10720034032504956
46.432,0.05493903046926777,0.4499682227998258,-0.011292982456138948,SEGUIR_RUTA,0.10685777248532478
46.464,0.0562906763480691,0.44994990474263497,-0.013551578947368399,SEGUIR_RUTA,0.1066797328646922
46.496,0.05764236015238931,0.44993463955221036,-0.01129298245614406,SEGUIR_RUTA,0.10521762871950935
46.528,0.05892967806126553,0.4499201012756155,-0.01129298245614406,SEGUIR_RUTA,0.10607622942065584
46.56,0.060216995970141886,0.4499055629990206,-0.011292982456138948,SEGUIR_RUTA,0.1050245600182339
46.592,0.061504313879018245,0.44989102472242576,-0.01129298245614406,SEGUIR_RUTA,0.10490500007724479
46.624,0.06285595975781957,0.44987270666523493,-0.013551578947373511,SEGUIR_RUTA,0.1046368159869669
46.656,0.06420764356213964,0.4498574414748103,-0.01129298245614406,SEGUIR_RUTA,0.1047961675568127
46.688,0.065494961471016,0.44984290319821546,-0.011292982456138948,SEGUIR_RUTA,0.10566024317334788
46.72,0.0667822793798922,0.4498283649216206,-0.011292982456138948,SEGUIR_RUTA,0.10588527142381664
46.752,0.06806959728876856,0.4498138266450257,-0.01129298245614406,SEGUIR_RUTA,0.10659783914647215
46.784,0.06935691519764478,0.44979928836843086,-0.01129298245614406,SEGUIR_RUTA,0.10688623294197375
46.816,0.0707729648974087,0.4497832962641765,-0.01129298245614406,SEGUIR_RUTA,0.10665957746299033
46.848,0.07206028280628506,0.44976875798758165,-0.011292982456138948,SEGUIR_RUTA,0.10557608623380559
46.88,0.07334760071516142,0.4497542197109868,-0.01129298245614406,SEGUIR_RUTA,0.10341985679976101
46.912,0.07463491862403762,0.4497396814343919,-0.01129298245614406,SEGUIR_RUTA,0.10381234288482602
46.944,0.07592223653291398,0.44972514315779705,-0.011292982456138948,SEGUIR_RUTA,0.10537187643616412
46.976,0.07727388241171532,0.4497068251006062,-0.013551578947368399,SEGUIR_RUTA,0.10425103913656061
47.008,0.07727388241171532,0.4497068251006062,-1.916869440954372e-15,SEGUIR_RUTA,0.10502059371253891
47.04,0.07856128241171523,0.4497068251006062,-1.916869440954372e-15,SEGUIR_RUTA,0.10472051460214425
47.072,0.07984868241171543,0.4497068251006062,-1.916869440954372e-15,SEGUIR_RUTA,0.10504315306132087
47.104,0.08126482241171543,0.4497068251006062,-1.916869440954372e-15,SEGUIR_RUTA,0.1041563838325747
47.136,0.08255222241171534,0.4497068251006062,-1.916869440954372e-15,SEGUIR_RUTA,0.10410212444354955
47.168,0.08383962241171525,0.4497068251006062,-1.916869440954372e-15,SEGUIR_RUTA,0.10445417393316034
47.2,0.08512702241171545,0.4497068251006062,-1.916869440954372e-15,SEGUIR_RUTA,0.10413170160086115
47.232,0.08641442241171536,0.4497068251006062,-1.916869440954372e-15,SEGUIR_RUTA,0.10415216835163887
47.264,0.08783056241171536,0.4497068251006062,-1.916869440954372e-15,SEGUIR_RUTA,0.10548500084248158
47.296,0.08911796241171527,0.4497068251006062,-1.916869440954372e-15,SEGUIR_RUTA,0.10510302202406445
47.328,0.09040536241171547,0.4497068251006062,-1.916869440954372e-15,SEGUIR_RUTA,0.10424406895120722
47.36,0.09169276241171538,0.4497068251006062,-1.916869440954372e-15,SEGUIR_RUTA,0.10462911771739015
47.392,0.09298016241171529,0.4497068251006062,-1.916869440954372e-15,SEGUIR_RUTA,0.10494336592572097
47.424,0.0942675624117152,0.4497068251006062,-1.916869440954372e-15,SEGUIR_RUTA,0.10444423213833756
47.456,0.09568370241171549,0.4497068251006062,-1.916869440954372e-15,SEGUIR_RUTA,0.10469794692637632
47.488,0.0969711024117154,0.4497068251006062,-1.916869440954372e-15,SEGUIR_RUTA,0.104483594651125
47.52,0.09825850241171531,0.4497068251006062,-1.916869440954372e-15,SEGUIR_RUTA,0.10480535802156511
47.552,0.09954590241171522,0.4497068251006062,-1.916869440954372e-15,SEGUIR_RUTA,0.10485200375924356
47.584,0.10083330241171543,0.4497068251006062,-1.916869440954372e-15,SEGUIR_RUTA,0.10502479683675944
47.616,0.10224944241171542,0.4497068251006062,-1.916869440954372e-15,SEGUIR_RUTA,0.10552904592803787
47.648,0.10353684241171533,0.4497068251006062,-1.916869440954372e-15,SEGUIR_RUTA,0.1049458719725281
47.68,0.10482424241171524,0.4497068251006062,-1.916869440954372e-15,SEGUIR_RUTA,0.10657863152290578
47.712,0.10611164241171545,0.4497068251006062,-1.916869440954372e-15,SEGUIR_RUTA,0.10557502042447298
47.744,0.10739904241171536,0.4497068251006062,-1.916869440954372e-15,SEGUIR_RUTA,0.10507579114225883
47.776,0.10881518241171535,0.4497068251006062,-1.916869440954372e-15,SEGUIR_RUTA,0.10452468853268411
47.808,0.11010258241171526,0.4497068251006062,-1.916869440954372e-15,SEGUIR_RUTA,0.10521822361583653
47.84,0.11138998241171547,0.4497068251006062,-1.916869440954372e-15,SEGUIR_RUTA,0.10560888819376016
47.872,0.11267738241171538,0.4497068251006062,-1.916869440954372e-15,SEGUIR_RUTA,0.10627886067036578
47.904,0.11396478241171529,0.4497068251006062,-1.916869440954372e-15,SEGUIR_RUTA,0.10646326685159745
47.936,0.1152521824117152,0.4497068251006062,-1.916869440954372e-15,SEGUIR_RUTA,0.10656529699137196
47.968,0.1166683224117152,0.4497068251006062,-1.916869440954372e-15,SEGUIR_RUTA,0.10686068237654382
48.0,0.1179557224117154,0.4497068251006062,-1.916869440954372e-15,SEGUIR_RUTA,0.10636037790705198
48.032000000000004,0.11924312241171531,0.4497068251006062,-1.916869440954372e-15,SEGUIR_RUTA,0.1058071035573557
48.064,0.12053052241171522,0.4497068251006062,-1.916869440954372e-15,SEGUIR_RUTA,0.10464586850533958
48.096000000000004,0.12181792241171542,0.4497068251006062,-1.916869440954372e-15,SEGUIR_RUTA,0.106558167294356
48.128,0.12323406241171542,0.4497068251006062,-1.916869440954372e-15,SEGUIR_RUTA,0.10582493041217392
48.160000000000004,0.12452146241171533,0.4497068251006062,-1.916869440954372e-15,SEGUIR_RUTA,0.10613010427870942
48.192,0.12580886241171524,0.4497068251006062,-1.916869440954372e-15,SEGUIR_RUTA,0.10571687663462472
48.224000000000004,0.12709626241171545,0.4497068251006062,-1.916869440954372e-15,SEGUIR_RUTA,0.10545516250510786
48.256,0.12838366241171537,0.4497068251006062,-1.916869440954372e-15,SEGUIR_RUTA,0.10600728232085649
48.288000000000004,0.12979980241171535,0.4497068251006062,-1.916869440954372e-15,SEGUIR_RUTA,0.10693182942176223
48.32,0.13108720241171526,0.4497068251006062,-1.916869440954372e-15,SEGUIR_RUTA,0.10586658719669483
48.352000000000004,0.13237460241171548,0.4497068251006062,-1.916869440954372e-15,SEGUIR_RUTA,0.10558271511880454
48.384,0.13366200241171539,0.4497068251006062,-1.916869440954372e-15,SEGUIR_RUTA,0.10505128485270554
48.416000000000004,0.1337263683071591,0.44970755201443596,0.011292982456140223,SEGUIR_RUTA,0.10593455301564055
48.448,0.13501368621603543,0.44972209029103083,0.01129298245613511,SEGUIR_RUTA,0.10547652319116248
48.480000000000004,0.1363010041249118,0.4497366285676257,0.011292982456140221,SEGUIR_RUTA,0.10588413952129845
48.512,0.137588322033788,0.44975116684422056,0.01129298245614022,SEGUIR_RUTA,0.10615923833330079
48.544000000000004,0.1388756399426644,0.44976570512081543,0.011292982456135107,SEGUIR_RUTA,0.10548926291461681
48.576,0.1402272858214657,0.44978402317800625,0.013551578947364558,SEGUIR_RUTA,0.1044878725002877
48.608000000000004,0.14157896962578592,0.44979928836843086,0.011292982456140218,SEGUIR_RUTA,0.10401340777971577
48.64,0.14286628753466213,0.4498138266450257,0.011292982456140216,SEGUIR_RUTA,0.10375674679017984
48.672000000000004,0.14415360544353834,0.4498283649216206,0.011292982456140214,SEGUIR_RUTA,0.10544430690788094
48.704,0.14415360544353834,0.4498283649216206,0.024844561403506694,SEGUIR_RUTA,0.1053844300356171
48.736000000000004,0.14550503067181145,0.44985889335569856,0.022585964912282354,SEGUIR_RUTA,0.10546634452968796
48.768,0.1467921023177858,0.44988796805482045,0.02258596491227724,SEGUIR_RUTA,0.10536702924031298
48.800000000000004,0.14807917396376,0.4499170427539423,0.02258596491227724,SEGUIR_RUTA,0.10491247580480985
48.832,0.14814350702589488,0.4499192231246298,0.033878947368419385,SEGUIR_RUTA,0.10642830542710108
48.864000000000004,0.14943016826859498,0.4499628305383795,0.033878947368419385,SEGUIR_RUTA,0.10632618020069036
48.896,0.14943016826859498,0.4499628305383795,0.033878947368419385,SEGUIR_RUTA,0.10763612367055543
48.928000000000004,0.14936581468629623,0.4499613768034234,0.02258596491228235,SEGUIR_RUTA,0.10780819771845078
48.96,0.14943018058173993,0.44996210371725315,0.011292982456140207,SEGUIR_RUTA,0.10741162949686983
48.992000000000004,0.15071749849061628,0.449976641993848,0.011292982456135095,SEGUIR_RUTA,0.10531993887834738
49.024,0.15200481639949265,0.4499911802704429,0.011292982456140205,SEGUIR_RUTA,0.10527735989184786
49.056000000000004,0.15329213430836885,0.45000571854703775,0.011292982456140204,SEGUIR_RUTA,0.10592525333107254
49.088,0.15470818400813277,0.4500217106512921,0.011292982456140202,SEGUIR_RUTA,0.10592507359128171
49.120000000000005,0.15599550191700912,0.45003624892788696,0.01129298245613509,SEGUIR_RUTA,0.10603356845927993
49.152,0.1572828198258855,0.45005078720448183,0.0112929824561402,SEGUIR_RUTA,0.10650169172254237
49.184,0.1585701377347617,0.4500653254810767,0.011292982456140199,SEGUIR_RUTA,0.10506463932307021
49.216,0.15985745564363807,0.45007986375767156,0.011292982456135086,SEGUIR_RUTA,0.10553303664859372
49.248,0.1612091015224394,0.4500981818148624,0.013551578947364537,SEGUIR_RUTA,0.10523698978941518
49.28,0.1625607853267596,0.450113447005287,0.011292982456140197,SEGUIR_RUTA,0.10503201771563915
49.312,0.1638481032356358,0.45012798528188186,0.011292982456140195,SEGUIR_RUTA,0.10580005195193101
49.344,0.16513542114451202,0.4501425235584767,0.011292982456140193,SEGUIR_RUTA,0.10405558910416259
49.376,0.1664227390533884,0.4501570618350716,0.011292982456135081,SEGUIR_RUTA,0.10439456413113131
49.408,0.1677743849321897,0.4501753798922624,0.013551578947364532,SEGUIR_RUTA,0.10580736694667747
49.44,0.16912606873650993,0.450190645082687,0.011292982456140192,SEGUIR_RUTA,0.10543999701354236
49.472,0.17041338664538613,0.4502051833592819,0.01129298245614019,SEGUIR_RUTA,0.1047696833299479
49.504,0.1717007045542625,0.45021972163587676,0.011292982456135078,SEGUIR_RUTA,0.10450248014541456
49.536,0.17298802246313888,0.4502342599124716,0.011292982456140188,SEGUIR_RUTA,0.10363932593176445
49.568,0.1742753403720151,0.4502487981890665,0.011292982456140186,SEGUIR_RUTA,0.10456698485102565
49.6,0.175691390071779,0.45026479029332084,0.011292982456140185,SEGUIR_RUTA,0.10517073378109808
49.632,0.17697870798065535,0.4502793285699157,0.011292982456135072,SEGUIR_RUTA,0.10591881628552854
49.664,0.17826602588953172,0.45029386684651057,0.011292982456140183,SEGUIR_RUTA,0.10534302831810322
49.696,0.17955334379840793,0.45030840512310544,0.011292982456140181,SEGUIR_RUTA,0.10526603317230816
49.728,0.1808406617072843,0.4503229433997003,0.011292982456135069,SEGUIR_RUTA,0.10522307507970231
49.76,0.18219230758608562,0.45034126145689113,0.01355157894736452,SEGUIR_RUTA,0.10454121923537196
49.792,0.18219230758608562,0.45034126145689113,-1.961972251329769e-15,SEGUIR_RUTA,0.10611849791835802
49.824,0.18347970758608553,0.45034126145689113,-1.961972251329769e-15,SEGUIR_RUTA,0.10555862217872604
49.856,0.18476710758608575,0.45034126145689113,-1.961972251329769e-15,SEGUIR_RUTA,0.10529408394371623
49.888,0.18618324758608573,0.45034126145689113,-1.961972251329769e-15,SEGUIR_RUTA,0.10584586331599151
49.92,0.18747064758608564,0.45034126145689113,-1.961972251329769e-15,SEGUIR_RUTA,0.10641259239317308
49.952,0.18875804758608555,0.45034126145689113,-1.961972251329769e-15,SEGUIR_RUTA,0.10552466546873025
49.984,0.19004544758608577,0.45034126145689113,-1.961972251329769e-15,SEGUIR_RUTA,0.10479781380865878
50.016,0.19133284758608568,0.45034126145689113,-1.961972251329769e-15,SEGUIR_RUTA,0.1054181453723909
50.048,0.19274898758608566,0.45034126145689113,-1.961972251329769e-15,SEGUIR_RUTA,0.10539528425788333
50.08,0.19403638758608557,0.45034126145689113,-1.961972251329769e-15,SEGUIR_RUTA,0.10534727313251516
50.112,0.19532378758608548,0.45034126145689113,-1.961972251329769e-15,SEGUIR_RUTA,0.10520024234381983
50.144,0.1966111875860857,0.45034126145689113,-1.961972251329769e-15,SEGUIR_RUTA,0.10546461647276908
50.176,0.1978985875860856,0.45034126145689113,-1.961972251329769e-15,SEGUIR_RUTA,0.10456867982694909
50.208,0.19918598758608552,0.45034126145689113,-1.961972251329769e-15,SEGUIR_RUTA,0.10449822271537373
50.24,0.2006021275860855,0.45034126145689113,-1.961972251329769e-15,SEGUIR_RUTA,0.10512538895576559
50.272,0.20188952758608572,0.45034126145689113,-1.961972251329769e-15,SEGUIR_RUTA,0.1035366203832395
50.304,0.20317692758608563,0.45034126145689113,-1.961972251329769e-15,SEGUIR_RUTA,0.10458037549553621
50.336,0.20446432758608554,0.45034126145689113,-1.961972251329769e-15,SEGUIR_RUTA,0.10469233983914736
50.368,0.20575172758608576,0.45034126145689113,-1.961972251329769e-15,SEGUIR_RUTA,0.10352242981612682
50.4,0.20716786758608574,0.45034126145689113,-1.961972251329769e-15,SEGUIR_RUTA,0.10334748906952448
50.432,0.20845526758608565,0.45034126145689113,-1.961972251329769e-15,SEGUIR_RUTA,0.10397354744264305
50.464,0.20974266758608556,0.45034126145689113,-1.961972251329769e-15,SEGUIR_RUTA,0.10403461536215318
50.496,0.21103006758608578,0.45034126145689113,-1.961972251329769e-15,SEGUIR_RUTA,0.1044274728295577
50.528,0.2123174675860857,0.45034126145689113,-1.961972251329769e-15,SEGUIR_RUTA,0.10427468911077836
50.56,0.21373360758608567,0.45034126145689113,-1.961972251329769e-15,SEGUIR_RUTA,0.10527063961839926
50.592,0.21502100758608558,0.45034126145689113,-1.961972251329769e-15,SEGUIR_RUTA,0.10530242210610281
50.624,0.2163084075860855,0.45034126145689113,-1.961972251329769e-15,SEGUIR_RUTA,0.10515014185120727
50.656,0.2175958075860857,0.45034126145689113,-1.961972251329769e-15,SEGUIR_RUTA,0.10498264953238427
50.688,0.21888320758608562,0.45034126145689113,-1.961972251329769e-15,SEGUIR_RUTA,0.10445653901816965
50.72,0.22017060758608553,0.45034126145689113,-1.961972251329769e-15,SEGUIR_RUTA,0.10452420384096939
50.752,0.22158674758608551,0.45034126145689113,-1.961972251329769e-15,SEGUIR_RUTA,0.10470316119850766
50.784,0.22287414758608573,0.45034126145689113,-1.961972251329769e-15,SEGUIR_RUTA,0.1047129677487061
50.816,0.22416154758608564,0.45034126145689113,-1.961972251329769e-15,SEGUIR_RUTA,0.10454440411939407
50.848,0.22544894758608555,0.45034126145689113,-1.961972251329769e-15,SEGUIR_RUTA,0.10369276614846226
50.88,0.22673634758608577,0.45034126145689113,-1.961972251329769e-15,SEGUIR_RUTA,0.10427448491289716
50.912,0.22815248758608575,0.45034126145689113,-1.961972251329769e-15,SEGUIR_RUTA,0.10367273885481314
50.944,0.22943988758608566,0.45034126145689113,-1.961972251329769e-15,SEGUIR_RUTA,0.10442242953489486
50.976,0.23072728758608557,0.45034126145689113,-1.961972251329769e-15,SEGUIR_RUTA,0.10388440272064209
51.008,0.23072728758608557,0.45034126145689113,-0.013551578947368444,SEGUIR_RUTA,0.10549754026326988
51.04,0.23207897139040579,0.4503259962664665,-0.011292982456144105,SEGUIR_RUTA,0.10651920442573432
51.072,0.233366289299282,0.45031145798987166,-0.011292982456144105,SEGUIR_RUTA,0.10700398845412712
51.104,0.23465360720815837,0.4502969197132768,-0.011292982456138993,SEGUIR_RUTA,0.10621516665465251
51.136,0.23594092511703474,0.4502823814366819,-0.011292982456144105,SEGUIR_RUTA,0.10591142800538987
51.168,0.23722824302591095,0.45026784316008706,-0.011292982456144105,SEGUIR_RUTA,0.1055147679210745
51.2,0.23864429272567486,0.4502518510558327,-0.011292982456144105,SEGUIR_RUTA,0.10557845725622902
51.232,0.2399316106345512,0.45023731277923784,-0.011292982456138993,SEGUIR_RUTA,0.10516754342183993
51.264,0.24121892854342758,0.450222774502643,-0.011292982456144105,SEGUIR_RUTA,0.10419506936487322
51.296,0.2425062464523038,0.4502082362260481,-0.011292982456144105,SEGUIR_RUTA,0.10366600138314798
51.328,0.24379356436118,0.45019369794945324,-0.011292982456144105,SEGUIR_RUTA,0.10430418349866251
51.36,0.24385791794347875,0.45019224421449716,-0.02258596491228114,SEGUIR_RUTA,0.10625897579306892
51.392,0.2451449895894531,0.45016316951537527,-0.022585964912286254,SEGUIR_RUTA,0.10649930108378704
51.424,0.24643206123542746,0.4501340948162534,-0.022585964912281143,SEGUIR_RUTA,0.10588501734892783
51.456,0.24778341406536197,0.4501005141383585,-0.024844561403510594,SEGUIR_RUTA,0.10746026139328671
51.488,0.24778341406536183,0.4501005141383585,-0.033878947368423284,SEGUIR_RUTA,0.1056002195737965
51.52,0.24907007530806194,0.4500569067246088,-0.033878947368423284,SEGUIR_RUTA,0.10508536677065619
51.552,0.24907007530806194,0.4500569067246088,-0.033878947368423284,SEGUIR_RUTA,0.10630903514593053
51.584,0.24913442889036055,0.4500554529896527,-0.022585964912281146,SEGUIR_RUTA,0.10650978570365278
51.616,0.2490700629949167,0.45005617990348246,-0.011292982456144116,SEGUIR_RUTA,0.10719193392497366
51.648,0.25035738090379306,0.4500416416268876,-0.011292982456139003,SEGUIR_RUTA,0.1068510224107941
51.68,0.2517090267825944,0.45002332356969676,-0.013551578947368454,SEGUIR_RUTA,0.10590707141823207
51.712,0.2530607105869146,0.45000805837927216,-0.011292982456144116,SEGUIR_RUTA,0.10497639921130704
51.744,0.2543480284957908,0.4499935201026773,-0.011292982456144116,SEGUIR_RUTA,0.10308452982745328
51.776,0.2556353464046672,0.4499789818260824,-0.011292982456139003,SEGUIR_RUTA,0.1023983600400262
51.808,0.25692266431354355,0.44996444354948756,-0.011292982456144116,SEGUIR_RUTA,0.10275577825714
51.84,0.25820998222241975,0.4499499052728927,-0.011292982456144116,SEGUIR_RUTA,0.10411679823464909
51.872,0.2596260319221837,0.44993391316863834,-0.011292982456144116,SEGUIR_RUTA,0.10379242409378309
51.904,0.26091334983106007,0.4499193748920435,-0.011292982456139003,SEGUIR_RUTA,0.10408616564785012
51.936,0.2622006677399363,0.4499048366154486,-0.011292982456139003,SEGUIR_RUTA,0.10489183450546578
51.968,0.26348798564881265,0.44989029833885374,-0.011292982456144116,SEGUIR_RUTA,0.10508157804495623
52.0,0.26477530355768886,0.4498757600622589,-0.011292982456144116,SEGUIR_RUTA,0.10623292054864691
52.032000000000004,0.26612694943649035,0.44985744200506805,-0.013551578947368454,SEGUIR_RUTA,0.10719894066692008
52.064,0.2674786332408104,0.44984217681464345,-0.011292982456139003,SEGUIR_RUTA,0.10626764517604315
52.096000000000004,0.26876595114968677,0.4498276385380486,-0.011292982456144116,SEGUIR_RUTA,0.10629860230430875
52.128,0.270053269058563,0.4498131002614537,-0.011292982456144116,SEGUIR_RUTA,0.10582741645764562
52.160000000000004,0.27134058696743935,0.44979856198485885,-0.011292982456139003,SEGUIR_RUTA,0.10441663278030301
52.192,0.27269223284624067,0.449780243927668,-0.013551578947368454,SEGUIR_RUTA,0.1040172820433185
52.224000000000004,0.2740439166505609,0.4497649787372434,-0.011292982456144116,SEGUIR_RUTA,0.1055235976410291
52.256,0.2753312345594371,0.44975044046064855,-0.011292982456144116,SEGUIR_RUTA,0.10537310885961951
52.288000000000004,0.27661855246831346,0.4497359021840537,-0.011292982456139003,SEGUIR_RUTA,0.1047430779937448
52.32,0.27790587037718983,0.4497213639074588,-0.011292982456144116,SEGUIR_RUTA,0.10444724563176654
52.352000000000004,0.27919318828606604,0.44970682563086395,-0.011292982456144116,SEGUIR_RUTA,0.10420184486639042
52.384,0.28060923798583,0.4496908335266096,-0.011292982456144116,SEGUIR_RUTA,0.10515413464095899
52.416000000000004,0.28189655589470636,0.44967629525001473,-0.011292982456139003,SEGUIR_RUTA,0.10591424945960201
52.448,0.28318387380358256,0.44966175697341987,-0.011292982456139003,SEGUIR_RUTA,0.10629628805631713
52.480000000000004,0.28447119171245894,0.449647218696825,-0.011292982456144116,SEGUIR_RUTA,0.10492519836180142
52.512,0.28575850962133514,0.44963268042023014,-0.011292982456144116,SEGUIR_RUTA,0.10554113082108549
52.544000000000004,0.28711015550013663,0.4496143623630393,-0.013551578947368454,SEGUIR_RUTA,0.10547893480241681
52.576,0.28711015550013663,0.4496143623630393,-1.9723805921856297e-15,SEGUIR_RUTA,0.1067844118293668
52.608000000000004,0.28839755550013657,0.4496143623630393,-1.9723805921856297e-15,SEGUIR_RUTA,0.10676408021667623
52.64,0.2896849555001365,0.4496143623630393,-1.9723805921856297e-15,SEGUIR_RUTA,0.10623418798833068
52.672000000000004,0.2911010955001368,0.4496143623630393,-1.9723805921856297e-15,SEGUIR_RUTA,0.1062851532548903
52.704,0.29238849550013674,0.4496143623630393,-1.9723805921856297e-15,SEGUIR_RUTA,0.10597926038615568
52.736000000000004,0.2936758955001367,0.4496143623630393,-1.9723805921856297e-15,SEGUIR_RUTA,0.10489633032933289
52.768,0.2949632955001366,0.4496143623630393,-1.9723805921856297e-15,SEGUIR_RUTA,0.10605474649605016
52.800000000000004,0.29625069550013683,0.4496143623630393,-1.9723805921856297e-15,SEGUIR_RUTA,0.10557113977396969
52.832,0.29766683550013684,0.4496143623630393,-1.9723805921856297e-15,SEGUIR_RUTA,0.10559465482000764
52.864000000000004,0.2989542355001368,0.4496143623630393,-1.9723805921856297e-15,SEGUIR_RUTA,0.10573115114239094
52.896,0.3002416355001367,0.4496143623630393,-1.9723805921856297e-15,SEGUIR_RUTA,0.10558377925240543
52.928000000000004,0.30152903550013693,0.4496143623630393,-1.9723805921856297e-15,SEGUIR_RUTA,0.10616540553651414
52.96,0.30281643550013687,0.4496143623630393,-1.9723805921856297e-15,SEGUIR_RUTA,0.10492278841757084
52.992000000000004,0.3041038355001368,0.4496143623630393,-1.9723805921856297e-15,SEGUIR_RUTA,0.10409431062335205
53.024,0.3055199755001368,0.4496143623630393,-1.9723805921856297e-15,SEGUIR_RUTA,0.10468721006722714
53.056000000000004,0.30680737550013704,0.4496143623630393,-1.9723805921856297e-15,SEGUIR_RUTA,0.10475908565269808
53.088,0.308094775500137,0.4496143623630393,-1.9723805921856297e-15,SEGUIR_RUTA,0.10621221364586023
53.120000000000005,0.3093821755001369,0.4496143623630393,-1.9723805921856297e-15,SEGUIR_RUTA,0.1056210456817775
53.152,0.31066957550013685,0.4496143623630393,-1.9723805921856297e-15,SEGUIR_RUTA,0.10497177110706285
53.184000000000005,0.31208571550013714,0.4496143623630393,-1.9723805921856297e-15,SEGUIR_RUTA,0.1048370641893482
53.216,0.3133731155001371,0.4496143623630393,-1.9723805921856297e-15,SEGUIR_RUTA,0.10397464393128933
53.248000000000005,0.314660515500137,0.4496143623630393,-1.9723805921856297e-15,SEGUIR_RUTA,0.10464672845658575
53.28,0.31594791550013696,0.4496143623630393,-1.9723805921856297e-15,SEGUIR_RUTA,0.10492813088097343
53.312,0.31723531550013717,0.4496143623630393,-1.9723805921856297e-15,SEGUIR_RUTA,0.10497281714924062
53.344,0.3186514555001372,0.4496143623630393,-1.9723805921856297e-15,SEGUIR_RUTA,0.10306935748253349
53.376,0.3199388555001371,0.4496143623630393,-1.9723805921856297e-15,SEGUIR_RUTA,0.10352715331752507
53.408,0.32122625550013706,0.4496143623630393,-1.9723805921856297e-15,SEGUIR_RUTA,0.10411090895138415
53.44,0.3225136555001373,0.4496143623630393,-1.9723805921856297e-15,SEGUIR_RUTA,0.10487904248151157
53.472,0.3238010555001372,0.4496143623630393,-1.9723805921856297e-15,SEGUIR_RUTA,0.10564669182135246
53.504,0.32508845550013715,0.4496143623630393,-1.9723805921856297e-15,SEGUIR_RUTA,0.10359514465791872
53.536,0.32650459550013716,0.4496143623630393,-1.9723805921856297e-15,SEGUIR_RUTA,0.10500342956304227
53.568,0.3277919955001374,0.4496143623630393,-1.9723805921856297e-15,SEGUIR_RUTA,0.1040235744737976
53.6,0.3290793955001373,0.4496143623630393,-1.9723805921856297e-15,SEGUIR_RUTA,0.1029291143917241
53.632,0.32914376139558105,0.44961508927686905,0.011292982456140169,SEGUIR_RUTA,0.10509291109871648
53.664,0.3304310793044574,0.4496296275534639,0.011292982456135057,SEGUIR_RUTA,0.10399649436570194
53.696,0.3317183972133338,0.4496441658300588,0.011292982456140169,SEGUIR_RUTA,0.10531327538697152
53.728,0.33300571512221,0.44965870410665365,0.011292982456140169,SEGUIR_RUTA,0.10478524872111919
53.76,0.3342930330310864,0.4496732423832485,0.011292982456135057,SEGUIR_RUTA,0.10526099821699268
53.792,0.3356446789098877,0.44969156044043934,0.013551578947364508,SEGUIR_RUTA,0.10414729477611216
53.824,0.3369963627142079,0.44970682563086395,0.011292982456140169,SEGUIR_RUTA,0.10462873303800309
53.856,0.3382836806230841,0.4497213639074588,0.011292982456140169,SEGUIR_RUTA,0.10568059877959479
53.888,0.3395709985319605,0.4497359021840537,0.011292982456135057,SEGUIR_RUTA,0.10559865759779773
53.92,0.3408583164408367,0.44975044046064855,0.011292982456135057,SEGUIR_RUTA,0.10472008129767964
53.952,0.34214563434971307,0.4497649787372434,0.011292982456140169,SEGUIR_RUTA,0.1040139752736302
53.984,0.3422099879320118,0.4497664324721995,0.0225859649122772,SEGUIR_RUTA,0.10564161451309932
54.016,0.343497059577986,0.44979550717132133,0.0225859649122772,SEGUIR_RUTA,0.10519507294841862
54.048,0.34478413122396034,0.4498245818704432,0.02258596491228231,SEGUIR_RUTA,0.10540206994652897
54.08,0.346135484053895,0.4498581625483381,0.024844561403506646,SEGUIR_RUTA,0.1053542777040792
54.112,0.34748690928216797,0.4498886909824161,0.022585964912277195,SEGUIR_RUTA,0.10563356674977534
54.144,0.3474225762200328,0.4498865106117286,0.033878947368419336,SEGUIR_RUTA,0.10732269908766197
54.176,0.3487734636629426,0.4499353496277804,0.03613754385964368,SEGUIR_RUTA,0.10626668209979537
54.208,0.35006002313238044,0.4499818629764012,0.03613754385964879,SEGUIR_RUTA,0.10578893000596032
54.24,0.35006002313238044,0.4499818629764012,0.03613754385964879,SEGUIR_RUTA,0.10519269784784313
54.272,0.35006002313238027,0.4499818629764012,0.0225859649122772,SEGUIR_RUTA,0.10605934925427575
54.304,0.3501243890278241,0.44998258989023093,0.011292982456140167,SEGUIR_RUTA,0.10627490221571963
54.336,0.3514117069367005,0.4499971281668258,0.011292982456135055,SEGUIR_RUTA,0.10624905704941945
54.368,0.35269902484557686,0.45001166644342067,0.011292982456140167,SEGUIR_RUTA,0.10500195674987423
54.4,0.35398634275445306,0.45002620472001553,0.011292982456140167,SEGUIR_RUTA,0.1051590283558314
54.432,0.35527366066332944,0.4500407429966104,0.011292982456135055,SEGUIR_RUTA,0.10602328265278092
54.464,0.35662530654213076,0.4500590610538012,0.013551578947364506,SEGUIR_RUTA,0.10592818268867271
54.496,0.357976990346451,0.45007432624422583,0.011292982456140167,SEGUIR_RUTA,0.10554896422080025
54.528,0.3592643082553272,0.4500888645208207,0.011292982456140167,SEGUIR_RUTA,0.10511880472816816
54.56,0.3605516261642034,0.45010340279741556,0.011292982456140167,SEGUIR_RUTA,0.10447421906780732
54.592,0.36183894407307976,0.45011794107401043,0.011292982456135055,SEGUIR_RUTA,0.10457475369296858
54.624,0.36312626198195613,0.4501324793506053,0.011292982456140167,SEGUIR_RUTA,0.10551625146199912
54.656,0.3645423116817201,0.45014847145485964,0.011292982456140167,SEGUIR_RUTA,0.10423190528234832
54.688,0.3658296295905963,0.4501630097314545,0.011292982456140167,SEGUIR_RUTA,0.1040062073537412
54.72,0.36711694749947266,0.4501775480080494,0.011292982456135055,SEGUIR_RUTA,0.10426933179605914
54.752,0.36840426540834903,0.45019208628464424,0.011292982456140167,SEGUIR_RUTA,0.10509696347784321
54.784,0.36969158331722524,0.4502066245612391,0.011292982456140167,SEGUIR_RUTA,0.1058146473297073
54.816,0.3711076330169892,0.45022261666549346,0.011292982456140167,SEGUIR_RUTA,0.10635031605422476
54.848,0.37239495092586555,0.4502371549420883,0.011292982456135055,SEGUIR_RUTA,0.10687984854102517
54.88,0.3736822688347419,0.4502516932186832,0.011292982456140167,SEGUIR_RUTA,0.10742116155089748
54.912,0.37496958674361813,0.45026623149527806,0.011292982456140167,SEGUIR_RUTA,0.10700611824609972
54.944,0.3762569046524945,0.4502807697718729,0.011292982456135055,SEGUIR_RUTA,0.10706624541629839
54.976,0.37760855053129583,0.45029908782906375,0.013551578947364506,SEGUIR_RUTA,0.1054226044425646
55.008,0.37760855053129583,0.45029908782906375,-1.9758500391375833e-15,SEGUIR_RUTA,0.1067442212421189
55.04,0.37889595053129577,0.45029908782906375,-1.9758500391375833e-15,SEGUIR_RUTA,0.10692570638367448
55.072,0.380183350531296,0.45029908782906375,-1.9758500391375833e-15,SEGUIR_RUTA,0.10573322246376735
55.104,0.381599490531296,0.45029908782906375,-1.9758500391375833e-15,SEGUIR_RUTA,0.10500263353616199
55.136,0.38288689053129593,0.45029908782906375,-1.9758500391375833e-15,SEGUIR_RUTA,0.1039185132511977
55.168,0.38417429053129587,0.45029908782906375,-1.9758500391375833e-15,SEGUIR_RUTA,0.10481896322251429
55.2,0.3854616905312961,0.45029908782906375,-1.9758500391375833e-15,SEGUIR_RUTA,0.10512021090695191
55.232,0.386749090531296,0.45029908782906375,-1.9758500391375833e-15,SEGUIR_RUTA,0.10680236118056281
55.264,0.38803649053129596,0.45029908782906375,-1.9758500391375833e-15,SEGUIR_RUTA,0.10727178093419744
55.296,0.389452630531296,0.45029908782906375,-1.9758500391375833e-15,SEGUIR_RUTA,0.10748271484497525
55.328,0.3907400305312959,0.45029908782906375,-1.9758500391375833e-15,SEGUIR_RUTA,0.10704579349522199
55.36,0.39202743053129613,0.45029908782906375,-1.9758500391375833e-15,SEGUIR_RUTA,0.10536779920371954
55.392,0.39331483053129607,0.45029908782906375,-1.9758500391375833e-15,SEGUIR_RUTA,0.10579327217616699
55.424,0.394602230531296,0.45029908782906375,-1.9758500391375833e-15,SEGUIR_RUTA,0.10551630681224296
55.456,0.396018370531296,0.45029908782906375,-1.9758500391375833e-15,SEGUIR_RUTA,0.10373084771296426
55.488,0.39730577053129623,0.45029908782906375,-1.9758500391375833e-15,SEGUIR_RUTA,0.1039966027806465
55.52,0.39859317053129617,0.45029908782906375,-1.9758500391375833e-15,SEGUIR_RUTA,0.10418016015077873
55.552,0.3998805705312961,0.45029908782906375,-1.9758500391375833e-15,SEGUIR_RUTA,0.1052786590992321
55.584,0.4011679705312963,0.45029908782906375,-1.9758500391375833e-15,SEGUIR_RUTA,0.10479317650276854
55.616,0.40258411053129634,0.45029908782906375,-1.9758500391375833e-15,SEGUIR_RUTA,0.10484923564065513
55.648,0.4038715105312963,0.45029908782906375,-1.9758500391375833e-15,SEGUIR_RUTA,0.1060687397106236
55.68,0.4051589105312962,0.45029908782906375,-1.9758500391375833e-15,SEGUIR_RUTA,0.10512292866498124
55.712,0.40644631053129643,0.45029908782906375,-1.9758500391375833e-15,SEGUIR_RUTA,0.10481289373845641
55.744,0.40773371053129637,0.45029908782906375,-1.9758500391375833e-15,SEGUIR_RUTA,0.1047440108876964
55.776,0.40908547708343396,0.4503021409294469,0.0022585964912274757,SEGUIR_RUTA,0.10484054982985601
55.808,0.41043724708343393,0.4503021409294469,-1.9758500391375833e-15,SEGUIR_RUTA,0.10574168108057387
55.84,0.41172464708343387,0.4503021409294469,-1.9758500391375833e-15,SEGUIR_RUTA,0.10452069855013787
55.872,0.4130120470834341,0.4503021409294469,-1.9758500391375833e-15,SEGUIR_RUTA,0.10199296993129656
55.904,0.414299447083434,0.4503021409294469,-1.9758500391375833e-15,SEGUIR_RUTA,0.09854139052181955
55.936,0.41558684708343396,0.4503021409294469,-1.9758500391375833e-15,SEGUIR_RUTA,0.09536462543393481
55.968,0.417002987083434,0.4503021409294469,-1.9758500391375833e-15,SEGUIR_RUTA,0.09174437865599001
56.0,0.4182903870834342,0.4503021409294469,-1.9758500391375833e-15,SEGUIR_RUTA,0.08869139332640057
56.032000000000004,0.41957778708343413,0.4503021409294469,-1.9758500391375833e-15,SEGUIR_RUTA,0.08648087346941391
56.064,0.42086518708343407,0.4503021409294469,-1.9758500391375833e-15,SEGUIR_RUTA,0.08435434562652322
56.096000000000004,0.4221525870834343,0.4503021409294469,-1.9758500391375833e-15,SEGUIR_RUTA,0.08318634027881901
56.128,0.4235687270834343,0.4503021409294469,-1.9758500391375833e-15,SEGUIR_RUTA,0.081179185125604
56.160000000000004,0.42485612708343423,0.4503021409294469,-1.9758500391375833e-15,SEGUIR_RUTA,0.07935550590608574
56.192,0.42614352708343417,0.4503021409294469,-1.9758500391375833e-15,SEGUIR_RUTA,0.07758660074160022
56.224000000000004,0.4274309270834344,0.4503021409294469,-1.9758500391375833e-15,SEGUIR_RUTA,0.07542756678016707
56.256,0.4287183270834343,0.4503021409294469,-1.9758500391375833e-15,SEGUIR_RUTA,0.07242093971011607
56.288000000000004,0.43013446708343434,0.4503021409294469,-1.9758500391375833e-15,SEGUIR_RUTA,0.07041546614311504
56.32,0.4314218670834343,0.4503021409294469,-1.9758500391375833e-15,SEGUIR_RUTA,0.06801986491456313
56.352000000000004,0.4327092670834342,0.4503021409294469,-1.9758500391375833e-15,SEGUIR_RUTA,0.06601990362616844
56.384,0.4326449011879905,0.45030286784327667,-0.011292982456144117,SEGUIR_RUTA,0.0641006685199697
56.416000000000004,0.4340609508877544,0.4502868757390223,-0.011292982456144117,SEGUIR_RUTA,0.061043448282621725
56.448,0.4353482687966308,0.45027233746242745,-0.011292982456139005,SEGUIR_RUTA,0.05893679912878768
56.480000000000004,0.4366355867055072,0.4502577991858326,-0.011292982456144117,SEGUIR_RUTA,0.057037744083052525
56.512,0.4379229046143834,0.4502432609092377,-0.011292982456144117,SEGUIR_RUTA,0.05504717319535922
56.544000000000004,0.4392102225232596,0.45022872263264285,-0.011292982456144117,SEGUIR_RUTA,0.052323301270040055
56.576,0.4405618684020611,0.45021040457545203,-0.013551578947368456,SEGUIR_RUTA,0.049232083121860344
56.608000000000004,0.4419135522063811,0.4501951393850274,-0.011292982456139005,SEGUIR_RUTA,0.04551190119877395
56.64,0.4432008701152575,0.45018060110843255,-0.011292982456144117,SEGUIR_RUTA,0.042440887857636465
56.672000000000004,0.4444881880241337,0.4501660628318377,-0.011292982456144117,SEGUIR_RUTA,0.03992907873559353
56.704,0.4444881880241337,0.4501660628318377,-0.0248445614035106,SEGUIR_RUTA,0.038830696738598985
56.736000000000004,0.4458396132524068,0.4501355343977597,-0.022585964912286264,SEGUIR_RUTA,0.03726015114764415
56.768,0.44712668489838114,0.45010645969863783,-0.022585964912281153,SEGUIR_RUTA,0.03441325311511541
56.800000000000004,0.44841375654435534,0.45007738499951594,-0.022585964912281157,SEGUIR_RUTA,0.030710688059193626
56.832,0.44841375654435534,0.45007738499951594,-0.03613754385964763,SEGUIR_RUTA,0.02924137488656607
56.864000000000004,0.4497647508491903,0.4500315972150788,-0.03387894736842329,SEGUIR_RUTA,0.02544416073517636
56.896,0.4497647508491903,0.4500315972150788,-0.03387894736842329,CELEBRANDO,0.022110056806784347
56.928000000000004,0.4497647508491903,0.4500315972150788,0.00225859649122747,CELEBRANDO,0.02088203011380172
56.96,0.44976475084919015,0.4500315972150788,0.038396140350873124,CELEBRANDO,0.020914236086554332
56.992000000000004,0.44976475084919015,0.4500315972150788,0.07453368421052389,CELEBRANDO,0.019693538787889226
57.024,0.449700790873135,0.4500243433634802,0.11292982456139898,CELEBRANDO,0.018695514188998053
57.056000000000004,0.449700790873135,0.4500243433634802,0.14906736842104973,CELEBRANDO,0.017615912087978695
57.088,0.44976403311810736,0.45003633983591357,0.18746350877192486,CELEBRANDO,0.016588471548537893
57.120000000000005,0.44976403311810736,0.45003633983591357,0.22360105263157562,CELEBRANDO,0.015959460197782112
57.152,0.44976403311810736,0.45003633983591357,0.2597385964912264,CELEBRANDO,0.015490637357151138
57.184000000000005,0.44976403311810736,0.45003633983591357,0.29587614035087717,CELEBRANDO,0.014848071530854112
57.216,0.4497032260419447,0.45001522120933574,0.3342722807017523,CELEBRANDO,0.01432610180054261
57.248000000000005,0.4497032260419447,0.45001522120933574,0.37040982456140303,CELEBRANDO,0.014349056185214778
57.28,0.44970322604194457,0.4500152212093357,0.40654736842104866,CELEBRANDO,0.01446693245184795
57.312000000000005,0.4497613286556748,0.4500429265008469,0.4449435087719289,CELEBRANDO,0.014634910282210417
57.344,0.4497613286556748,0.4500429265008469,0.48108105263157963,CELEBRANDO,0.01479534152576405
57.376,0.4497613286556749,0.45004292650084693,0.5172185964912253,CELEBRANDO,0.015366863836524887
57.408,0.4497613286556749,0.45004292650084693,0.553356140350876,CELEBRANDO,0.01608433433725824
57.44,0.44970790384060255,0.450007019871452,0.5917522807017511,CELEBRANDO,0.01740013946045307
57.472,0.44970790384060255,0.450007019871452,0.6278898245614019,CELEBRANDO,0.019016387981823306
57.504,0.4497585065535419,0.45004680507401756,0.6662859649122821,CELEBRANDO,0.021063871182029768
57.536,0.449758506553542,0.4500468050740177,0.7024235087719278,CELEBRANDO,0.022598942749852094
57.568,0.4497585065535419,0.45004680507401756,0.7385610526315735,CELEBRANDO,0.024357594285783546
57.6,0.4497585065535419,0.45004680507401756,0.7746985964912242,CELEBRANDO,0.02627833616852804
57.632,0.44971426803567105,0.45000004557833384,0.8130947368421044,CELEBRANDO,0.02837624189580166
57.664,0.44971426803567116,0.45000004557833395,0.8492322807017499,CELEBRANDO,0.03079302812290862
57.696,0.44971426803567116,0.45000004557833395,0.8853698245614007,CELEBRANDO,0.03265040499932171
57.728,0.4497530715371805,0.45005140495109686,0.9237659649122758,CELEBRANDO,0.03466295284180081
57.76,0.4497530715371805,0.45005140495109686,0.9599035087719265,CELEBRANDO,0.03701640268233289
57.792,0.4497530715371805,0.45005140495109686,0.9960410526315773,CELEBRANDO,0.03985861406392049
57.824,0.4497530715371805,0.45005140495109686,1.032178596491228,CELEBRANDO,0.04311472225895505
57.856,0.44972219839840427,0.4499949218013787,1.070574736842103,CELEBRANDO,0.046760149819489276
57.888,0.44972219839840427,0.4499949218013787,1.1067122807017538,CELEBRANDO,0.05071071053255521
57.92,0.4497221983984042,0.44999492180137857,1.1428498245613994,CELEBRANDO,0.0544054970425954
57.952,0.4497466443543796,0.45005446919541436,1.1812459649122795,CELEBRANDO,0.059115336559548454
57.984,0.4497466443543796,0.45005446919541436,1.2173835087719302,CELEBRANDO,0.06429528464390333
58.016,0.44974664435437967,0.4500544691954145,1.2535210526315759,CELEBRANDO,0.06859849753819901
58.048,0.44974664435437967,0.4500544691954145,1.2896585964912266,CELEBRANDO,0.07252761937072341
58.08,0.4497311720760529,0.4499919863537425,1.3280547368421016,CELEBRANDO,0.07599763200779798
58.112,0.4497311720760529,0.4499919863537425,1.3641922807017524,CELEBRANDO,0.07706048586486759
58.144,0.44974194863222783,0.45005544785968926,1.4025884210526274,CELEBRANDO,0.0779603527736593
58.176,0.44974194863222783,0.45005544785968926,1.438725964912278,CELEBRANDO,0.07960590898121463
58.208,0.44974194863222783,0.4500554478596891,1.4748635087719237,CELEBRANDO,0.0798241659282357
58.24,0.44974194863222783,0.4500554478596891,1.5110010526315745,CELEBRANDO,0.0808072796299076
58.272,0.4497405712751105,0.4499910925973761,1.5493971929824546,CELEBRANDO,0.08300043530138347
58.304,0.4497405712751105,0.44999109259737624,1.5855347368421002,CELEBRANDO,0.08378962553343623
58.336,0.4497405712751105,0.44999109259737624,1.621672280701751,CELEBRANDO,0.08369089050465758
58.368,0.449734832460084,0.4500552062691014,1.660068421052626,CELEBRANDO,0.08439259357442644
58.4,0.449734832460084,0.4500552062691014,1.6962059649122767,CELEBRANDO,0.08466311349061276
58.432,0.449734832460084,0.4500552062691014,1.7323435087719274,CELEBRANDO,0.08481453709402297
58.464,0.449734832460084,0.4500552062691014,1.7684810526315782,CELEBRANDO,0.08473998797828358
58.496,0.44974988821732514,0.4499926217576478,1.8068771929824532,CELEBRANDO,0.08400724940134949
58.528,0.44974988821732514,0.4499926217576478,1.843014736842104,CELEBRANDO,0.08383032666806003
58.56,0.44973021392361634,0.4500539113902707,1.881410877192979,CELEBRANDO,0.08335265628807768
58.592,0.44973021392361634,0.4500539113902707,1.9175484210526297,CELEBRANDO,0.08274365221898015
58.624,0.44973021392361634,0.4500539113902707,1.9536859649122804,CELEBRANDO,0.08240047206701635
58.656,0.4497302139236163,0.4500539113902708,1.989823508771926,CELEBRANDO,0.08249924090400294
58.688,0.4497302139236163,0.4500539113902708,2.025961052631577,CELEBRANDO,0.08143917317407441
58.72,0.44976071016167224,0.44999722385756336,2.064357192982452,CELEBRANDO,0.08190846270539466
58.752,0.44976071016167224,0.44999722385756336,2.1004947368421027,CELEBRANDO,0.08303085444245266
58.784,0.4497260773720376,0.45005148311283055,2.1388908771929778,CELEBRANDO,0.08271770236088216
58.816,0.4497260773720376,0.45005148311283055,2.1750284210526285,CELEBRANDO,0.08350514160869177
58.848,0.44972607737203774,0.45005148311283044,2.2111659649122744,CELEBRANDO,0.08499141539561954
58.88,0.44972607737203774,0.45005148311283044,2.247303508771925,CELEBRANDO,0.08502713601065294
58.912,0.4497682747659011,0.4500028736811207,2.2856996491228054,CELEBRANDO,0.08697029624987461
58.944,0.449768274765901,0.4500028736811208,2.3218371929824513,CELEBRANDO,0.08826595559428448
58.976,0.449768274765901,0.4500028736811208,2.357974736842102,CELEBRANDO,0.09019651443231932
59.008,0.44972096683734214,0.45004652521941513,2.396370877192977,CELEBRANDO,0.09246528700294321
59.04,0.44972096683734214,0.45004652521941513,2.4325084210526278,CELEBRANDO,0.0964719272666684
59.072,0.44972096683734214,0.45004652521941513,2.4686459649122785,CELEBRANDO,0.1009397938878714
59.104,0.44972096683734214,0.45004652521941513,2.5047835087719292,CELEBRANDO,0.10349903412987314
59.136,0.4497741513049449,0.4500102635412163,2.5431796491228043,CELEBRANDO,0.10556974989006083
59.168,0.4497741513049449,0.4500102635412163,2.579317192982455,CELEBRANDO,0.10688137749667039
59.2,0.4497184142812269,0.4500424641792075,2.61771333333333,CELEBRANDO,0.10685270208334015
59.232,0.4497184142812269,0.4500424641792075,2.6538508771929807,CELEBRANDO,0.10638654665284886
59.264,0.4497184142812269,0.4500424641792075,2.6899884210526315,CELEBRANDO,0.10736755528297293
59.296,0.4497184142812268,0.45004246417920757,2.7261259649122773,CELEBRANDO,0.10744983911892986
59.328,0.4497782621112499,0.4500187632479695,2.7645221052631523,CELEBRANDO,0.10891835928055751
59.36,0.4497782621112499,0.4500187632479695,2.800659649122803,CELEBRANDO,0.10713016274969689
59.392,0.4497782621112499,0.4500187632479695,2.836797192982454,CELEBRANDO,0.1074190994825523
59.424,0.4497161627590613,0.4500357092610044,2.875193333333329,CELEBRANDO,0.10636008658022711
59.456,0.4497161627590613,0.4500357092610044,2.9113308771929796,CELEBRANDO,0.10687380863249513
59.488,0.44971616275906146,0.45003570926100434,2.9474684210526254,CELEBRANDO,0.10673868622664763
59.52,0.44971616275906146,0.45003570926100434,2.983605964912276,CELEBRANDO,0.10783868595675442
59.552,0.4497800730007776,0.45002802955373206,3.0220021052631565,CELEBRANDO,0.1081434184596159
59.584,0.44978007300077744,0.45002802955373206,3.0581396491228023,CELEBRANDO,0.10821057646896048
59.616,0.44978007300077744,0.45002802955373206,3.094277192982453,CELEBRANDO,0.10827564282736542
59.648,0.4497157055612149,0.4500286036827645,3.132673333333328,CELEBRANDO,0.10855299073267152
59.68,0.4497157055612149,0.4500286036827645,-3.114374429986608,CELEBRANDO,0.10869661315764992
59.712,0.4497157055612149,0.4500286036827645,-3.078236886126957,CELEBRANDO,0.10929277914050291
59.744,0.4497157055612149,0.4500286036827645,-3.0420993422673064,CELEBRANDO,0.10729218008251044
59.776,0.44977946458068313,0.45003745152636815,-3.0037032019164314,CELEBRANDO,0.10750188679280662
59.808,0.44977946458068313,0.45003745152636815,-2.9675656580567806,CELEBRANDO,0.10843917574650824
59.84,0.4497165414304993,0.4500238804515793,-2.9291695177059056,CELEBRANDO,0.10805998440764632
59.872,0.4497165414304993,0.4500238804515793,-2.893031973846255,CELEBRANDO,0.10657606086956355
59.904,0.4497165414304991,0.45002388045157926,-2.856894429986609,CELEBRANDO,0.1083709269767221
59.936,0.4497165414304991,0.45002388045157926,-2.8207568861269583,CELEBRANDO,0.10716787373769901
59.968,0.44977680250844265,0.450046510064592,-2.7823607457760833,CELEBRANDO,0.1084094485769259
60.0,0.44977680250844265,0.450046510064592,-2.7462232019164325,CELEBRANDO,0.10736151760619098
60.032000000000004,0.44977680250844265,0.450046510064592,-2.710085658056782,CELEBRANDO,0.1079292778413583
60.064,0.44971940943418975,0.4500173633335947,-2.671689517705907,CELEBRANDO,0.10863124007227076
60.096000000000004,0.44971940943418975,0.4500173633335947,-2.635551973846256,CELEBRANDO,0.10905222542733929
60.128,0.44971940943418987,0.45001736333359477,-2.59941442998661,CELEBRANDO,0.10911070924428344
60.160000000000004,0.44971940943418987,0.45001736333359477,-2.5632768861269595,CELEBRANDO,0.10760228324613455
60.192,0.44977192148572176,0.4500545921039735,-2.524880745776079,CELEBRANDO,0.10748309171434309
60.224000000000004,0.44977192148572165,0.4500545921039734,-2.4887432019164333,CELEBRANDO,0.10716882226819684
60.256,0.4497223274549964,0.4500135563998073,-2.4503470615655583,CELEBRANDO,0.10733148292932931
60.288000000000004,0.4497223274549964,0.4500135563998073,-2.4142095177059075,CELEBRANDO,0.10735067463718478
60.32,0.4497223274549964,0.4500135563998073,-2.378071973846257,CELEBRANDO,0.10833628284446536
60.352000000000004,0.4497223274549964,0.4500135563998073,-2.341934429986606,CELEBRANDO,0.10795192906255767
60.384,0.4497223274549964,0.4500135563998073,-2.3057968861269553,CELEBRANDO,0.1072085933965254
60.416000000000004,0.449763628334509,0.45006292981625245,-2.2674007457760803,CELEBRANDO,0.1079761071663986
60.448,0.449763628334509,0.45006292981625245,-2.2312632019164296,CELEBRANDO,0.1085707387831229
60.480000000000004,0.44972611869702833,0.4500106180202973,-2.1928670615655546,CELEBRANDO,0.10817935482534832
60.512,0.44972611869702833,0.4500106180202973,-2.156729517705904,CELEBRANDO,0.10686337742883016
60.544000000000004,0.4497261186970283,0.4500106180202972,-2.120591973846258,CELEBRANDO,0.10730476950439075
60.576,0.4497261186970283,0.4500106180202972,-2.0844544299866072,CELEBRANDO,0.10749911057623956
60.608000000000004,0.44975557256760423,0.4500678540789326,-2.046058289635732,CELEBRANDO,0.10696991181394978
60.64,0.44975557256760423,0.4500678540789326,-2.0099207457760815,CELEBRANDO,0.10679323753473166
60.672000000000004,0.44975557256760423,0.4500678540789326,-1.9737832019164308,CELEBRANDO,0.10796698191826985
60.704,0.44973262035237493,0.45000771513384635,-1.9353870615655557,CELEBRANDO,0.10747747846043251
60.736000000000004,0.44973262035237493,0.45000771513384635,-1.899249517705905,CELEBRANDO,0.10900105984629362
60.768,0.449732620352375,0.4500077151338465,-1.8631119738462594,CELEBRANDO,0.10887667406324048
60.800000000000004,0.449732620352375,0.4500077151338465,-1.8269744299866086,CELEBRANDO,0.10905193220213602
60.832,0.44974652842496343,0.4500705646558563,-1.7885782896357336,CELEBRANDO,0.10828463640577696
60.864000000000004,0.44974652842496343,0.4500705646558563,-1.7524407457760829,CELEBRANDO,0.10849122021193554
60.896,0.4497373390364844,0.4500068539657065,-1.7140446054252079,CELEBRANDO,0.10837001393336652
60.928000000000004,0.4497373390364844,0.4500068539657065,-1.6779070615655571,CELEBRANDO,0.10870368523550122
60.96,0.4497373390364844,0.4500068539657065,-1.6417695177059064,CELEBRANDO,0.10798605759834529
60.992000000000004,0.4497373390364844,0.4500068539657065,-1.6056319738462557,CELEBRANDO,0.10779507206613431
61.024,0.44973710984801496,0.45007122355769397,-1.5672358334953806,CELEBRANDO,0.10766507063172535
61.056000000000004,0.44973710984801496,0.45007122355769397,-1.53109828963573,CELEBRANDO,0.1072028086953705
61.088,0.44973710984801496,0.45007122355769413,-1.4949607457760843,CELEBRANDO,0.1069107756524262
61.120000000000005,0.44974444696273136,0.4500072730796065,-1.4565646054252042,CELEBRANDO,0.10658977846960553
61.152,0.44974444696273136,0.4500072730796065,-1.4204270615655534,CELEBRANDO,0.10617639116419768
61.184000000000005,0.44974444696273136,0.4500072730796063,-1.3842895177059078,CELEBRANDO,0.1051292960166189
61.216,0.44974444696273136,0.4500072730796063,-1.348151973846257,CELEBRANDO,0.10538906564664294
61.248000000000005,0.4497278339711052,0.4500694623504595,-1.309755833495382,CELEBRANDO,0.10585524055231803
61.28,0.4497278339711052,0.4500694623504595,-1.2736182896357313,CELEBRANDO,0.10662330507197629
61.312000000000005,0.44974903174430175,0.4500086828200935,-1.2352221492848512,CELEBRANDO,0.10242945298401913
61.344,0.4497490317443018,0.4500086828200934,-1.1990846054252056,CELEBRANDO,0.0974368116882296
61.376000000000005,0.4497490317443018,0.4500086828200934,-1.1629470615655548,CELEBRANDO,0.09175381236887407
61.408,0.44974903174430175,0.4500086828200935,-1.1268095177059092,CELEBRANDO,0.08583862838207122
61.44,0.44974903174430175,0.4500086828200935,-1.0906719738462585,CELEBRANDO,0.0804063776577766
61.472,0.44971713025229837,0.4500645916003337,-1.0522758334953835,CELEBRANDO,0.07539178133452525
61.504,0.44971713025229837,0.4500645916003337,-1.0161382896357327,CELEBRANDO,0.07107779238457691
61.536,0.44975310640484006,0.4500112135772503,-0.9777421492848576,CELEBRANDO,0.06603159663724112
61.568,0.44975310640484006,0.4500112135772503,-0.9416046054252069,CELEBRANDO,0.06101732633046013
61.6,0.44975310640484006,0.4500112135772503,-0.9054670615655561,CELEBRANDO,0.056816264062995295
61.632,0.44975310640484006,0.4500112135772503,-0.8693295177059054,CELEBRANDO,0.05239501499118632
61.664,0.44970970900710494,0.4500587547464598,-0.8309333773550303,CELEBRANDO,0.04860491710967269
61.696,0.44970970900710494,0.4500587547464598,-0.7947958334953795,CELEBRANDO,0.04478205366126755
61.728,0.44970970900710483,0.4500587547464599,-0.7586582896357339,CELEBRANDO,0.04190268318073367
61.76,0.4497580916134077,0.45001629747020067,-0.7202621492848537,CELEBRANDO,0.039323549642299525
61.792,0.4497580916134077,0.45001629747020067,-0.684124605425203,CELEBRANDO,0.0372781392444718
61.824,0.4497580916134078,0.45001629747020055,-0.6479870615655574,CELEBRANDO,0.03447254084355085
61.856,0.4497580916134078,0.45001629747020055,-0.6118495177059067,CELEBRANDO,0.03208387477741025
61.888,0.4497040187274594,0.4500512205271291,-0.5734533773550315,CELEBRANDO,0.029856790080849283
61.92,0.4497040187274594,0.4500512205271291,-0.5373158334953808,CELEBRANDO,0.02759785915672023
61.952,0.4497605420229396,0.45002042094972833,-0.4989196931445006,CELEBRANDO,0.025505929038698614
61.984,0.4497605420229397,0.4500204209497283,-0.46278214928485495,CELEBRANDO,0.023566383293096068
62.016,0.4497605420229396,0.45002042094972833,-0.4266446054252093,CELEBRANDO,0.021482841843691078
62.048,0.4497605420229396,0.45002042094972833,-0.3905070615655586,CELEBRANDO,0.019423304647120138
62.08,0.4497605420229396,0.45002042094972833,-0.35436951770590785,CELEBRANDO,0.01817323378914073
62.112,0.4496993587009735,0.45004042339990774,-0.31597337735503267,CELEBRANDO,0.01698386036742772
62.144,0.4496993587009735,0.45004042339990774,-0.2798358334953819,CELEBRANDO,0.015977800167355668
62.176,0.4497618616329971,0.4500250324808825,-0.24143969314450675,CELEBRANDO,0.015216628685922762
62.208,0.4497618616329971,0.4500250324808825,-0.205302149284856,CELEBRANDO,0.01483078216537778
62.24,0.4497618616329971,0.4500250324808825,-0.16916460542520523,CELEBRANDO,0.01453085007432854
62.272,0.4497618616329971,0.4500250324808825,-0.13302706156555447,CELEBRANDO,0.014449002904018198
62.304,0.4496977796350162,0.4500311147859363,-0.09463092121467938,CELEBRANDO,0.014622485787757664
62.336,0.4496977796350162,0.4500311147859363,-0.05849337735502862,CELEBRANDO,0.014867489088543547
62.368,0.44969777963501606,0.4500311147859363,-0.022355833495382962,CELEBRANDO,0.015304190203136114
62.4,0.4497621413542685,0.450032147256213,0.016040306855497254,CELEBRANDO,0.015852527552420746
62.432,0.4497621413542685,0.450032147256213,0.052177850715148015,CELEBRANDO,0.01696170419460373
62.464,0.4497621413542687,0.450032147256213,0.08831539457479368,CELEBRANDO,0.019117326053819536
62.496,0.4497621413542687,0.450032147256213,0.12445293843444444,CELEBRANDO,0.020473409696465345
62.528,0.44969862301010927,0.4500217109323741,0.16284907878531954,CELEBRANDO,0.021179224293526644
62.56,0.44969862301010927,0.4500217109323741,0.1989866226449703,CELEBRANDO,0.020240854804263634
62.592,0.44976118786748803,0.45003684815540873,0.2373827629958454,CELEBRANDO,0.019264108613666685
62.624,0.44976118786748803,0.45003684815540873,0.2735203068554961,CELEBRANDO,0.01802949493009351
62.656,0.4497611878674879,0.4500368481554087,0.30965785071514174,CELEBRANDO,0.0170063704642933
62.688,0.4497611878674879,0.4500368481554087,0.34579539457479247,CELEBRANDO,0.016292483874694244
62.72,0.44970151032744127,0.4500127216530931,0.3841915349256727,CELEBRANDO,0.015515838656020955
62.752,0.4497015103274414,0.45001272165309314,0.42032907878531833,CELEBRANDO,0.014920164877677956
62.784,0.4497015103274414,0.45001272165309314,0.45646662264496907,CELEBRANDO,0.014632587101628618
62.816,0.449758158109164,0.45004329166660145,0.49486276299584425,CELEBRANDO,0.014526737798689912
62.848,0.449758158109164,0.45004329166660145,0.531000306855495,CELEBRANDO,0.014425604265924864
62.88,0.449758158109164,0.45004329166660145,0.5671378507151458,CELEBRANDO,0.014660872550411763
62.912,0.449758158109164,0.45004329166660145,0.6032753945747965,CELEBRANDO,0.015074481752638626
62.944,0.4497065915335889,0.4500047639469253,0.6416715349256716,CELEBRANDO,0.01570576426521547
62.976,0.4497065915335889,0.4500047639469253,0.6778090787853224,CELEBRANDO,0.016605935491184182
63.008,0.4497551459874668,0.4500470245894737,0.7162052191361975,CELEBRANDO,0.017987694663278073
63.04,0.4497551459874668,0.4500470245894737,0.7523427629958481,CELEBRANDO,0.019404593789921792
63.072,0.4497551459874668,0.4500470245894737,0.7884803068554989,CELEBRANDO,0.021187469110083974
63.104,0.4497551459874669,0.4500470245894738,0.8246178507151445,CELEBRANDO,0.0229861640881202
63.136,0.4497551459874669,0.4500470245894738,0.8607553945747952,CELEBRANDO,0.02456959358569108
63.168,0.44971509018627187,0.4499966358041079,0.8991515349256703,CELEBRANDO,0.026431857083917352
63.2,0.44971509018627187,0.4499966358041079,0.9352890787853211,CELEBRANDO,0.028593443372052302
63.232,0.4497512825930712,0.4500498674355886,0.9736852191361962,CELEBRANDO,0.03081198825168562
63.264,0.4497512825930712,0.4500498674355886,1.009822762995847,CELEBRANDO,0.03290677436497748
63.296,0.4497512825930711,0.4500498674355885,1.0459603068554926,CELEBRANDO,0.03515101451438249
63.328,0.4497512825930711,0.4500498674355885,1.0820978507151433,CELEBRANDO,0.03719657900011259
63.36,0.4497232663390033,0.4499919141232758,1.1204939910660234,CELEBRANDO,0.04008556957741347
63.392,0.44972326633900334,0.44999191412327594,1.156631534925669,CELEBRANDO,0.04275628816658998
63.424,0.44972326633900334,0.44999191412327594,1.1927690787853198,CELEBRANDO,0.04583303584413775
63.456,0.4497447105153891,0.45005260715581774,1.2311652191361948,CELEBRANDO,0.04937714683778595
63.488,0.4497447105153891,0.45005260715581774,1.2673027629958455,CELEBRANDO,0.05303538562645263
63.52,0.4497447105153891,0.45005260715581774,1.3034403068554963,CELEBRANDO,0.05850633515227335
63.552,0.4497447105153891,0.45005260715581774,1.339577850715147,CELEBRANDO,0.0638267882975539
63.584,0.4497323753125817,0.44998943010562004,1.377973991066022,CELEBRANDO,0.06839466026195727
63.616,0.4497323753125817,0.44998943010562004,1.4141115349256728,CELEBRANDO,0.07262596053881898
63.648,0.44973997180882946,0.45005335029135773,1.4525076752765478,CELEBRANDO,0.07647167334157719
63.68,0.44973997180882946,0.45005335029135773,1.4886452191361985,CELEBRANDO,0.07792388385441133
63.712,0.44973997180882946,0.45005335029135773,1.5247827629958493,CELEBRANDO,0.07944439108798722
63.744,0.44973997180882946,0.4500533502913579,1.5609203068554949,CELEBRANDO,0.08021062093113139
63.776,0.44973997180882946,0.45005335029135773,1.5970578507151405,CELEBRANDO,0.08104429374763314
63.808,0.4497441309233228,0.4499891147975351,1.6354539910660206,CELEBRANDO,0.08291738787766914
63.84,0.4497441309233228,0.4499891147975351,1.6715915349256714,CELEBRANDO,0.08429342196973492
63.872,0.4497352000795769,0.4500528622439939,1.7099876752765464,CELEBRANDO,0.08346220461080671
63.904,0.4497352000795769,0.4500528622439939,1.7461252191361971,CELEBRANDO,0.08470351020897503
63.936,0.44973520007957696,0.4500528622439937,1.7822627629958427,CELEBRANDO,0.08443517839571525
63.968,0.44973520007957696,0.4500528622439937,1.8184003068554935,CELEBRANDO,0.08372775491588047
64.0,0.4497533599565141,0.4499911069545876,1.8567964472063736,CELEBRANDO,0.08388429824137092
64.032,0.44975335995651405,0.4499911069545877,1.8929339910660192,CELEBRANDO,0.08430731477304489
64.06400000000001,0.44975335995651405,0.4499911069545877,1.92907153492567,CELEBRANDO,0.08482003624979353
64.096,0.4497284905877331,0.450050478760998,1.967467675276545,CELEBRANDO,0.0833683190250539
64.128,0.4497284905877331,0.450050478760998,2.0036052191361957,CELEBRANDO,0.08294473650745311
64.16,0.4497284905877331,0.450050478760998,2.0397427629958464,CELEBRANDO,0.08313529067865683
64.19200000000001,0.4497284905877331,0.450050478760998,2.075880306855497,CELEBRANDO,0.08176154429050295
64.224,0.44976177746062906,0.4499953835616355,2.114276447206372,CELEBRANDO,0.08154898443966573
64.256,0.44976177746062906,0.4499953835616355,2.150413991066023,CELEBRANDO,0.08151910093594616
64.288,0.44972448035654755,0.45004784710066137,2.188810131416898,CELEBRANDO,0.08255009570725375
64.32000000000001,0.44972448035654755,0.45004784710066137,2.2249476752765487,CELEBRANDO,0.08369912374411463
64.352,0.44972448035654744,0.4500478471006615,2.2610852191361945,CELEBRANDO,0.08431676958064295
64.384,0.44972448035654744,0.4500478471006615,2.2972227629958453,CELEBRANDO,0.08463169234976076
64.416,0.4497690507237178,0.45000140380975395,2.3356189033467203,CELEBRANDO,0.08478505793029759
64.44800000000001,0.4497690507237178,0.45000140380975395,2.371756447206371,CELEBRANDO,0.08500994455317075
64.48,0.4497690507237178,0.45000140380975395,2.4078939910660218,CELEBRANDO,0.0859286330629312
64.512,0.44971962357964673,0.4500426403751905,2.4462901314168968,CELEBRANDO,0.0872957753868848
64.544,0.44971962357964673,0.4500426403751905,2.4824276752765475,CELEBRANDO,0.0898409242012302
64.57600000000001,0.44971962357964684,0.4500426403751904,2.5185652191361934,CELEBRANDO,0.0924531659577473
64.608,0.44971962357964684,0.4500426403751904,2.554702762995844,CELEBRANDO,0.09408614339999258
64.64,0.44977455119920134,0.4500090776948731,2.5930989033467244,CELEBRANDO,0.09812883005824131
64.672,0.44977455119920123,0.45000907769487314,2.6292364472063703,CELEBRANDO,0.10209100038864675
64.70400000000001,0.4497172768431825,0.4500384570250668,2.6676325875572453,CELEBRANDO,0.10306109285704772
64.736,0.4497172768431825,0.4500384570250668,2.703770131416896,CELEBRANDO,0.10526528372355681
64.768,0.4497172768431825,0.4500384570250668,2.7399076752765468,CELEBRANDO,0.10571405345878974
64.8,0.4497172768431825,0.4500384570250668,2.7760452191361975,CELEBRANDO,0.10599570729152036
64.83200000000001,0.4497172768431825,0.4500384570250668,2.8121827629958482,CELEBRANDO,0.10671785236662173
64.864,0.4497789403099154,0.4500199877595028,2.8505789033467233,CELEBRANDO,0.10751520961466807
64.896,0.4497789403099154,0.4500199877595028,2.886716447206374,CELEBRANDO,0.10820613230675065
64.928,0.44977894030991555,0.45001998775950275,2.92285399106602,CELEBRANDO,0.10807843606731983
64.96000000000001,0.4497156142423969,0.4500315335844033,2.9612501314169,CELEBRANDO,0.10934903268171484
64.992,0.44971561424239676,0.4500315335844033,2.997387675276546,CELEBRANDO,0.108942380384389
65.024,0.44971561424239676,0.4500315335844033,3.0335252191361968,CELEBRANDO,0.10867513247194606
65.056,0.44977982807672084,0.4500270524705437,3.071921359487072,CELEBRANDO,0.10868374428864352
65.08800000000001,0.44977982807672084,0.4500270524705437,3.1080589033467225,CELEBRANDO,0.1076894036961909
65.12,0.44977982807672084,0.4500270524705437,-3.1389888599732134,CELEBRANDO,0.10819043894264062
65.152,0.44971551217195294,0.45002441404413596,-3.1005927196223384,CELEBRANDO,0.10805311183821024
65.184,0.44971551217195294,0.45002441404413596,-3.0644551757626877,CELEBRANDO,0.10706814564028566
65.21600000000001,0.4497155121719531,0.45002441404413596,-3.028317631903042,CELEBRANDO,0.10708769277536508
65.248,0.4497155121719531,0.45002441404413596,-2.992180088043391,CELEBRANDO,0.10650360462913214
65.28,0.4497787502720097,0.4500364323468953,-2.953783947692516,CELEBRANDO,0.10713385339530776
65.312,0.4497787502720097,0.4500364323468953,-2.9176464038328653,CELEBRANDO,0.10740216106625425
65.34400000000001,0.44971658268225484,0.45001973840535786,-2.8792502634819903,CELEBRANDO,0.1071539445201934
65.376,0.44971658268225484,0.45001973840535786,-2.8431127196223396,CELEBRANDO,0.10734868696891159
65.408,0.44971658268225484,0.45001973840535786,-2.806975175762689,CELEBRANDO,0.10654157156071854
65.44,0.44971658268225484,0.45001973840535786,-2.770837631903038,CELEBRANDO,0.10636616099728659
65.47200000000001,0.44971658268225484,0.45001973840535786,-2.7347000880433874,CELEBRANDO,0.1058680021760147
65.504,0.44977467572873636,0.4500474637520731,-2.6963039476925124,CELEBRANDO,0.10709309148971663
65.536,0.4497746757287365,0.45004746375207316,-2.6601664038328665,CELEBRANDO,0.10761003599911205
65.568,0.4497188085283159,0.4500154894996632,-2.621770263481986,CELEBRANDO,0.10699513233061422
65.6,0.4497188085283159,0.4500154894996632,-2.5856327196223354,CELEBRANDO,0.1079605829383653
65.632,0.4497188085283158,0.45001548949966313,-2.5494951757626896,CELEBRANDO,0.10680770048939826
65.664,0.4497188085283158,0.45001548949966313,-2.513357631903039,CELEBRANDO,0.10662176636088286
65.696,0.449769397504503,0.4500552921677691,-2.474961491552164,CELEBRANDO,0.1070904292175424
65.728,0.449769397504503,0.4500552921677691,-2.438823947692513,CELEBRANDO,0.10703104690514462
65.76,0.449769397504503,0.4500552921677691,-2.4026864038328624,CELEBRANDO,0.10790230521551508
65.792,0.4497235140456552,0.4500101456828098,-2.3642902634819873,CELEBRANDO,0.10747137011746688
65.824,0.4497235140456552,0.4500101456828098,-2.3281527196223366,CELEBRANDO,0.1075873193346162
65.856,0.4497235140456553,0.4500101456828099,-2.2920151757626908,CELEBRANDO,0.10867569841179751
65.888,0.4497235140456553,0.4500101456828099,-2.25587763190304,CELEBRANDO,0.10787628789697028
65.92,0.4497622998157452,0.4500615184473697,-2.217481491552165,CELEBRANDO,0.10644601306406344
65.952,0.4497622998157452,0.4500615184473697,-2.1813439476925143,CELEBRANDO,0.10641860539372903
65.984,0.4497274471857107,0.45000740014104307,-2.1429478073416393,CELEBRANDO,0.1082837915268052
66.016,0.4497274471857107,0.45000740014104307,-2.1068102634819885,CELEBRANDO,0.10683961637646965
66.048,0.4497274471857107,0.45000740014104307,-2.070672719622338,CELEBRANDO,0.10727398674879522
66.08,0.4497274471857107,0.45000740014104307,-2.034535175762687,CELEBRANDO,0.10726716395554399
66.112,0.4497540083705269,0.4500660346049798,-1.996139035411812,CELEBRANDO,0.10709010835376828
66.144,0.4497540083705269,0.4500660346049798,-1.9600014915521613,CELEBRANDO,0.10833033821712053
66.176,0.449754008370527,0.4500660346049799,-1.9238639476925157,CELEBRANDO,0.10810722944388203
66.208,0.44973408559164807,0.45000482529374586,-1.8854678073416355,CELEBRANDO,0.1080467670419587
66.24,0.44973408559164807,0.45000482529374586,-1.8493302634819848,CELEBRANDO,0.10727453022588877
66.272,0.449734085591648,0.4500048252937457,-1.8131927196223392,CELEBRANDO,0.10624056879856456
66.304,0.449734085591648,0.4500048252937457,-1.7770551757626885,CELEBRANDO,0.105906933906296
66.336,0.4497448402404519,0.45006829051594754,-1.7386590354118134,CELEBRANDO,0.1064850403258128
66.368,0.4497448402404519,0.45006829051594754,-1.7025214915521627,CELEBRANDO,0.10668341085335689
66.4,0.4497388413686777,0.45000420065374264,-1.6641253512012826,CELEBRANDO,0.10621606134151787
66.432,0.4497388413686777,0.45000420065374247,-1.627987807341637,CELEBRANDO,0.10750433891687809
66.464,0.4497388413686777,0.45000420065374264,-1.5918502634819913,CELEBRANDO,0.10882663012241517
66.496,0.4497388413686777,0.45000420065374264,-1.5557127196223406,CELEBRANDO,0.10863630701809474
66.528,0.4497388413686777,0.45000420065374264,-1.5195751757626899,CELEBRANDO,0.10807906331717398
66.56,0.44973308042213833,0.45006831234062544,-1.4811790354118148,CELEBRANDO,0.10770192016484197
66.592,0.44973308042213833,0.45006831234062544,-1.445041491552164,CELEBRANDO,0.10724673098087753
66.624,0.4497435994314389,0.45000480763730893,-1.406645351201289,CELEBRANDO,0.10622304021887849
66.656,0.4497435994314389,0.45000480763730893,-1.3705078073416384,CELEBRANDO,0.10688703598152069
66.688,0.4497435994314389,0.45000480763730893,-1.3343702634819876,CELEBRANDO,0.10779124105695564
66.72,0.4497435994314389,0.45000480763730893,-1.2982327196223369,CELEBRANDO,0.10835049974811489
66.752,0.4497239039818977,0.45006609047477064,-1.2598365792714619,CELEBRANDO,0.10843491996480902
66.784,0.4497239039818977,0.45006609047477064,-1.2236990354118111,CELEBRANDO,0.10770006772274665
66.816,0.44972390398189765,0.45006609047477075,-1.1875614915521655,CELEBRANDO,0.10621166887556534
66.848,0.44975024734877156,0.4500073578269354,-1.1491653512012854,CELEBRANDO,0.10774520291992226
66.88,0.44975024734877156,0.4500073578269354,-1.1130278073416346,CELEBRANDO,0.10574554983550356
66.912,0.4497502473487716,0.4500073578269353,-1.076890263481989,CELEBRANDO,0.09988845660612007
66.944,0.4497502473487716,0.4500073578269353,-1.0407527196223383,CELEBRANDO,0.09316201145305349
66.976,0.4497155958310619,0.4500616051238305,-1.0023565792714633,CELEBRANDO,0.08767508589087021
67.008,0.4497155958310619,0.4500616051238305,-0.9662190354118125,CELEBRANDO,0.08364853282668679
67.04,0.44975419065242844,0.45001008875105725,-0.9278228950609374,CELEBRANDO,0.07882613143689822
67.072,0.44975419065242844,0.45001008875105725,-0.8916853512012868,CELEBRANDO,0.0731602275656034
67.104,0.44975419065242833,0.45001008875105736,-0.8555478073416412,CELEBRANDO,0.06792550347642354
67.136,0.44975419065242833,0.45001008875105736,-0.8194102634819904,CELEBRANDO,0.06286191963092487
67.168,0.44975419065242833,0.45001008875105736,-0.7832727196223396,CELEBRANDO,0.05901277358456293
67.2,0.4497068676583029,0.45005372395619025,-0.7448765792714644,CELEBRANDO,0.05415489717333044
67.232,0.4497068676583029,0.45005372395619025,-0.7087390354118137,CELEBRANDO,0.05015554889719023
67.264,0.4497573085494707,0.4500137337899217,-0.6703428950609386,CELEBRANDO,0.04642263280024042
67.296,0.4497573085494707,0.4500137337899217,-0.6342053512012878,CELEBRANDO,0.043268960299383895
67.328,0.4497573085494707,0.4500137337899217,-0.598067807341637,CELEBRANDO,0.04076283583393586
67.36,0.4497573085494707,0.4500137337899217,-0.5619302634819862,CELEBRANDO,0.03834451800013767
67.392,0.44970156041350606,0.4500459151857344,-0.523534123131111,CELEBRANDO,0.0352565629655841
67.424,0.44970156041350606,0.4500459151857344,-0.4873965792714603,CELEBRANDO,0.03283603753249171
67.456,0.44970156041350595,0.45004591518573445,-0.45125903541181467,CELEBRANDO,0.030232605717643413
67.488,0.4497605217814979,0.4500200877974707,-0.41286289506093443,CELEBRANDO,0.028287758941833708
67.52,0.4497605217814979,0.4500200877974707,-0.37672535120128375,CELEBRANDO,0.02627983380743252
67.552,0.449760521781498,0.45002008779747066,-0.34058780734163807,CELEBRANDO,0.024287080532950103
67.584,0.449760521781498,0.45002008779747066,-0.30445026348198734,CELEBRANDO,0.022158748621285026
67.616,0.4496984165832944,0.45003701237297844,-0.2660541231311122,CELEBRANDO,0.02045367559765877
67.648,0.4496984165832944,0.45003701237297844,-0.22991657927146145,CELEBRANDO,0.01876563936037481
67.68,0.44976160963910855,0.45002475943060144,-0.19152043892058634,CELEBRANDO,0.017257693880182196
67.712,0.44976160963910855,0.45002475943060144,-0.15538289506093558,CELEBRANDO,0.016355809091477817
67.744,0.4497616096391084,0.45002475943060144,-0.11924535120128991,CELEBRANDO,0.015565059903363548
67.776,0.4497616096391084,0.45002475943060144,-0.08310780734163914,CELEBRANDO,0.015100160817786904
67.808,0.44969730397049096,0.45002763656175393,-0.04471166699075892,CELEBRANDO,0.014675213767834738
67.84,0.4496973039704911,0.45002763656175393,-0.008574123131113269,CELEBRANDO,0.014551990966439273
67.872,0.4496973039704911,0.45002763656175393,0.02756342072853749,CELEBRANDO,0.01460326619139446
67.904,0.44976153399513974,0.45003187930068334,0.06595956107941257,CELEBRANDO,0.014817288349270001
67.936,0.44976153399513974,0.45003187930068334,0.10209710493906334,CELEBRANDO,0.015161334816261815
67.968,0.44976153399513974,0.45003187930068334,0.1382346487987141,CELEBRANDO,0.01584623074656626
68.0,0.44976153399513974,0.45003187930068334,0.17437219265836487,CELEBRANDO,0.017094254451690553
68.032,0.4496986155334008,0.45001828650581294,0.21276833300923997,CELEBRANDO,0.018200908086070427
68.06400000000001,0.4496986155334008,0.45001828650581294,0.24890587686889074,CELEBRANDO,0.01924965948097237
68.096,0.449760347128192,0.45003652676635164,0.28730201721976584,CELEBRANDO,0.02010375275850961
68.128,0.449760347128192,0.45003652676635164,0.3234395610794166,CELEBRANDO,0.020202254961242852
68.16,0.449760347128192,0.45003652676635164,0.35957710493906736,CELEBRANDO,0.01971671476878235
68.19200000000001,0.44976034712819213,0.4500365267663517,0.395714648798713,CELEBRANDO,0.018572045717267432
68.224,0.449760347128192,0.45003652676635164,0.43185219265835856,CELEBRANDO,0.017542868866113243
68.256,0.44970296411872634,0.4500073602251672,0.4702483330092388,CELEBRANDO,0.01649177047623392
68.288,0.44970296411872634,0.4500073602251672,0.5063858768688896,CELEBRANDO,0.01568160944996183
68.32000000000001,0.4497580159353364,0.45004071879809765,0.5447820172197647,CELEBRANDO,0.014945019569234634
68.352,0.4497580159353364,0.45004071879809765,0.5809195610794154,CELEBRANDO,0.014747797215934623
68.384,0.44975801593533626,0.45004071879809754,0.6170571049390611,CELEBRANDO,0.014439646812721288
68.416,0.44975801593533626,0.45004071879809754,0.6531946487987118,CELEBRANDO,0.014217294341709198
68.44800000000001,0.4497084360729726,0.44999966597665975,0.691590789149592,CELEBRANDO,0.014273303081133379
68.48,0.44970843607297273,0.44999966597665986,0.7277283330092377,CELEBRANDO,0.014404810455808258
68.512,0.44970843607297273,0.44999966597665986,0.7638658768688884,CELEBRANDO,0.01517328230542284
68.544,0.44975317851782187,0.45004594351472,0.8022620172197635,CELEBRANDO,0.01593655406569613
68.57600000000001,0.44975317851782187,0.45004594351472,0.8383995610794143,CELEBRANDO,0.016853575308096877
68.608,0.44975317851782187,0.45004594351472,0.874537104939065,CELEBRANDO,0.018470489506302194
68.64,0.44975317851782187,0.45004594351472,0.9106746487987157,CELEBRANDO,0.02017830926577276
68.672,0.44971568694045727,0.44999361877366284,0.9490707891495909,CELEBRANDO,0.02222333865515748
68.70400000000001,0.44971568694045727,0.44999361877366284,0.9852083330092416,CELEBRANDO,0.023525854062344656
68.736,0.4497491780822588,0.4500485900418019,1.0236044733601166,CELEBRANDO,0.02500428800304365
68.768,0.4497491780822588,0.4500485900418019,1.0597420172197674,CELEBRANDO,0.02736213397373774
68.8,0.44974917808225884,0.45004859004180203,1.095879561079413,CELEBRANDO,0.030012893580043568
68.83200000000001,0.44974917808225884,0.45004859004180203,1.1320171049390637,CELEBRANDO,0.03176908960952109
68.864,0.4497240885130013,0.44998931095261796,1.1704132452899387,CELEBRANDO,0.03391326952327926
68.896,0.4497240885130013,0.44998931095261796,1.2065507891495895,CELEBRANDO,0.0357988299362077
68.928,0.4497240885130013,0.44998931095261796,1.2426883330092402,CELEBRANDO,0.038858295236726945
68.96000000000001,0.4497424774834654,0.4500509984121644,1.2810844733601152,CELEBRANDO,0.041416549321088285
68.992,0.4497424774834654,0.4500509984121644,1.317222017219766,CELEBRANDO,0.0450815622835888
69.024,0.44974247748346535,0.4500509984121642,1.3533595610794116,CELEBRANDO,0.048426013287177466
69.056,0.44974247748346535,0.4500509984121642,1.3894971049390623,CELEBRANDO,0.05183738717126868
69.08800000000001,0.44973331008828044,0.44998728455365977,1.4278932452899424,CELEBRANDO,0.05633470252461109
69.12,0.44973331008828044,0.44998728455365994,1.464030789149588,CELEBRANDO,0.060809504870913675
69.152,0.44973331008828044,0.44998728455365994,1.5001683330092388,CELEBRANDO,0.06489950888890339
69.184,0.44973538449346184,0.4500516211198034,1.5385644733601138,CELEBRANDO,0.07066407118464102
69.21600000000001,0.44973538449346184,0.4500516211198034,1.5747020172197645,CELEBRANDO,0.07578999378064569
69.248,0.44973538449346184,0.4500516211198034,1.6108395610794153,CELEBRANDO,0.07783033851907512
69.28,0.44973538449346184,0.4500516211198034,1.646977104939066,CELEBRANDO,0.07978830352801952
69.312,0.44974274368326184,0.4499876731782769,1.685373245289941,CELEBRANDO,0.08070619755965323
69.34400000000001,0.44974274368326184,0.4499876731782769,1.7215107891495918,CELEBRANDO,0.08182636029321352
69.376,0.44973064306123023,0.45005089557815575,1.7599069295004668,CELEBRANDO,0.08161501970959141
69.408,0.44973064306123023,0.45005089557815575,1.7960444733601175,CELEBRANDO,0.08253617916194084
69.44,0.4497306430612302,0.4500508955781559,1.8321820172197631,CELEBRANDO,0.08416580995468825
69.47200000000001,0.4497306430612302,0.4500508955781559,1.8683195610794139,CELEBRANDO,0.08454287194045554
69.504,0.4497518618140825,0.44999012336882127,1.906715701430289,CELEBRANDO,0.08496942377782911
69.536,0.4497518618140825,0.44999012336882127,1.9428532452899396,CELEBRANDO,0.08488938023619563
69.568,0.4497518618140825,0.44999012336882127,1.9789907891495904,CELEBRANDO,0.0848048355503443
69.60000000000001,0.449724060859733,0.4500481802705409,2.0173869295004656,CELEBRANDO,0.08548015775047736
69.632,0.449724060859733,0.4500481802705409,2.0535244733601163,CELEBRANDO,0.08503432585071903
69.664,0.44972406085973304,0.4500481802705408,2.089662017219762,CELEBRANDO,0.08445466971312904
69.696,0.44972406085973304,0.4500481802705408,2.125799561079413,CELEBRANDO,0.0842259322068666
69.728,0.449760055436071,0.4499948146695019,2.164195701430288,CELEBRANDO,0.08354892320002158
69.76,0.449760055436071,0.4499948146695019,2.2003332452899387,CELEBRANDO,0.08524291639786333
69.792,0.44972018694008864,0.45004535178386446,2.2387293856408137,CELEBRANDO,0.08363089401537353
69.824,0.44972018694008864,0.45004535178386446,2.2748669295004644,CELEBRANDO,0.08286162508388646
69.856,0.44972018694008864,0.45004535178386446,2.311004473360115,CELEBRANDO,0.08335581954282635
69.888,0.44972018694008864,0.45004535178386446,2.347142017219766,CELEBRANDO,0.08408119091052085
69.92,0.44972018694008864,0.45004535178386446,2.3832795610794166,CELEBRANDO,0.08433114180770826
69.952,0.4497685841996381,0.45000291121167124,2.4216757014302916,CELEBRANDO,0.08538977742829376
69.984,0.4497685841996382,0.45000291121167113,2.4578132452899375,CELEBRANDO,0.08471063525363297
70.016,0.449717160983559,0.45004163006687214,2.496209385640818,CELEBRANDO,0.08567302178720608
70.048,0.449717160983559,0.45004163006687214,2.5323469295004686,CELEBRANDO,0.08585130906585399
70.08,0.4497171609835589,0.4500416300668722,2.5684844733601144,CELEBRANDO,0.08704715447669527
70.112,0.4497171609835589,0.4500416300668722,2.604622017219765,CELEBRANDO,0.0901727579375583
70.144,0.4497736949075969,0.45001085000298513,2.64301815757064,CELEBRANDO,0.09245027057382078
70.176,0.4497736949075969,0.45001085000298513,2.679155701430291,CELEBRANDO,0.09596879259762196
70.208,0.4497736949075969,0.45001085000298513,2.7152932452899416,CELEBRANDO,0.09883983263126579
70.24,0.44971410732956696,0.4500351978456935,2.7536893856408167,CELEBRANDO,0.1016333392855258
70.272,0.44971410732956696,0.4500351978456935,2.7898269295004674,CELEBRANDO,0.10365827382199728
70.304,0.44971410732956707,0.45003519784569346,2.8259644733601132,CELEBRANDO,0.10450736748818754
70.336,0.44971410732956707,0.45003519784569346,2.862102017219764,CELEBRANDO,0.10564866356025482
70.368,0.4497766155707676,0.45001982850341726,2.900498157570639,CELEBRANDO,0.1069917636879455
70.4,0.4497766155707676,0.45001982850341726,2.9366357014302897,CELEBRANDO,0.10736903557878247
70.432,0.44971313640091176,0.45003050051796,2.9750318417811648,CELEBRANDO,0.1068907681760304
70.464,0.44971313640091176,0.45003050051796,3.0111693856408155,CELEBRANDO,0.10643955025440997
70.496,0.44971313640091176,0.45003050051796,3.047306929500466,CELEBRANDO,0.106627540994267
70.528,0.44971313640091176,0.45003050051796,3.083444473360117,CELEBRANDO,0.10753820681902101
70.56,0.4497774938445649,0.45002922916182525,3.121840613710992,CELEBRANDO,0.10691288076782404
70.592,0.4497774938445649,0.45002922916182525,-3.125207149608944,CELEBRANDO,0.1061146906257128
70.624,0.44977749384456506,0.45002922916182525,-3.089069605749298,CELEBRANDO,0.10686298323479546
70.656,0.4497133897121705,0.45002338475339115,-3.0506734653984178,CELEBRANDO,0.10691660813097034
70.688,0.4497133897121705,0.45002338475339115,-3.014535921538767,CELEBRANDO,0.10692640495897238
70.72,0.44971338971217034,0.45002338475339115,-2.978398377679121,CELEBRANDO,0.10653258453792612
70.752,0.44971338971217034,0.45002338475339115,-2.9422608338194705,CELEBRANDO,0.10763184241600005
70.784,0.4497759493404957,0.4500385435727324,-2.9038646934685954,CELEBRANDO,0.10678034503626004
70.816,0.4497759493404957,0.4500385435727324,-2.8677271496089447,CELEBRANDO,0.10729623077376807
70.848,0.4497759493404957,0.4500385435727324,-2.831589605749294,CELEBRANDO,0.10631686159954896
70.88,0.449715446662812,0.4500165680660687,-2.793193465398419,CELEBRANDO,0.1064531305583983
70.912,0.4497154466628121,0.45001656806606877,-2.757055921538773,CELEBRANDO,0.10652664119329279
70.944,0.4497154466628121,0.45001656806606877,-2.7209183776791224,CELEBRANDO,0.10701729317782348
70.976,0.4497154466628121,0.45001656806606877,-2.6847808338194716,CELEBRANDO,0.10693989356746107
71.008,0.449772083888479,0.4500471576324067,-2.6463846934685966,CELEBRANDO,0.107649979064849
71.04,0.449772083888479,0.4500471576324067,-2.610247149608946,CELEBRANDO,0.10835417452071834
71.072,0.4497178817502444,0.45001243551970044,-2.571851009258071,CELEBRANDO,0.10737483530688345
71.104,0.4497178817502444,0.45001243551970044,-2.53571346539842,CELEBRANDO,0.10702099553661532
71.136,0.4497178817502444,0.45001243551970044,-2.4995759215387694,CELEBRANDO,0.10734627820369026
71.168,0.4497178817502444,0.45001243551970044,-2.4634383776791187,CELEBRANDO,0.10758598110324798
71.2,0.44976642161297736,0.4500547129205885,-2.4250422373282436,CELEBRANDO,0.10791694407799697
71.232,0.44976642161297736,0.4500547129205885,-2.388904693468593,CELEBRANDO,0.1078742654724355
71.264,0.4497664216129775,0.45005471292058863,-2.352767149608947,CELEBRANDO,0.10821291483286857
71.296,0.4497228480544615,0.4500073331580495,-2.3143710092580667,CELEBRANDO,0.10695011028664474
71.328,0.4497228480544615,0.4500073331580495,-2.278233465398416,CELEBRANDO,0.10720709421996477
71.36,0.4497228480544614,0.4500073331580494,-2.24209592153877,CELEBRANDO,0.1070764044180472
71.392,0.4497228480544614,0.4500073331580494,-2.2059583776791194,CELEBRANDO,0.10683868160777348
71.424,0.44975902208369856,0.4500605772798731,-2.1675622373282444,CELEBRANDO,0.10775789671124031
71.456,0.44975902208369856,0.4500605772798731,-2.1314246934685936,CELEBRANDO,0.10789520658934706
71.488,0.4497269132934582,0.45000478729430826,-2.0930285531177186,CELEBRANDO,0.10740306018053603
71.52,0.4497269132934582,0.45000478729430826,-2.056891009258068,CELEBRANDO,0.10729671234241843
71.552,0.44972691329345826,0.4500047872943084,-2.020753465398422,CELEBRANDO,0.10745996534451326
71.584,0.44972691329345826,0.4500047872943084,-1.9846159215387713,CELEBRANDO,0.10722776393110955
71.616,0.44972691329345826,0.4500047872943084,-1.9484783776791206,CELEBRANDO,0.10806095267136938
71.648,0.44974833651750645,0.450065487725702,-1.9100822373282456,CELEBRANDO,0.10719594218962941
71.68,0.44974833651750645,0.450065487725702,-1.8739446934685948,CELEBRANDO,0.10793360818607887
71.712,0.44973149281087826,0.4500033605460862,-1.8355485531177198,CELEBRANDO,0.10848114023936635
71.744,0.44973149281087826,0.4500033605460862,-1.799411009258069,CELEBRANDO,0.10832414148367506
71.776,0.44973149281087826,0.4500033605460862,-1.7632734653984183,CELEBRANDO,0.10820317208870263
71.808,0.44973149281087826,0.45000336054608614,-1.72713592153877,CELEBRANDO,0.10674301058559886
71.84,0.4497390672416095,0.45006728335030416,-1.6887397811878924,CELEBRANDO,0.10563553252494313
71.872,0.4497390672416095,0.45006728335030416,-1.6526022373282416,CELEBRANDO,0.10741761041343262
71.904,0.4497390672416095,0.4500672833503043,-1.616464693468596,CELEBRANDO,0.1074372889086504
71.936,0.4497385991325271,0.4500029150524093,-1.5780685531177183,CELEBRANDO,0.10705743919037364
71.968,0.4497385991325271,0.4500029150524093,-1.5419310092580676,CELEBRANDO,0.10650484571793724
72.0,0.4497385991325271,0.4500029150524093,-1.5057934653984169,CELEBRANDO,0.10631909914104233
72.032,0.4497385991325271,0.45000291505240925,-1.4696559215387686,CELEBRANDO,0.10627238772336994
72.06400000000001,0.44972964628387846,0.45006665941216834,-1.4312597811878935,CELEBRANDO,0.10666986712150969
72.096,0.44972964628387846,0.4500666594121683,-1.3951222373282453,CELEBRANDO,0.10660194478604999
72.128,0.4497433209805508,0.4500037587001618,-1.3567260969773651,CELEBRANDO,0.10666732087655822
72.16,0.4497433209805508,0.4500037587001618,-1.3205885531177144,CELEBRANDO,0.1062857538356904
72.19200000000001,0.4497433209805508,0.45000375870016185,-1.2844510092580712,CELEBRANDO,0.10723943831464085
72.224,0.4497433209805508,0.45000375870016185,-1.2483134653984205,CELEBRANDO,0.1093842398464513
72.256,0.4497433209805508,0.45000375870016185,-1.2121759215387697,CELEBRANDO,0.10768151801500898
72.288,0.4497184311182751,0.45006312191820036,-1.173779781187892,CELEBRANDO,0.10698601288931107
72.32000000000001,0.44971843111827514,0.4500631219182003,-1.1376422373282438,CELEBRANDO,0.1070305787117315
72.352,0.4497476723414776,0.45000577692918114,-1.0992460969773687,CELEBRANDO,0.107298788739234
72.384,0.4497476723414776,0.45000577692918114,-1.063108553117718,CELEBRANDO,0.1071404832175238
72.416,0.44974767234147767,0.4500057769291811,-1.0269710092580697,CELEBRANDO,0.10789074657496439
72.44800000000001,0.44974767234147767,0.4500057769291811,-0.990833465398419,CELEBRANDO,0.10522040087745406
72.48,0.44974767234147767,0.4500057769291811,-0.9546959215387684,CELEBRANDO,0.10034043336126931
72.512,0.44970848646654205,0.45005684515908506,-0.9162997811878907,CELEBRANDO,0.09511787176203895
72.544,0.44970848646654193,0.4500568451590852,-0.8801622373282451,CELEBRANDO,0.09032500731316832
72.57600000000001,0.44975136632792295,0.4500088366766268,-0.8417660969773674,CELEBRANDO,0.08379667639608204
72.608,0.44975136632792295,0.4500088366766268,-0.8056285531177166,CELEBRANDO,0.07874592450078394
72.64,0.44975136632792295,0.4500088366766268,-0.7694910092580659,CELEBRANDO,0.07409088036722408
72.672,0.4497513663279229,0.45000883667662683,-0.7333534653984228,CELEBRANDO,0.06768887696691182
72.70400000000001,0.44970192495205324,0.45005005617749866,-0.6949573250475426,CELEBRANDO,0.0630339731044249
72.736,0.4497019249520533,0.4500500561774986,-0.6588197811878944,CELEBRANDO,0.05901253351920108
72.768,0.4497542984589182,0.45001263275330095,-0.6204236408370143,CELEBRANDO,0.05416435861036664
72.8,0.4497542984589182,0.45001263275330095,-0.5842860969773636,CELEBRANDO,0.05023309959441064
72.83200000000001,0.4497542984589181,0.450012632753301,-0.5481485531177205,CELEBRANDO,0.04652653959554423
72.864,0.4497542984589181,0.450012632753301,-0.5120110092580697,CELEBRANDO,0.0433261267055221
72.896,0.4496970139646516,0.45004199231080155,-0.47361486890719207,CELEBRANDO,0.040641925038108845
72.928,0.4496970139646516,0.45004199231080155,-0.43747732504754133,CELEBRANDO,0.038301295046560886
72.96000000000001,0.44969701396465167,0.4500419923108015,-0.4013397811878931,CELEBRANDO,0.03518693326112618
72.992,0.44975719063259906,0.4500191391811529,-0.362943640837018,CELEBRANDO,0.032632796017392024
73.024,0.44975719063259906,0.4500191391811529,-0.3268060969773673,CELEBRANDO,0.03021416438368587
73.056,0.4497571906325991,0.4500191391811529,-0.29066855311771905,CELEBRANDO,0.028548761476630186
73.08800000000001,0.4497571906325991,0.4500191391811529,-0.25453100925806826,CELEBRANDO,0.025680608981514197
73.12,0.4496943182879504,0.45003294371585595,-0.21613486890719058,CELEBRANDO,0.023406938301945956
73.152,0.4496943182879504,0.45003294371585595,-0.17999732504753982,CELEBRANDO,0.021084915719937477
73.184,0.4497580440274585,0.4500238592772857,-0.14160118469666472,CELEBRANDO,0.01920846465505581
73.21600000000001,0.44975804402745856,0.4500238592772857,-0.10546364083701651,CELEBRANDO,0.01785092946159861
73.248,0.44975804402745856,0.4500238592772857,-0.06932609697736575,CELEBRANDO,0.016723546264036188
73.28,0.44975804402745856,0.4500238592772857,-0.033188553117714986,CELEBRANDO,0.015939969283131555
