time,x_odom,y_odom,theta_odom,modo,distancia_obstaculo
0.032,nan,nan,nan,EVADIENDO,0.06086948777480934
0.064,nan,nan,nan,EVADIENDO,0.06086948777480934
0.096,nan,nan,nan,EVADIENDO,0.06086948777480934
0.128,nan,nan,nan,EVADIENDO,0.06086948777480934
0.16,nan,nan,nan,EVADIENDO,0.06086948777480934
0.192,nan,nan,nan,EVADIENDO,0.06086948777480934
0.224,nan,nan,nan,EVADIENDO,0.06086948777480934
0.256,nan,nan,nan,EVADIENDO,0.06086948777480934
0.28800000000000003,nan,nan,nan,EVADIENDO,0.06086948777480934
0.32,nan,nan,nan,EVADIENDO,0.06086948777480934
0.352,nan,nan,nan,EVADIENDO,0.06086948777480934
0.384,nan,nan,nan,EVADIENDO,0.06086948777480934
0.41600000000000004,nan,nan,nan,EVADIENDO,0.06086948777480934
0.448,nan,nan,nan,EVADIENDO,0.06086948777480934
0.48,nan,nan,nan,EVADIENDO,0.06086948777480934
0.512,nan,nan,nan,EVADIENDO,0.06086948777480934
0.544,nan,nan,nan,EVADIENDO,0.06086948777480934
0.5760000000000001,nan,nan,nan,EVADIENDO,0.06086948777480934
0.608,nan,nan,nan,EVADIENDO,0.06086948777480934
0.64,nan,nan,nan,EVADIENDO,0.06086948777480934
0.672,nan,nan,nan,EVADIENDO,0.06086948777480934
0.704,nan,nan,nan,EVADIENDO,0.06086948777480934
0.736,nan,nan,nan,EVADIENDO,0.06086948777480934
0.768,nan,nan,nan,EVADIENDO,0.06086948777480934
0.8,nan,nan,nan,EVADIENDO,0.06086948777480934
0.8320000000000001,nan,nan,nan,EVADIENDO,0.06086948777480934
0.864,nan,nan,nan,EVADIENDO,0.06086948777480934
0.896,nan,nan,nan,EVADIENDO,0.06086948777480934
0.928,nan,nan,nan,EVADIENDO,0.06086948777480934
0.96,nan,nan,nan,EVADIENDO,0.06086948777480934
0.992,nan,nan,nan,EVADIENDO,0.06086948777480934
1.024,nan,nan,nan,EVADIENDO,0.06086948777480934
1.056,nan,nan,nan,EVADIENDO,0.06086948777480934
1.088,nan,nan,nan,EVADIENDO,0.06086948777480934
1.12,nan,nan,nan,EVADIENDO,0.06086948777480934
1.1520000000000001,nan,nan,nan,EVADIENDO,0.06086948777480934
1.184,nan,nan,nan,EVADIENDO,0.06086948777480934
1.216,nan,nan,nan,EVADIENDO,0.06086948777480934
1.248,nan,nan,nan,EVADIENDO,0.06086948777480934
1.28,nan,nan,nan,EVADIENDO,0.06086948777480934
1.312,nan,nan,nan,EVADIENDO,0.06086948777480934
1.344,nan,nan,nan,EVADIENDO,0.06086948777480934
1.3760000000000001,nan,nan,nan,EVADIENDO,0.06086948777480934
1.408,nan,nan,nan,EVADIENDO,0.06086948777480934
1.44,nan,nan,nan,EVADIENDO,0.06086948777480934
1.472,nan,nan,nan,EVADIENDO,0.06086948777480934
1.504,nan,nan,nan,EVADIENDO,0.06086948777480934
1.536,nan,nan,nan,EVADIENDO,0.06086948777480934
1.568,nan,nan,nan,EVADIENDO,0.06086948777480934
1.6,nan,nan,nan,EVADIENDO,0.06086948777480934
1.6320000000000001,nan,nan,nan,EVADIENDO,0.06086948777480934
1.6640000000000001,nan,nan,nan,EVADIENDO,0.06086948777480934
1.696,nan,nan,nan,EVADIENDO,0.06086948777480934
1.728,nan,nan,nan,EVADIENDO,0.06086948777480934
1.76,nan,nan,nan,EVADIENDO,0.06086948777480934
1.792,nan,nan,nan,EVADIENDO,0.06086948777480934
1.824,nan,nan,nan,EVADIENDO,0.06086948777480934
1.856,nan,nan,nan,EVADIENDO,0.06086948777480934
1.8880000000000001,nan,nan,nan,EVADIENDO,0.06086948777480934
1.92,nan,nan,nan,EVADIENDO,0.06086948777480934
1.952,nan,nan,nan,EVADIENDO,0.06086948777480934
1.984,nan,nan,nan,EVADIENDO,0.06086948777480934
2.016,nan,nan,nan,EVADIENDO,0.06086948777480934
2.048,nan,nan,nan,EVADIENDO,0.06086948777480934
2.08,nan,nan,nan,EVADIENDO,0.06086948777480934
2.112,nan,nan,nan,EVADIENDO,0.06086948777480934
2.144,nan,nan,nan,EVADIENDO,0.06086948777480934
2.176,nan,nan,nan,EVADIENDO,0.06086948777480934
2.208,nan,nan,nan,EVADIENDO,0.06086948777480934
2.24,nan,nan,nan,EVADIENDO,0.06086948777480934
2.2720000000000002,nan,nan,nan,EVADIENDO,0.06086948777480934
2.3040000000000003,nan,nan,nan,EVADIENDO,0.06086948777480934
2.336,nan,nan,nan,EVADIENDO,0.06086948777480934
2.368,nan,nan,nan,EVADIENDO,0.06086948777480934
2.4,nan,nan,nan,EVADIENDO,0.06086948777480934
2.432,nan,nan,nan,EVADIENDO,0.06086948777480934
2.464,nan,nan,nan,EVADIENDO,0.06086948777480934
2.496,nan,nan,nan,EVADIENDO,0.06086948777480934
2.528,nan,nan,nan,EVADIENDO,0.06086948777480934
2.56,nan,nan,nan,EVADIENDO,0.06086948777480934
2.592,nan,nan,nan,EVADIENDO,0.06086948777480934
2.624,nan,nan,nan,EVADIENDO,0.06086948777480934
2.656,nan,nan,nan,EVADIENDO,0.06086948777480934
2.688,nan,nan,nan,EVADIENDO,0.06086948777480934
2.72,nan,nan,nan,EVADIENDO,0.06086948777480934
2.7520000000000002,nan,nan,nan,EVADIENDO,0.06086948777480934
2.7840000000000003,nan,nan,nan,EVADIENDO,0.06086948777480934
2.816,nan,nan,nan,EVADIENDO,0.06086948777480934
2.848,nan,nan,nan,EVADIENDO,0.06086948777480934
2.88,nan,nan,nan,EVADIENDO,0.06086948777480934
2.912,nan,nan,nan,EVADIENDO,0.06086948777480934
2.944,nan,nan,nan,EVADIENDO,0.06086948777480934
2.976,nan,nan,nan,EVADIENDO,0.06086948777480934
3.008,nan,nan,nan,EVADIENDO,0.06086948777480934
3.04,nan,nan,nan,EVADIENDO,0.06086948777480934
3.072,nan,nan,nan,EVADIENDO,0.06086948777480934
3.104,nan,nan,nan,EVADIENDO,0.06086948777480934
3.136,nan,nan,nan,EVADIENDO,0.06086948777480934
3.168,nan,nan,nan,EVADIENDO,0.06086948777480934
3.2,nan,nan,nan,EVADIENDO,0.06086948777480934
3.232,nan,nan,nan,EVADIENDO,0.06086948777480934
3.2640000000000002,nan,nan,nan,EVADIENDO,0.06086948777480934
3.2960000000000003,nan,nan,nan,EVADIENDO,0.06086948777480934
3.3280000000000003,nan,nan,nan,EVADIENDO,0.06086948777480934
3.36,nan,nan,nan,EVADIENDO,0.06086948777480934
3.392,nan,nan,nan,EVADIENDO,0.06086948777480934
3.424,nan,nan,nan,EVADIENDO,0.06086948777480934
3.456,nan,nan,nan,EVADIENDO,0.06086948777480934
3.488,nan,nan,nan,EVADIENDO,0.06086948777480934
3.52,nan,nan,nan,EVADIENDO,0.06086948777480934
3.552,nan,nan,nan,EVADIENDO,0.06086948777480934
3.584,nan,nan,nan,EVADIENDO,0.06086948777480934
3.616,nan,nan,nan,EVADIENDO,0.06086948777480934
3.648,nan,nan,nan,EVADIENDO,0.06086948777480934
3.68,nan,nan,nan,EVADIENDO,0.06086948777480934
3.712,nan,nan,nan,EVADIENDO,0.06086948777480934
3.744,nan,nan,nan,EVADIENDO,0.06086948777480934
3.7760000000000002,nan,nan,nan,EVADIENDO,0.06086948777480934
3.8080000000000003,nan,nan,nan,EVADIENDO,0.06086948777480934
3.84,nan,nan,nan,EVADIENDO,0.06086948777480934
3.872,nan,nan,nan,EVADIENDO,0.06086948777480934
3.904,nan,nan,nan,EVADIENDO,0.06086948777480934
3.936,nan,nan,nan,EVADIENDO,0.06086948777480934
3.968,nan,nan,nan,EVADIENDO,0.06086948777480934
4.0,nan,nan,nan,EVADIENDO,0.06086948777480934
4.032,nan,nan,nan,EVADIENDO,0.06086948777480934
4.064,nan,nan,nan,EVADIENDO,0.06086948777480934
4.096,nan,nan,nan,EVADIENDO,0.06086948777480934
4.128,nan,nan,nan,EVADIENDO,0.06086948777480934
4.16,nan,nan,nan,EVADIENDO,0.06086948777480934
4.192,nan,nan,nan,EVADIENDO,0.06086948777480934
4.224,nan,nan,nan,EVADIENDO,0.06086948777480934
4.256,nan,nan,nan,EVADIENDO,0.06086948777480934
4.288,nan,nan,nan,EVADIENDO,0.06086948777480934
4.32,nan,nan,nan,EVADIENDO,0.06086948777480934
4.352,nan,nan,nan,EVADIENDO,0.06086948777480934
4.384,nan,nan,nan,EVADIENDO,0.06086948777480934
4.416,nan,nan,nan,EVADIENDO,0.06086948777480934
4.448,nan,nan,nan,EVADIENDO,0.06086948777480934
4.48,nan,nan,nan,EVADIENDO,0.06086948777480934
4.5120000000000005,nan,nan,nan,EVADIENDO,0.06086948777480934
4.5440000000000005,nan,nan,nan,EVADIENDO,0.06086948777480934
4.5760000000000005,nan,nan,nan,EVADIENDO,0.06086948777480934
4.6080000000000005,nan,nan,nan,EVADIENDO,0.06086948777480934
4.64,nan,nan,nan,EVADIENDO,0.06086948777480934
4.672,nan,nan,nan,EVADIENDO,0.06086948777480934
4.704,nan,nan,nan,EVADIENDO,0.06086948777480934
4.736,nan,nan,nan,EVADIENDO,0.06086948777480934
4.768,nan,nan,nan,EVADIENDO,0.06086948777480934
4.8,nan,nan,nan,EVADIENDO,0.06086948777480934
4.832,nan,nan,nan,EVADIENDO,0.06086948777480934
4.864,nan,nan,nan,EVADIENDO,0.06086948777480934
4.896,nan,nan,nan,EVADIENDO,0.06086948777480934
4.928,nan,nan,nan,EVADIENDO,0.06086948777480934
4.96,nan,nan,nan,EVADIENDO,0.06086948777480934
4.992,nan,nan,nan,EVADIENDO,0.06086948777480934
5.024,nan,nan,nan,EVADIENDO,0.06086948777480934
5.056,nan,nan,nan,EVADIENDO,0.06086948777480934
5.088,nan,nan,nan,EVADIENDO,0.06086948777480934
5.12,nan,nan,nan,EVADIENDO,0.06086948777480934
5.152,nan,nan,nan,EVADIENDO,0.06086948777480934
5.184,nan,nan,nan,EVADIENDO,0.06086948777480934
5.216,nan,nan,nan,EVADIENDO,0.06086948777480934
5.248,nan,nan,nan,EVADIENDO,0.06086948777480934
5.28,nan,nan,nan,EVADIENDO,0.06086948777480934
5.312,nan,nan,nan,EVADIENDO,0.06086948777480934
5.344,nan,nan,nan,EVADIENDO,0.06086948777480934
5.376,nan,nan,nan,EVADIENDO,0.06086948777480934
5.408,nan,nan,nan,EVADIENDO,0.06086948777480934
5.44,nan,nan,nan,EVADIENDO,0.06086948777480934
5.472,nan,nan,nan,EVADIENDO,0.06086948777480934
5.5040000000000004,nan,nan,nan,EVADIENDO,0.06086948777480934
5.5360000000000005,nan,nan,nan,EVADIENDO,0.06086948777480934
5.5680000000000005,nan,nan,nan,EVADIENDO,0.06086948777480934
5.6000000000000005,nan,nan,nan,EVADIENDO,0.06086948777480934
5.632,nan,nan,nan,EVADIENDO,0.06086948777480934
5.664,nan,nan,nan,EVADIENDO,0.06086948777480934
5.696,nan,nan,nan,EVADIENDO,0.06086948777480934
5.728,nan,nan,nan,EVADIENDO,0.06086948777480934
5.76,nan,nan,nan,EVADIENDO,0.06086948777480934
5.792,nan,nan,nan,EVADIENDO,0.06086948777480934
5.824,nan,nan,nan,EVADIENDO,0.06086948777480934
5.856,nan,nan,nan,EVADIENDO,0.06086948777480934
5.888,nan,nan,nan,EVADIENDO,0.06086948777480934
5.92,nan,nan,nan,EVADIENDO,0.06086948777480934
5.952,nan,nan,nan,EVADIENDO,0.06086948777480934
5.984,nan,nan,nan,EVADIENDO,0.06086948777480934
6.016,nan,nan,nan,EVADIENDO,0.06086948777480934
6.048,nan,nan,nan,EVADIENDO,0.06086948777480934
6.08,nan,nan,nan,EVADIENDO,0.06086948777480934
6.112,nan,nan,nan,EVADIENDO,0.06086948777480934
6.144,nan,nan,nan,EVADIENDO,0.06086948777480934
6.176,nan,nan,nan,EVADIENDO,0.06086948777480934
6.208,nan,nan,nan,EVADIENDO,0.06086948777480934
6.24,nan,nan,nan,EVADIENDO,0.06086948777480934
6.272,nan,nan,nan,EVADIENDO,0.06086948777480934
6.304,nan,nan,nan,EVADIENDO,0.06086948777480934
6.336,nan,nan,nan,EVADIENDO,0.06086948777480934
6.368,nan,nan,nan,EVADIENDO,0.06086948777480934
6.4,nan,nan,nan,EVADIENDO,0.06086948777480934
6.432,nan,nan,nan,EVADIENDO,0.06086948777480934
6.464,nan,nan,nan,EVADIENDO,0.06086948777480934
6.496,nan,nan,nan,EVADIENDO,0.06086948777480934
6.5280000000000005,nan,nan,nan,EVADIENDO,0.06086948777480934
6.5600000000000005,nan,nan,nan,EVADIENDO,0.06086948777480934
6.5920000000000005,nan,nan,nan,EVADIENDO,0.06086948777480934
6.6240000000000006,nan,nan,nan,EVADIENDO,0.06086948777480934
6.656000000000001,nan,nan,nan,EVADIENDO,0.06086948777480934
6.688,nan,nan,nan,EVADIENDO,0.06086948777480934
6.72,nan,nan,nan,EVADIENDO,0.06086948777480934
6.752,nan,nan,nan,EVADIENDO,0.06086948777480934
6.784,nan,nan,nan,EVADIENDO,0.06086948777480934
6.816,nan,nan,nan,EVADIENDO,0.06086948777480934
6.848,nan,nan,nan,EVADIENDO,0.06086948777480934
6.88,nan,nan,nan,EVADIENDO,0.06086948777480934
6.912,nan,nan,nan,EVADIENDO,0.06086948777480934
6.944,nan,nan,nan,EVADIENDO,0.06086948777480934
6.976,nan,nan,nan,EVADIENDO,0.06086948777480934
7.008,nan,nan,nan,EVADIENDO,0.06086948777480934
7.04,nan,nan,nan,EVADIENDO,0.06086948777480934
7.072,nan,nan,nan,EVADIENDO,0.06086948777480934
7.104,nan,nan,nan,EVADIENDO,0.06086948777480934
7.136,nan,nan,nan,EVADIENDO,0.06086948777480934
7.168,nan,nan,nan,EVADIENDO,0.06086948777480934
7.2,nan,nan,nan,EVADIENDO,0.06086948777480934
7.232,nan,nan,nan,EVADIENDO,0.06086948777480934
7.264,nan,nan,nan,EVADIENDO,0.06086948777480934
7.296,nan,nan,nan,EVADIENDO,0.06086948777480934
7.328,nan,nan,nan,EVADIENDO,0.06086948777480934
7.36,nan,nan,nan,EVADIENDO,0.06086948777480934
7.392,nan,nan,nan,EVADIENDO,0.06086948777480934
7.424,nan,nan,nan,EVADIENDO,0.06086948777480934
7.456,nan,nan,nan,EVADIENDO,0.06086948777480934
7.488,nan,nan,nan,EVADIENDO,0.06086948777480934
7.5200000000000005,nan,nan,nan,EVADIENDO,0.06086948777480934
7.5520000000000005,nan,nan,nan,EVADIENDO,0.06086948777480934
7.5840000000000005,nan,nan,nan,EVADIENDO,0.06086948777480934
7.6160000000000005,nan,nan,nan,EVADIENDO,0.06086948777480934
7.648000000000001,nan,nan,nan,EVADIENDO,0.06086948777480934
7.68,nan,nan,nan,EVADIENDO,0.06086948777480934
7.712,nan,nan,nan,EVADIENDO,0.06086948777480934
7.744,nan,nan,nan,EVADIENDO,0.06086948777480934
7.776,nan,nan,nan,EVADIENDO,0.06086948777480934
7.808,nan,nan,nan,EVADIENDO,0.06086948777480934
7.84,nan,nan,nan,EVADIENDO,0.06086948777480934
7.872,nan,nan,nan,EVADIENDO,0.06086948777480934
7.904,nan,nan,nan,EVADIENDO,0.06086948777480934
7.936,nan,nan,nan,EVADIENDO,0.06086948777480934
7.968,nan,nan,nan,EVADIENDO,0.06086948777480934
8.0,nan,nan,nan,EVADIENDO,0.06086948777480934
8.032,nan,nan,nan,EVADIENDO,0.06086948777480934
8.064,nan,nan,nan,EVADIENDO,0.06086948777480934
8.096,nan,nan,nan,EVADIENDO,0.06086948777480934
8.128,nan,nan,nan,EVADIENDO,0.06086948777480934
8.16,nan,nan,nan,EVADIENDO,0.06086948777480934
8.192,nan,nan,nan,EVADIENDO,0.06086948777480934
8.224,nan,nan,nan,EVADIENDO,0.06086948777480934
8.256,nan,nan,nan,EVADIENDO,0.06086948777480934
8.288,nan,nan,nan,EVADIENDO,0.06086948777480934
8.32,nan,nan,nan,EVADIENDO,0.06086948777480934
8.352,nan,nan,nan,EVADIENDO,0.06086948777480934
8.384,nan,nan,nan,EVADIENDO,0.06086948777480934
8.416,nan,nan,nan,EVADIENDO,0.06086948777480934
8.448,nan,nan,nan,EVADIENDO,0.06086948777480934
8.48,nan,nan,nan,EVADIENDO,0.06086948777480934
8.512,nan,nan,nan,EVADIENDO,0.06086948777480934
8.544,nan,nan,nan,EVADIENDO,0.06086948777480934
8.576,nan,nan,nan,EVADIENDO,0.06086948777480934
8.608,nan,nan,nan,EVADIENDO,0.06086948777480934
8.64,nan,nan,nan,EVADIENDO,0.06086948777480934
8.672,nan,nan,nan,EVADIENDO,0.06086948777480934
8.704,nan,nan,nan,EVADIENDO,0.06086948777480934
8.736,nan,nan,nan,EVADIENDO,0.06086948777480934
8.768,nan,nan,nan,EVADIENDO,0.06086948777480934
8.8,nan,nan,nan,EVADIENDO,0.06086948777480934
8.832,nan,nan,nan,EVADIENDO,0.06086948777480934
8.864,nan,nan,nan,EVADIENDO,0.06086948777480934
8.896,nan,nan,nan,EVADIENDO,0.06086948777480934
8.928,nan,nan,nan,EVADIENDO,0.06086948777480934
8.96,nan,nan,nan,EVADIENDO,0.06086948777480934
8.992,nan,nan,nan,EVADIENDO,0.06086948777480934
9.024000000000001,nan,nan,nan,EVADIENDO,0.06086948777480934
9.056000000000001,nan,nan,nan,EVADIENDO,0.06086948777480934
9.088000000000001,nan,nan,nan,EVADIENDO,0.06086948777480934
9.120000000000001,nan,nan,nan,EVADIENDO,0.06086948777480934
9.152000000000001,nan,nan,nan,EVADIENDO,0.06086948777480934
9.184000000000001,nan,nan,nan,EVADIENDO,0.06086948777480934
9.216000000000001,nan,nan,nan,EVADIENDO,0.06086948777480934
9.248,nan,nan,nan,EVADIENDO,0.06086948777480934
9.28,nan,nan,nan,EVADIENDO,0.06086948777480934
9.312,nan,nan,nan,EVADIENDO,0.06086948777480934
9.344,nan,nan,nan,EVADIENDO,0.06086948777480934
9.376,nan,nan,nan,EVADIENDO,0.06086948777480934
9.408,nan,nan,nan,EVADIENDO,0.06086948777480934
9.44,nan,nan,nan,EVADIENDO,0.06086948777480934
9.472,nan,nan,nan,EVADIENDO,0.06086948777480934
9.504,nan,nan,nan,EVADIENDO,0.06086948777480934
9.536,nan,nan,nan,EVADIENDO,0.06086948777480934
9.568,nan,nan,nan,EVADIENDO,0.06086948777480934
9.6,nan,nan,nan,EVADIENDO,0.06086948777480934
9.632,nan,nan,nan,EVADIENDO,0.06086948777480934
9.664,nan,nan,nan,EVADIENDO,0.06086948777480934
9.696,nan,nan,nan,EVADIENDO,0.06086948777480934
9.728,nan,nan,nan,EVADIENDO,0.06086948777480934
9.76,nan,nan,nan,EVADIENDO,0.06086948777480934
9.792,nan,nan,nan,EVADIENDO,0.06086948777480934
9.824,nan,nan,nan,EVADIENDO,0.06086948777480934
9.856,nan,nan,nan,EVADIENDO,0.06086948777480934
9.888,nan,nan,nan,EVADIENDO,0.06086948777480934
9.92,nan,nan,nan,EVADIENDO,0.06086948777480934
9.952,nan,nan,nan,EVADIENDO,0.06086948777480934
9.984,nan,nan,nan,EVADIENDO,0.06086948777480934
10.016,nan,nan,nan,EVADIENDO,0.06086948777480934
10.048,nan,nan,nan,EVADIENDO,0.06086948777480934
10.08,nan,nan,nan,EVADIENDO,0.06086948777480934
10.112,nan,nan,nan,EVADIENDO,0.06086948777480934
10.144,nan,nan,nan,EVADIENDO,0.06086948777480934
10.176,nan,nan,nan,EVADIENDO,0.06086948777480934
10.208,nan,nan,nan,EVADIENDO,0.06086948777480934
10.24,nan,nan,nan,EVADIENDO,0.06086948777480934
10.272,nan,nan,nan,EVADIENDO,0.06086948777480934
10.304,nan,nan,nan,EVADIENDO,0.06086948777480934
10.336,nan,nan,nan,EVADIENDO,0.06086948777480934
10.368,nan,nan,nan,EVADIENDO,0.06086948777480934
10.4,nan,nan,nan,EVADIENDO,0.06086948777480934
10.432,nan,nan,nan,EVADIENDO,0.06086948777480934
10.464,nan,nan,nan,EVADIENDO,0.06086948777480934
10.496,nan,nan,nan,EVADIENDO,0.06086948777480934
10.528,nan,nan,nan,EVADIENDO,0.06086948777480934
10.56,nan,nan,nan,EVADIENDO,0.06086948777480934
10.592,nan,nan,nan,EVADIENDO,0.06086948777480934
10.624,nan,nan,nan,EVADIENDO,0.06086948777480934
10.656,nan,nan,nan,EVADIENDO,0.06086948777480934
10.688,nan,nan,nan,EVADIENDO,0.06086948777480934
10.72,nan,nan,nan,EVADIENDO,0.06086948777480934
10.752,nan,nan,nan,EVADIENDO,0.06086948777480934
10.784,nan,nan,nan,EVADIENDO,0.06086948777480934
10.816,nan,nan,nan,EVADIENDO,0.06086948777480934
10.848,nan,nan,nan,EVADIENDO,0.06086948777480934
10.88,nan,nan,nan,EVADIENDO,0.06086948777480934
10.912,nan,nan,nan,EVADIENDO,0.06086948777480934
10.944,nan,nan,nan,EVADIENDO,0.06086948777480934
10.976,nan,nan,nan,EVADIENDO,0.06086948777480934
11.008000000000001,nan,nan,nan,EVADIENDO,0.06086948777480934
11.040000000000001,nan,nan,nan,EVADIENDO,0.06086948777480934
11.072000000000001,nan,nan,nan,EVADIENDO,0.06086948777480934
11.104000000000001,nan,nan,nan,EVADIENDO,0.06086948777480934
11.136000000000001,nan,nan,nan,EVADIENDO,0.06086948777480934
11.168000000000001,nan,nan,nan,EVADIENDO,0.06086948777480934
11.200000000000001,nan,nan,nan,EVADIENDO,0.06086948777480934
11.232000000000001,nan,nan,nan,EVADIENDO,0.06086948777480934
11.264,nan,nan,nan,EVADIENDO,0.06086948777480934
11.296,nan,nan,nan,EVADIENDO,0.06086948777480934
11.328,nan,nan,nan,EVADIENDO,0.06086948777480934
11.36,nan,nan,nan,EVADIENDO,0.06086948777480934
11.392,nan,nan,nan,EVADIENDO,0.06086948777480934
11.424,nan,nan,nan,EVADIENDO,0.06086948777480934
11.456,nan,nan,nan,EVADIENDO,0.06086948777480934
11.488,nan,nan,nan,EVADIENDO,0.06086948777480934
11.52,nan,nan,nan,EVADIENDO,0.06086948777480934
11.552,nan,nan,nan,EVADIENDO,0.06086948777480934
11.584,nan,nan,nan,EVADIENDO,0.06086948777480934
11.616,nan,nan,nan,EVADIENDO,0.06086948777480934
11.648,nan,nan,nan,EVADIENDO,0.06086948777480934
11.68,nan,nan,nan,EVADIENDO,0.06086948777480934
11.712,nan,nan,nan,EVADIENDO,0.06086948777480934
11.744,nan,nan,nan,EVADIENDO,0.06086948777480934
11.776,nan,nan,nan,EVADIENDO,0.06086948777480934
11.808,nan,nan,nan,EVADIENDO,0.06086948777480934
11.84,nan,nan,nan,EVADIENDO,0.06086948777480934
11.872,nan,nan,nan,EVADIENDO,0.06086948777480934
11.904,nan,nan,nan,EVADIENDO,0.06086948777480934
11.936,nan,nan,nan,EVADIENDO,0.06086948777480934
11.968,nan,nan,nan,EVADIENDO,0.06086948777480934
12.0,nan,nan,nan,EVADIENDO,0.06086948777480934
12.032,nan,nan,nan,EVADIENDO,0.06086948777480934
12.064,nan,nan,nan,EVADIENDO,0.06086948777480934
12.096,nan,nan,nan,EVADIENDO,0.06086948777480934
12.128,nan,nan,nan,EVADIENDO,0.06086948777480934
12.16,nan,nan,nan,EVADIENDO,0.06086948777480934
12.192,nan,nan,nan,EVADIENDO,0.06086948777480934
12.224,nan,nan,nan,EVADIENDO,0.06086948777480934
12.256,nan,nan,nan,EVADIENDO,0.06086948777480934
12.288,nan,nan,nan,EVADIENDO,0.06086948777480934
12.32,nan,nan,nan,EVADIENDO,0.06086948777480934
12.352,nan,nan,nan,EVADIENDO,0.06086948777480934
12.384,nan,nan,nan,EVADIENDO,0.06086948777480934
12.416,nan,nan,nan,EVADIENDO,0.06086948777480934
12.448,nan,nan,nan,EVADIENDO,0.06086948777480934
12.48,nan,nan,nan,EVADIENDO,0.06086948777480934
12.512,nan,nan,nan,EVADIENDO,0.06086948777480934
12.544,nan,nan,nan,EVADIENDO,0.06086948777480934
12.576,nan,nan,nan,EVADIENDO,0.06086948777480934
12.608,nan,nan,nan,EVADIENDO,0.06086948777480934
12.64,nan,nan,nan,EVADIENDO,0.06086948777480934
12.672,nan,nan,nan,EVADIENDO,0.06086948777480934
12.704,nan,nan,nan,EVADIENDO,0.06086948777480934
12.736,nan,nan,nan,EVADIENDO,0.06086948777480934
12.768,nan,nan,nan,EVADIENDO,0.06086948777480934
12.8,nan,nan,nan,EVADIENDO,0.06086948777480934
12.832,nan,nan,nan,EVADIENDO,0.06086948777480934
12.864,nan,nan,nan,EVADIENDO,0.06086948777480934
12.896,nan,nan,nan,EVADIENDO,0.06086948777480934
12.928,nan,nan,nan,EVADIENDO,0.06086948777480934
12.96,nan,nan,nan,EVADIENDO,0.06086948777480934
12.992,nan,nan,nan,EVADIENDO,0.06086948777480934
13.024000000000001,nan,nan,nan,EVADIENDO,0.06086948777480934
13.056000000000001,nan,nan,nan,EVADIENDO,0.06086948777480934
13.088000000000001,nan,nan,nan,EVADIENDO,0.06086948777480934
13.120000000000001,nan,nan,nan,EVADIENDO,0.06086948777480934
13.152000000000001,nan,nan,nan,EVADIENDO,0.06086948777480934
13.184000000000001,nan,nan,nan,EVADIENDO,0.06086948777480934
13.216000000000001,nan,nan,nan,EVADIENDO,0.06086948777480934
13.248000000000001,nan,nan,nan,EVADIENDO,0.06086948777480934
13.280000000000001,nan,nan,nan,EVADIENDO,0.06086948777480934
13.312000000000001,nan,nan,nan,EVADIENDO,0.06086948777480934
13.344,nan,nan,nan,EVADIENDO,0.06086948777480934
13.376,nan,nan,nan,EVADIENDO,0.06086948777480934
13.408,nan,nan,nan,EVADIENDO,0.06086948777480934
13.44,nan,nan,nan,EVADIENDO,0.06086948777480934
13.472,nan,nan,nan,EVADIENDO,0.06086948777480934
13.504,nan,nan,nan,EVADIENDO,0.06086948777480934
13.536,nan,nan,nan,EVADIENDO,0.06086948777480934
13.568,nan,nan,nan,EVADIENDO,0.06086948777480934
13.6,nan,nan,nan,EVADIENDO,0.06086948777480934
13.632,nan,nan,nan,EVADIENDO,0.06086948777480934
13.664,nan,nan,nan,EVADIENDO,0.06086948777480934
13.696,nan,nan,nan,EVADIENDO,0.06086948777480934
13.728,nan,nan,nan,EVADIENDO,0.06086948777480934
13.76,nan,nan,nan,EVADIENDO,0.06086948777480934
13.792,nan,nan,nan,EVADIENDO,0.06086948777480934
13.824,nan,nan,nan,EVADIENDO,0.06086948777480934
13.856,nan,nan,nan,EVADIENDO,0.06086948777480934
13.888,nan,nan,nan,EVADIENDO,0.06086948777480934
13.92,nan,nan,nan,EVADIENDO,0.06086948777480934
13.952,nan,nan,nan,EVADIENDO,0.06086948777480934
13.984,nan,nan,nan,EVADIENDO,0.06086948777480934
14.016,nan,nan,nan,EVADIENDO,0.06086948777480934
14.048,nan,nan,nan,EVADIENDO,0.06086948777480934
14.08,nan,nan,nan,EVADIENDO,0.06086948777480934
14.112,nan,nan,nan,EVADIENDO,0.06086948777480934
14.144,nan,nan,nan,EVADIENDO,0.06086948777480934
14.176,nan,nan,nan,EVADIENDO,0.06086948777480934
14.208,nan,nan,nan,EVADIENDO,0.06086948777480934
14.24,nan,nan,nan,EVADIENDO,0.06086948777480934
14.272,nan,nan,nan,EVADIENDO,0.06086948777480934
14.304,nan,nan,nan,EVADIENDO,0.06086948777480934
14.336,nan,nan,nan,EVADIENDO,0.06086948777480934
14.368,nan,nan,nan,EVADIENDO,0.06086948777480934
14.4,nan,nan,nan,EVADIENDO,0.06086948777480934
14.432,nan,nan,nan,EVADIENDO,0.06086948777480934
14.464,nan,nan,nan,EVADIENDO,0.06086948777480934
14.496,nan,nan,nan,EVADIENDO,0.06086948777480934
14.528,nan,nan,nan,EVADIENDO,0.06086948777480934
14.56,nan,nan,nan,EVADIENDO,0.06086948777480934
14.592,nan,nan,nan,EVADIENDO,0.06086948777480934
14.624,nan,nan,nan,EVADIENDO,0.06086948777480934
14.656,nan,nan,nan,EVADIENDO,0.06086948777480934
14.688,nan,nan,nan,EVADIENDO,0.06086948777480934
14.72,nan,nan,nan,EVADIENDO,0.06086948777480934
14.752,nan,nan,nan,EVADIENDO,0.06086948777480934
14.784,nan,nan,nan,EVADIENDO,0.06086948777480934
14.816,nan,nan,nan,EVADIENDO,0.06086948777480934
14.848,nan,nan,nan,EVADIENDO,0.06086948777480934
14.88,nan,nan,nan,EVADIENDO,0.06086948777480934
14.912,nan,nan,nan,EVADIENDO,0.06086948777480934
14.944,nan,nan,nan,EVADIENDO,0.06086948777480934
14.976,nan,nan,nan,EVADIENDO,0.06086948777480934
15.008000000000001,nan,nan,nan,EVADIENDO,0.06086948777480934
15.040000000000001,nan,nan,nan,EVADIENDO,0.06086948777480934
15.072000000000001,nan,nan,nan,EVADIENDO,0.06086948777480934
15.104000000000001,nan,nan,nan,EVADIENDO,0.06086948777480934
15.136000000000001,nan,nan,nan,EVADIENDO,0.06086948777480934
15.168000000000001,nan,nan,nan,EVADIENDO,0.06086948777480934
15.200000000000001,nan,nan,nan,EVADIENDO,0.06086948777480934
15.232000000000001,nan,nan,nan,EVADIENDO,0.06086948777480934
15.264000000000001,nan,nan,nan,EVADIENDO,0.06086948777480934
15.296000000000001,nan,nan,nan,EVADIENDO,0.06086948777480934
15.328000000000001,nan,nan,nan,EVADIENDO,0.06086948777480934
15.36,nan,nan,nan,EVADIENDO,0.06086948777480934
15.392,nan,nan,nan,EVADIENDO,0.06086948777480934
15.424,nan,nan,nan,EVADIENDO,0.06086948777480934
15.456,nan,nan,nan,EVADIENDO,0.06086948777480934
15.488,nan,nan,nan,EVADIENDO,0.06086948777480934
15.52,nan,nan,nan,EVADIENDO,0.06086948777480934
15.552,nan,nan,nan,EVADIENDO,0.06086948777480934
15.584,nan,nan,nan,EVADIENDO,0.06086948777480934
15.616,nan,nan,nan,EVADIENDO,0.06086948777480934
15.648,nan,nan,nan,EVADIENDO,0.06086948777480934
15.68,nan,nan,nan,EVADIENDO,0.06086948777480934
15.712,nan,nan,nan,EVADIENDO,0.06086948777480934
15.744,nan,nan,nan,EVADIENDO,0.06086948777480934
15.776,nan,nan,nan,EVADIENDO,0.06086948777480934
15.808,nan,nan,nan,EVADIENDO,0.06086948777480934
15.84,nan,nan,nan,EVADIENDO,0.06086948777480934
15.872,nan,nan,nan,EVADIENDO,0.06086948777480934
15.904,nan,nan,nan,EVADIENDO,0.06086948777480934
15.936,nan,nan,nan,EVADIENDO,0.06086948777480934
15.968,nan,nan,nan,EVADIENDO,0.06086948777480934
16.0,nan,nan,nan,EVADIENDO,0.06086948777480934
16.032,nan,nan,nan,SEGUIR_RUTA,0.06086948777480934
16.064,nan,nan,nan,EVADIENDO,0.040812915675936784
16.096,nan,nan,nan,EVADIENDO,0.040812915675936784
16.128,nan,nan,nan,EVADIENDO,0.040812915675936784
16.16,nan,nan,nan,EVADIENDO,0.040812915675936784
16.192,nan,nan,nan,EVADIENDO,0.040812915675936784
16.224,nan,nan,nan,EVADIENDO,0.040812915675936784
16.256,nan,nan,nan,EVADIENDO,0.040812915675936784
16.288,nan,nan,nan,EVADIENDO,0.040812915675936784
16.32,nan,nan,nan,EVADIENDO,0.040812915675936784
16.352,nan,nan,nan,EVADIENDO,0.040812915675936784
16.384,nan,nan,nan,EVADIENDO,0.040812915675936784
16.416,nan,nan,nan,EVADIENDO,0.040812915675936784
16.448,nan,nan,nan,EVADIENDO,0.040812915675936784
16.48,nan,nan,nan,EVADIENDO,0.040812915675936784
16.512,nan,nan,nan,EVADIENDO,0.040812915675936784
16.544,nan,nan,nan,EVADIENDO,0.040812915675936784
16.576,nan,nan,nan,EVADIENDO,0.040812915675936784
16.608,nan,nan,nan,EVADIENDO,0.040812915675936784
16.64,nan,nan,nan,EVADIENDO,0.040812915675936784
16.672,nan,nan,nan,EVADIENDO,0.040812915675936784
16.704,nan,nan,nan,EVADIENDO,0.040812915675936784
16.736,nan,nan,nan,EVADIENDO,0.040812915675936784
16.768,nan,nan,nan,EVADIENDO,0.040812915675936784
16.8,nan,nan,nan,EVADIENDO,0.040812915675936784
16.832,nan,nan,nan,EVADIENDO,0.040812915675936784
16.864,nan,nan,nan,EVADIENDO,0.040812915675936784
16.896,nan,nan,nan,EVADIENDO,0.040812915675936784
16.928,nan,nan,nan,EVADIENDO,0.040812915675936784
16.96,nan,nan,nan,EVADIENDO,0.040812915675936784
16.992,nan,nan,nan,EVADIENDO,0.040812915675936784
17.024,nan,nan,nan,EVADIENDO,0.040812915675936784
17.056,nan,nan,nan,EVADIENDO,0.040812915675936784
17.088,nan,nan,nan,EVADIENDO,0.040812915675936784
17.12,nan,nan,nan,EVADIENDO,0.040812915675936784
17.152,nan,nan,nan,EVADIENDO,0.040812915675936784
17.184,nan,nan,nan,EVADIENDO,0.040812915675936784
17.216,nan,nan,nan,EVADIENDO,0.040812915675936784
17.248,nan,nan,nan,EVADIENDO,0.040812915675936784
17.28,nan,nan,nan,EVADIENDO,0.040812915675936784
17.312,nan,nan,nan,EVADIENDO,0.040812915675936784
17.344,nan,nan,nan,EVADIENDO,0.040812915675936784
17.376,nan,nan,nan,EVADIENDO,0.040812915675936784
17.408,nan,nan,nan,EVADIENDO,0.040812915675936784
17.44,nan,nan,nan,EVADIENDO,0.040812915675936784
17.472,nan,nan,nan,EVADIENDO,0.040812915675936784
17.504,nan,nan,nan,EVADIENDO,0.040812915675936784
17.536,nan,nan,nan,EVADIENDO,0.040812915675936784
17.568,nan,nan,nan,EVADIENDO,0.040812915675936784
17.6,nan,nan,nan,EVADIENDO,0.040812915675936784
17.632,nan,nan,nan,EVADIENDO,0.040812915675936784
17.664,nan,nan,nan,EVADIENDO,0.040812915675936784
17.696,nan,nan,nan,EVADIENDO,0.040812915675936784
17.728,nan,nan,nan,EVADIENDO,0.040812915675936784
17.76,nan,nan,nan,EVADIENDO,0.040812915675936784
17.792,nan,nan,nan,EVADIENDO,0.040812915675936784
17.824,nan,nan,nan,EVADIENDO,0.040812915675936784
17.856,nan,nan,nan,EVADIENDO,0.040812915675936784
17.888,nan,nan,nan,EVADIENDO,0.040812915675936784
17.92,nan,nan,nan,EVADIENDO,0.040812915675936784
17.952,nan,nan,nan,EVADIENDO,0.040812915675936784
17.984,nan,nan,nan,EVADIENDO,0.040812915675936784
18.016000000000002,nan,nan,nan,EVADIENDO,0.040812915675936784
18.048000000000002,nan,nan,nan,EVADIENDO,0.040812915675936784
18.080000000000002,nan,nan,nan,EVADIENDO,0.040812915675936784
18.112000000000002,nan,nan,nan,EVADIENDO,0.040812915675936784
18.144000000000002,nan,nan,nan,EVADIENDO,0.040812915675936784
18.176000000000002,nan,nan,nan,EVADIENDO,0.040812915675936784
18.208000000000002,nan,nan,nan,EVADIENDO,0.040812915675936784
18.240000000000002,nan,nan,nan,EVADIENDO,0.040812915675936784
18.272000000000002,nan,nan,nan,EVADIENDO,0.040812915675936784
18.304000000000002,nan,nan,nan,EVADIENDO,0.040812915675936784
18.336000000000002,nan,nan,nan,EVADIENDO,0.040812915675936784
18.368000000000002,nan,nan,nan,EVADIENDO,0.040812915675936784
18.400000000000002,nan,nan,nan,EVADIENDO,0.040812915675936784
18.432000000000002,nan,nan,nan,EVADIENDO,0.040812915675936784
18.464,nan,nan,nan,EVADIENDO,0.040812915675936784
18.496,nan,nan,nan,EVADIENDO,0.040812915675936784
18.528,nan,nan,nan,EVADIENDO,0.040812915675936784
18.56,nan,nan,nan,EVADIENDO,0.040812915675936784
18.592,nan,nan,nan,EVADIENDO,0.040812915675936784
18.624,nan,nan,nan,EVADIENDO,0.040812915675936784
18.656,nan,nan,nan,EVADIENDO,0.040812915675936784
18.688,nan,nan,nan,EVADIENDO,0.040812915675936784
18.72,nan,nan,nan,EVADIENDO,0.040812915675936784
18.752,nan,nan,nan,EVADIENDO,0.040812915675936784
18.784,nan,nan,nan,EVADIENDO,0.040812915675936784
18.816,nan,nan,nan,EVADIENDO,0.040812915675936784
18.848,nan,nan,nan,SEGUIR_RUTA,0.040812915675936784
18.88,nan,nan,nan,SEGUIR_RUTA,0.10435767514617342
18.912,nan,nan,nan,SEGUIR_RUTA,0.10433061244294439
18.944,nan,nan,nan,SEGUIR_RUTA,0.10380399149543448
18.976,nan,nan,nan,SEGUIR_RUTA,0.10337031758579948
19.008,nan,nan,nan,SEGUIR_RUTA,0.10484297779139888
19.04,nan,nan,nan,SEGUIR_RUTA,0.10339457752460926
19.072,nan,nan,nan,SEGUIR_RUTA,0.10293674459462729
19.104,nan,nan,nan,SEGUIR_RUTA,0.10328321900091002
19.136,nan,nan,nan,SEGUIR_RUTA,0.10285396858034788
19.168,nan,nan,nan,SEGUIR_RUTA,0.10198102079691976
19.2,nan,nan,nan,SEGUIR_RUTA,0.10268980386784071
19.232,nan,nan,nan,SEGUIR_RUTA,0.10278871645660538
19.264,nan,nan,nan,SEGUIR_RUTA,0.1025693739355806
19.296,nan,nan,nan,SEGUIR_RUTA,0.10224991807691268
19.328,nan,nan,nan,SEGUIR_RUTA,0.10261682801158244
19.36,nan,nan,nan,SEGUIR_RUTA,0.10238325637926603
19.392,nan,nan,nan,SEGUIR_RUTA,0.10293519924214502
19.424,nan,nan,nan,SEGUIR_RUTA,0.10373317163212822
19.456,nan,nan,nan,SEGUIR_RUTA,0.10310283142669004
19.488,nan,nan,nan,SEGUIR_RUTA,0.10321423481761044
19.52,nan,nan,nan,SEGUIR_RUTA,0.10328840661982314
19.552,nan,nan,nan,SEGUIR_RUTA,0.10236128999458198
19.584,nan,nan,nan,SEGUIR_RUTA,0.10321259607271163
19.616,nan,nan,nan,SEGUIR_RUTA,0.10388214531301476
19.648,nan,nan,nan,SEGUIR_RUTA,0.10322908637608902
19.68,nan,nan,nan,SEGUIR_RUTA,0.10322806363050487
19.712,nan,nan,nan,SEGUIR_RUTA,0.10321489474382035
19.744,nan,nan,nan,SEGUIR_RUTA,0.1034827508701639
19.776,nan,nan,nan,SEGUIR_RUTA,0.10504220502184469
19.808,nan,nan,nan,SEGUIR_RUTA,0.10498856783204874
19.84,nan,nan,nan,SEGUIR_RUTA,0.10400601184382664
19.872,nan,nan,nan,SEGUIR_RUTA,0.10407429393479693
19.904,nan,nan,nan,SEGUIR_RUTA,0.10325755462994791
19.936,nan,nan,nan,SEGUIR_RUTA,0.10210423043850525
19.968,nan,nan,nan,SEGUIR_RUTA,0.1019481155371952
20.0,nan,nan,nan,SEGUIR_RUTA,0.10286276815457891
20.032,nan,nan,nan,SEGUIR_RUTA,0.10311532180127267
20.064,nan,nan,nan,SEGUIR_RUTA,0.10219173658521304
20.096,nan,nan,nan,SEGUIR_RUTA,0.10297672606705682
20.128,nan,nan,nan,SEGUIR_RUTA,0.10258998502435834
20.16,nan,nan,nan,SEGUIR_RUTA,0.1024005882952783
20.192,nan,nan,nan,SEGUIR_RUTA,0.10175900063397846
20.224,nan,nan,nan,SEGUIR_RUTA,0.1027549377744747
20.256,nan,nan,nan,SEGUIR_RUTA,0.10135587528298341
20.288,nan,nan,nan,SEGUIR_RUTA,0.10184071703528798
20.32,nan,nan,nan,SEGUIR_RUTA,0.10241636550274763
20.352,nan,nan,nan,SEGUIR_RUTA,0.10238273693190689
20.384,nan,nan,nan,SEGUIR_RUTA,0.10222811180643433
20.416,nan,nan,nan,SEGUIR_RUTA,0.10227179836362112
20.448,nan,nan,nan,SEGUIR_RUTA,0.1026346891611862
20.48,nan,nan,nan,SEGUIR_RUTA,0.10322843773296465
20.512,nan,nan,nan,SEGUIR_RUTA,0.10231909544274974
20.544,nan,nan,nan,SEGUIR_RUTA,0.10225590659388954
20.576,nan,nan,nan,SEGUIR_RUTA,0.10245132156794985
20.608,nan,nan,nan,SEGUIR_RUTA,0.10230461199451295
20.64,nan,nan,nan,SEGUIR_RUTA,0.10275996893730893
20.672,nan,nan,nan,SEGUIR_RUTA,0.10240000267022047
20.704,nan,nan,nan,SEGUIR_RUTA,0.10169756401927493
20.736,nan,nan,nan,SEGUIR_RUTA,0.10215267925214343
20.768,nan,nan,nan,SEGUIR_RUTA,0.10239754969400712
20.8,nan,nan,nan,SEGUIR_RUTA,0.10292376367072684
20.832,nan,nan,nan,SEGUIR_RUTA,0.10261005348607138
20.864,nan,nan,nan,SEGUIR_RUTA,0.10232817291242509
20.896,nan,nan,nan,SEGUIR_RUTA,0.10326283214785134
20.928,nan,nan,nan,SEGUIR_RUTA,0.10282430022972275
20.96,nan,nan,nan,SEGUIR_RUTA,0.10104893109232273
20.992,nan,nan,nan,SEGUIR_RUTA,0.10197135194867794
21.024,nan,nan,nan,SEGUIR_RUTA,0.10079695610275705
21.056,nan,nan,nan,SEGUIR_RUTA,0.1019636351946194
21.088,nan,nan,nan,SEGUIR_RUTA,0.10267954737784137
21.12,nan,nan,nan,SEGUIR_RUTA,0.10307959928711105
21.152,nan,nan,nan,SEGUIR_RUTA,0.10427972117341067
21.184,nan,nan,nan,SEGUIR_RUTA,0.10362338670877227
21.216,nan,nan,nan,SEGUIR_RUTA,0.10300904348507586
21.248,nan,nan,nan,SEGUIR_RUTA,0.1025699260929261
21.28,nan,nan,nan,SEGUIR_RUTA,0.10235526550767676
21.312,nan,nan,nan,SEGUIR_RUTA,0.10266428113903008
21.344,nan,nan,nan,SEGUIR_RUTA,0.10278420845262004
21.376,nan,nan,nan,SEGUIR_RUTA,0.10327114302778886
21.408,nan,nan,nan,SEGUIR_RUTA,0.10355144315802807
21.44,nan,nan,nan,SEGUIR_RUTA,0.10255645155961841
21.472,nan,nan,nan,SEGUIR_RUTA,0.10299248464184
21.504,nan,nan,nan,SEGUIR_RUTA,0.10255144110432836
21.536,nan,nan,nan,SEGUIR_RUTA,0.10269572196739842
21.568,nan,nan,nan,SEGUIR_RUTA,0.10135285446160157
21.6,nan,nan,nan,SEGUIR_RUTA,0.10233406766467705
21.632,nan,nan,nan,SEGUIR_RUTA,0.10316302418625782
21.664,nan,nan,nan,SEGUIR_RUTA,0.10343922210266814
21.696,nan,nan,nan,SEGUIR_RUTA,0.10398216925706044
21.728,nan,nan,nan,SEGUIR_RUTA,0.10415287085481227
21.76,nan,nan,nan,SEGUIR_RUTA,0.10470818763769738
21.792,nan,nan,nan,SEGUIR_RUTA,0.10329935866556109
21.824,nan,nan,nan,SEGUIR_RUTA,0.10295048262311773
21.856,nan,nan,nan,SEGUIR_RUTA,0.10360624378520791
21.888,nan,nan,nan,SEGUIR_RUTA,0.10463080790858265
21.92,nan,nan,nan,SEGUIR_RUTA,0.10411053521952511
21.952,nan,nan,nan,SEGUIR_RUTA,0.10446102116064224
21.984,nan,nan,nan,SEGUIR_RUTA,0.10368815325901713
22.016000000000002,nan,nan,nan,SEGUIR_RUTA,0.10292300440253066
22.048000000000002,nan,nan,nan,SEGUIR_RUTA,0.10380421152298032
22.080000000000002,nan,nan,nan,SEGUIR_RUTA,0.10337322816432065
22.112000000000002,nan,nan,nan,SEGUIR_RUTA,0.10279477908389444
22.144000000000002,nan,nan,nan,SEGUIR_RUTA,0.10248711605910564
22.176000000000002,nan,nan,nan,SEGUIR_RUTA,0.10285899160940148
22.208000000000002,nan,nan,nan,SEGUIR_RUTA,0.10329083391494881
22.240000000000002,nan,nan,nan,SEGUIR_RUTA,0.10397556991721488
22.272000000000002,nan,nan,nan,SEGUIR_RUTA,0.10399044160589854
22.304000000000002,nan,nan,nan,SEGUIR_RUTA,0.10288283210649479
22.336000000000002,nan,nan,nan,SEGUIR_RUTA,0.1030618885075786
22.368000000000002,nan,nan,nan,SEGUIR_RUTA,0.10249408988614078
22.400000000000002,nan,nan,nan,SEGUIR_RUTA,0.10365637954219828
22.432000000000002,nan,nan,nan,SEGUIR_RUTA,0.10332682438440859
22.464000000000002,nan,nan,nan,SEGUIR_RUTA,0.1030112238753712
22.496000000000002,nan,nan,nan,SEGUIR_RUTA,0.1033570194964336
22.528,nan,nan,nan,SEGUIR_RUTA,0.10251679178824177
22.56,nan,nan,nan,SEGUIR_RUTA,0.10294128905698133
22.592,nan,nan,nan,SEGUIR_RUTA,0.10241593858900418
22.624,nan,nan,nan,SEGUIR_RUTA,0.10276778174875277
22.656,nan,nan,nan,SEGUIR_RUTA,0.10181058117833619
22.688,nan,nan,nan,SEGUIR_RUTA,0.10144534736349581
22.72,nan,nan,nan,SEGUIR_RUTA,0.10243026590870008
22.752,nan,nan,nan,SEGUIR_RUTA,0.10284839095544386
22.784,nan,nan,nan,SEGUIR_RUTA,0.10404755989647974
22.816,nan,nan,nan,SEGUIR_RUTA,0.10334598962571782
22.848,nan,nan,nan,SEGUIR_RUTA,0.10493233622439391
22.88,nan,nan,nan,SEGUIR_RUTA,0.10251559380895008
22.912,nan,nan,nan,SEGUIR_RUTA,0.10348960543338716
22.944,nan,nan,nan,SEGUIR_RUTA,0.10344512507314045
22.976,nan,nan,nan,SEGUIR_RUTA,0.10253779150014594
23.008,nan,nan,nan,SEGUIR_RUTA,0.10217441927946785
23.04,nan,nan,nan,SEGUIR_RUTA,0.1024485257926909
23.072,nan,nan,nan,SEGUIR_RUTA,0.10346188249986019
23.104,nan,nan,nan,SEGUIR_RUTA,0.10318967049434183
23.136,nan,nan,nan,SEGUIR_RUTA,0.10292505107904677
23.168,nan,nan,nan,SEGUIR_RUTA,0.10395842326647789
23.2,nan,nan,nan,SEGUIR_RUTA,0.10306175806592845
23.232,nan,nan,nan,SEGUIR_RUTA,0.10296237286364521
23.264,nan,nan,nan,SEGUIR_RUTA,0.1025019501279925
23.296,nan,nan,nan,SEGUIR_RUTA,0.10265581332969224
23.328,nan,nan,nan,SEGUIR_RUTA,0.1028988761733561
23.36,nan,nan,nan,SEGUIR_RUTA,0.10289080277846455
23.392,nan,nan,nan,SEGUIR_RUTA,0.10343874723767411
23.424,nan,nan,nan,SEGUIR_RUTA,0.10208866586768746
23.456,nan,nan,nan,SEGUIR_RUTA,0.10224887464742778
23.488,nan,nan,nan,SEGUIR_RUTA,0.1023362666771753
23.52,nan,nan,nan,SEGUIR_RUTA,0.10359755805871461
23.552,nan,nan,nan,SEGUIR_RUTA,0.10365373710792375
23.584,nan,nan,nan,SEGUIR_RUTA,0.1036847446792631
23.616,nan,nan,nan,SEGUIR_RUTA,0.10316499642180581
23.648,nan,nan,nan,SEGUIR_RUTA,0.10361124330901761
23.68,nan,nan,nan,SEGUIR_RUTA,0.10416684318323281
23.712,nan,nan,nan,SEGUIR_RUTA,0.10382293017725344
23.744,nan,nan,nan,SEGUIR_RUTA,0.10311170845525959
23.776,nan,nan,nan,SEGUIR_RUTA,0.10291400120149297
23.808,nan,nan,nan,SEGUIR_RUTA,0.10299033655620914
23.84,nan,nan,nan,SEGUIR_RUTA,0.10258667642103184
23.872,nan,nan,nan,SEGUIR_RUTA,0.10239896672892318
23.904,nan,nan,nan,SEGUIR_RUTA,0.10284790105899487
23.936,nan,nan,nan,SEGUIR_RUTA,0.10258530556286201
23.968,nan,nan,nan,SEGUIR_RUTA,0.10274329446410355
24.0,nan,nan,nan,SEGUIR_RUTA,0.10303568514735194
24.032,nan,nan,nan,SEGUIR_RUTA,0.10190638226624606
24.064,nan,nan,nan,SEGUIR_RUTA,0.1029388869227485
24.096,nan,nan,nan,SEGUIR_RUTA,0.10336679187248306
24.128,nan,nan,nan,SEGUIR_RUTA,0.10359117422645919
24.16,nan,nan,nan,SEGUIR_RUTA,0.10333763206980805
24.192,nan,nan,nan,SEGUIR_RUTA,0.10249237232382288
24.224,nan,nan,nan,SEGUIR_RUTA,0.10308670936360126
24.256,nan,nan,nan,SEGUIR_RUTA,0.10318379856788736
24.288,nan,nan,nan,SEGUIR_RUTA,0.10258238960448306
24.32,nan,nan,nan,SEGUIR_RUTA,0.10188030394284608
24.352,nan,nan,nan,SEGUIR_RUTA,0.10280740766427487
24.384,nan,nan,nan,SEGUIR_RUTA,0.1030955003087207
24.416,nan,nan,nan,SEGUIR_RUTA,0.10386967524323885
24.448,nan,nan,nan,SEGUIR_RUTA,0.10360710684797111
24.48,nan,nan,nan,SEGUIR_RUTA,0.1034754626975473
24.512,nan,nan,nan,SEGUIR_RUTA,0.10297198739823009
24.544,nan,nan,nan,SEGUIR_RUTA,0.1024888671536004
24.576,nan,nan,nan,SEGUIR_RUTA,0.10291079532062376
24.608,nan,nan,nan,SEGUIR_RUTA,0.10287044580228949
24.64,nan,nan,nan,SEGUIR_RUTA,0.10298452587849478
24.672,nan,nan,nan,SEGUIR_RUTA,0.10365347789708806
24.704,nan,nan,nan,SEGUIR_RUTA,0.10235358026618539
24.736,nan,nan,nan,SEGUIR_RUTA,0.10207289642585025
24.768,nan,nan,nan,SEGUIR_RUTA,0.10268178830202383
24.8,nan,nan,nan,SEGUIR_RUTA,0.10296366189615816
24.832,nan,nan,nan,SEGUIR_RUTA,0.10270768739289736
24.864,nan,nan,nan,SEGUIR_RUTA,0.10235309883567824
24.896,nan,nan,nan,SEGUIR_RUTA,0.1020915566914219
24.928,nan,nan,nan,SEGUIR_RUTA,0.10166887878678166
24.96,nan,nan,nan,SEGUIR_RUTA,0.10205560104118752
24.992,nan,nan,nan,SEGUIR_RUTA,0.10181190125825963
25.024,nan,nan,nan,SEGUIR_RUTA,0.10278934516356047
25.056,nan,nan,nan,SEGUIR_RUTA,0.10325818896981101
25.088,nan,nan,nan,SEGUIR_RUTA,0.10288248309479621
25.12,nan,nan,nan,SEGUIR_RUTA,0.10310239836452943
25.152,nan,nan,nan,SEGUIR_RUTA,0.10337372229655245
25.184,nan,nan,nan,SEGUIR_RUTA,0.10324190635375542
25.216,nan,nan,nan,SEGUIR_RUTA,0.10349802811782145
25.248,nan,nan,nan,SEGUIR_RUTA,0.10338936945194638
25.28,nan,nan,nan,SEGUIR_RUTA,0.10272274936699359
25.312,nan,nan,nan,SEGUIR_RUTA,0.1025411759621296
25.344,nan,nan,nan,SEGUIR_RUTA,0.10308809825732557
25.376,nan,nan,nan,SEGUIR_RUTA,0.10289328611776442
25.408,nan,nan,nan,SEGUIR_RUTA,0.10256064976377402
25.44,nan,nan,nan,SEGUIR_RUTA,0.10264016094542838
25.472,nan,nan,nan,SEGUIR_RUTA,0.10349112935163912
25.504,nan,nan,nan,SEGUIR_RUTA,0.10387740923291947
25.536,nan,nan,nan,SEGUIR_RUTA,0.10289647249612555
25.568,nan,nan,nan,SEGUIR_RUTA,0.10299022750078028
25.6,nan,nan,nan,SEGUIR_RUTA,0.10301732558648234
25.632,nan,nan,nan,SEGUIR_RUTA,0.10280170731616821
25.664,nan,nan,nan,SEGUIR_RUTA,0.10238059488474421
25.696,nan,nan,nan,SEGUIR_RUTA,0.1009791848469667
25.728,nan,nan,nan,SEGUIR_RUTA,0.10062025344249312
25.76,nan,nan,nan,SEGUIR_RUTA,0.10035763359975176
25.792,nan,nan,nan,SEGUIR_RUTA,0.10066484552932187
25.824,nan,nan,nan,SEGUIR_RUTA,0.1011035651572054
25.856,nan,nan,nan,SEGUIR_RUTA,0.10258061142169193
25.888,nan,nan,nan,SEGUIR_RUTA,0.10217373930020408
25.92,nan,nan,nan,SEGUIR_RUTA,0.10239264470196523
25.952,nan,nan,nan,SEGUIR_RUTA,0.10176047863157847
25.984,nan,nan,nan,SEGUIR_RUTA,0.1022239925285873
26.016000000000002,nan,nan,nan,SEGUIR_RUTA,0.10348338658834175
26.048000000000002,nan,nan,nan,SEGUIR_RUTA,0.10331358586458185
26.080000000000002,nan,nan,nan,SEGUIR_RUTA,0.10234842863012136
26.112000000000002,nan,nan,nan,SEGUIR_RUTA,0.10295519998310013
26.144000000000002,nan,nan,nan,SEGUIR_RUTA,0.1022447249844715
26.176000000000002,nan,nan,nan,SEGUIR_RUTA,0.10256379502488855
26.208000000000002,nan,nan,nan,SEGUIR_RUTA,0.10201699206414329
26.240000000000002,nan,nan,nan,SEGUIR_RUTA,0.10273098214187909
26.272000000000002,nan,nan,nan,SEGUIR_RUTA,0.10313665034425447
26.304000000000002,nan,nan,nan,SEGUIR_RUTA,0.10325254295543347
26.336000000000002,nan,nan,nan,SEGUIR_RUTA,0.10246967424555552
26.368000000000002,nan,nan,nan,SEGUIR_RUTA,0.10215644966155933
26.400000000000002,nan,nan,nan,SEGUIR_RUTA,0.10272681361999592
26.432000000000002,nan,nan,nan,SEGUIR_RUTA,0.10163389837794573
26.464000000000002,nan,nan,nan,SEGUIR_RUTA,0.10216747401790849
26.496000000000002,nan,nan,nan,SEGUIR_RUTA,0.10237966827245275
26.528000000000002,nan,nan,nan,SEGUIR_RUTA,0.10206335911139625
26.560000000000002,nan,nan,nan,SEGUIR_RUTA,0.10250604411470288
26.592000000000002,nan,nan,nan,SEGUIR_RUTA,0.10264990027334875
26.624000000000002,nan,nan,nan,SEGUIR_RUTA,0.10233161397444293
26.656,nan,nan,nan,SEGUIR_RUTA,0.10209644252619142
26.688,nan,nan,nan,SEGUIR_RUTA,0.10212595522233787
26.72,nan,nan,nan,SEGUIR_RUTA,0.10222564307934387
26.752,nan,nan,nan,SEGUIR_RUTA,0.10225113780138136
26.784,nan,nan,nan,SEGUIR_RUTA,0.1026573445466352
26.816,nan,nan,nan,SEGUIR_RUTA,0.1019281369095243
26.848,nan,nan,nan,SEGUIR_RUTA,0.10162026366768866
26.88,nan,nan,nan,SEGUIR_RUTA,0.10202653188389897
26.912,nan,nan,nan,SEGUIR_RUTA,0.10202508976145701
26.944,nan,nan,nan,SEGUIR_RUTA,0.10210661033439522
26.976,nan,nan,nan,SEGUIR_RUTA,0.10272705411129321
27.008,nan,nan,nan,SEGUIR_RUTA,0.10297154136752365
27.04,nan,nan,nan,SEGUIR_RUTA,0.10329644818596197
27.072,nan,nan,nan,SEGUIR_RUTA,0.10317599852709596
27.104,nan,nan,nan,SEGUIR_RUTA,0.10308804402262854
27.136,nan,nan,nan,SEGUIR_RUTA,0.10249388426654453
27.168,nan,nan,nan,SEGUIR_RUTA,0.10206823143883992
27.2,nan,nan,nan,SEGUIR_RUTA,0.1027390268441853
27.232,nan,nan,nan,SEGUIR_RUTA,0.10244826131663824
27.264,nan,nan,nan,SEGUIR_RUTA,0.10181692801331015
27.296,nan,nan,nan,SEGUIR_RUTA,0.10173508072289597
27.328,nan,nan,nan,SEGUIR_RUTA,0.10277026486478162
27.36,nan,nan,nan,SEGUIR_RUTA,0.10286770088605114
27.392,nan,nan,nan,SEGUIR_RUTA,0.10254102301595072
27.424,nan,nan,nan,SEGUIR_RUTA,0.10174366247126228
27.456,nan,nan,nan,SEGUIR_RUTA,0.10086316698847565
27.488,nan,nan,nan,SEGUIR_RUTA,0.10078329219109804
27.52,nan,nan,nan,SEGUIR_RUTA,0.1015332030838789
27.552,nan,nan,nan,SEGUIR_RUTA,0.10264578365247298
27.584,nan,nan,nan,SEGUIR_RUTA,0.10262333739290398
27.616,nan,nan,nan,SEGUIR_RUTA,0.103029643459906
27.648,nan,nan,nan,SEGUIR_RUTA,0.10200232876287854
27.68,nan,nan,nan,SEGUIR_RUTA,0.10269215148272727
27.712,nan,nan,nan,SEGUIR_RUTA,0.10182650004787493
27.744,nan,nan,nan,SEGUIR_RUTA,0.10252034143370603
27.776,nan,nan,nan,SEGUIR_RUTA,0.10275101330769015
27.808,nan,nan,nan,SEGUIR_RUTA,0.09616496217033224
27.84,nan,nan,nan,SEGUIR_RUTA,0.088170232961985
27.872,nan,nan,nan,SEGUIR_RUTA,0.07598935216638142
27.904,nan,nan,nan,EVADIENDO,0.06708208991720495
27.936,nan,nan,nan,EVADIENDO,0.06708208991720495
27.968,nan,nan,nan,EVADIENDO,0.06708208991720495
28.0,nan,nan,nan,EVADIENDO,0.06708208991720495
28.032,nan,nan,nan,EVADIENDO,0.06708208991720495
28.064,nan,nan,nan,EVADIENDO,0.06708208991720495
28.096,nan,nan,nan,EVADIENDO,0.06708208991720495
28.128,nan,nan,nan,EVADIENDO,0.06708208991720495
28.16,nan,nan,nan,EVADIENDO,0.06708208991720495
28.192,nan,nan,nan,EVADIENDO,0.06708208991720495
28.224,nan,nan,nan,EVADIENDO,0.06708208991720495
28.256,nan,nan,nan,EVADIENDO,0.06708208991720495
28.288,nan,nan,nan,EVADIENDO,0.06708208991720495
28.32,nan,nan,nan,EVADIENDO,0.06708208991720495
28.352,nan,nan,nan,EVADIENDO,0.06708208991720495
28.384,nan,nan,nan,EVADIENDO,0.06708208991720495
28.416,nan,nan,nan,EVADIENDO,0.06708208991720495
28.448,nan,nan,nan,EVADIENDO,0.06708208991720495
28.48,nan,nan,nan,EVADIENDO,0.06708208991720495
28.512,nan,nan,nan,EVADIENDO,0.06708208991720495
28.544,nan,nan,nan,EVADIENDO,0.06708208991720495
28.576,nan,nan,nan,EVADIENDO,0.06708208991720495
28.608,nan,nan,nan,SEGUIR_RUTA,0.06708208991720495
28.64,nan,nan,nan,SEGUIR_RUTA,0.10551898393613049
28.672,nan,nan,nan,SEGUIR_RUTA,0.10489374188112281
28.704,nan,nan,nan,SEGUIR_RUTA,0.10274527234329191
28.736,nan,nan,nan,SEGUIR_RUTA,0.10391463261923013
28.768,nan,nan,nan,SEGUIR_RUTA,0.1039062136719906
28.8,nan,nan,nan,SEGUIR_RUTA,0.10361813086212668
28.832,nan,nan,nan,SEGUIR_RUTA,0.10445541412582653
28.864,nan,nan,nan,SEGUIR_RUTA,0.10371048128791385
28.896,nan,nan,nan,SEGUIR_RUTA,0.10300668587987284
28.928,nan,nan,nan,SEGUIR_RUTA,0.10273759706416355
28.96,nan,nan,nan,SEGUIR_RUTA,0.10306499647410196
28.992,nan,nan,nan,SEGUIR_RUTA,0.10285569745365637
29.024,nan,nan,nan,SEGUIR_RUTA,0.10295920367129482
29.056,nan,nan,nan,SEGUIR_RUTA,0.10298502752812566
29.088,nan,nan,nan,SEGUIR_RUTA,0.1026324641554222
29.12,nan,nan,nan,SEGUIR_RUTA,0.10369332585254858
29.152,nan,nan,nan,SEGUIR_RUTA,0.1024839206351176
29.184,nan,nan,nan,SEGUIR_RUTA,0.10338852426684361
29.216,nan,nan,nan,SEGUIR_RUTA,0.10322138282976676
29.248,nan,nan,nan,SEGUIR_RUTA,0.10306585531515067
29.28,nan,nan,nan,SEGUIR_RUTA,0.10319381943566291
29.312,nan,nan,nan,SEGUIR_RUTA,0.10335460755662078
29.344,nan,nan,nan,SEGUIR_RUTA,0.10274884561126012
29.376,nan,nan,nan,SEGUIR_RUTA,0.10356611160065075
29.408,nan,nan,nan,SEGUIR_RUTA,0.10251373769048755
29.44,nan,nan,nan,SEGUIR_RUTA,0.10198419025448949
29.472,nan,nan,nan,SEGUIR_RUTA,0.10234717163533161
29.504,nan,nan,nan,SEGUIR_RUTA,0.1015602500498866
29.536,nan,nan,nan,SEGUIR_RUTA,0.10213603728859001
29.568,nan,nan,nan,SEGUIR_RUTA,0.10297384999598422
29.6,nan,nan,nan,SEGUIR_RUTA,0.10311863741803459
29.632,nan,nan,nan,SEGUIR_RUTA,0.10355981261118667
29.664,nan,nan,nan,SEGUIR_RUTA,0.10330626537091654
29.696,nan,nan,nan,SEGUIR_RUTA,0.10297656728295168
29.728,nan,nan,nan,SEGUIR_RUTA,0.10324690448521082
29.76,nan,nan,nan,SEGUIR_RUTA,0.10356689765042082
29.792,nan,nan,nan,SEGUIR_RUTA,0.1035352367458987
29.824,nan,nan,nan,SEGUIR_RUTA,0.1028042880363467
29.856,nan,nan,nan,SEGUIR_RUTA,0.10305726647707321
29.888,nan,nan,nan,SEGUIR_RUTA,0.10219839378624844
29.92,nan,nan,nan,SEGUIR_RUTA,0.10275845479567691
29.952,nan,nan,nan,SEGUIR_RUTA,0.10308018370790191
29.984,nan,nan,nan,SEGUIR_RUTA,0.10335282475517078
30.016000000000002,nan,nan,nan,SEGUIR_RUTA,0.10380723186263673
30.048000000000002,nan,nan,nan,SEGUIR_RUTA,0.10412973897027071
30.080000000000002,nan,nan,nan,SEGUIR_RUTA,0.10300750397592465
30.112000000000002,nan,nan,nan,SEGUIR_RUTA,0.10262554141645619
30.144000000000002,nan,nan,nan,SEGUIR_RUTA,0.10292470644881584
30.176000000000002,nan,nan,nan,SEGUIR_RUTA,0.10361855113895016
30.208000000000002,nan,nan,nan,SEGUIR_RUTA,0.10335510075059724
30.240000000000002,nan,nan,nan,SEGUIR_RUTA,0.10307595263356953
30.272000000000002,nan,nan,nan,SEGUIR_RUTA,0.10295356351305335
30.304000000000002,nan,nan,nan,SEGUIR_RUTA,0.10196067737590864
30.336000000000002,nan,nan,nan,SEGUIR_RUTA,0.10183924254213443
30.368000000000002,nan,nan,nan,SEGUIR_RUTA,0.1013947380259605
30.400000000000002,nan,nan,nan,SEGUIR_RUTA,0.10144820574553003
30.432000000000002,nan,nan,nan,SEGUIR_RUTA,0.10142885467083683
30.464000000000002,nan,nan,nan,SEGUIR_RUTA,0.09862089873523901
30.496000000000002,nan,nan,nan,SEGUIR_RUTA,0.09670615607438811
30.528000000000002,nan,nan,nan,SEGUIR_RUTA,0.09415381591420907
30.560000000000002,nan,nan,nan,SEGUIR_RUTA,0.09128674129577606
30.592000000000002,nan,nan,nan,SEGUIR_RUTA,0.08808248916759397
30.624000000000002,nan,nan,nan,SEGUIR_RUTA,0.08667562976147639
30.656000000000002,nan,nan,nan,SEGUIR_RUTA,0.08394637775449999
30.688000000000002,nan,nan,nan,SEGUIR_RUTA,0.08248615418766919
30.72,nan,nan,nan,SEGUIR_RUTA,0.08146091243700974
30.752,nan,nan,nan,SEGUIR_RUTA,0.08036735182300427
30.784,nan,nan,nan,SEGUIR_RUTA,0.07756636502538237
30.816,nan,nan,nan,EVADIENDO,0.07440122262248737
30.848,nan,nan,nan,EVADIENDO,0.07440122262248737
30.88,nan,nan,nan,EVADIENDO,0.07440122262248737
30.912,nan,nan,nan,EVADIENDO,0.07440122262248737
30.944,nan,nan,nan,EVADIENDO,0.07440122262248737
30.976,nan,nan,nan,EVADIENDO,0.07440122262248737
31.008,nan,nan,nan,EVADIENDO,0.07440122262248737
31.04,nan,nan,nan,EVADIENDO,0.07440122262248737
31.072,nan,nan,nan,EVADIENDO,0.07440122262248737
31.104,nan,nan,nan,EVADIENDO,0.07440122262248737
31.136,nan,nan,nan,EVADIENDO,0.07440122262248737
31.168,nan,nan,nan,EVADIENDO,0.07440122262248737
31.2,nan,nan,nan,EVADIENDO,0.07440122262248737
31.232,nan,nan,nan,EVADIENDO,0.07440122262248737
31.264,nan,nan,nan,EVADIENDO,0.07440122262248737
31.296,nan,nan,nan,EVADIENDO,0.07440122262248737
31.328,nan,nan,nan,EVADIENDO,0.07440122262248737
31.36,nan,nan,nan,EVADIENDO,0.07440122262248737
31.392,nan,nan,nan,EVADIENDO,0.07440122262248737
31.424,nan,nan,nan,EVADIENDO,0.07440122262248737
31.456,nan,nan,nan,EVADIENDO,0.07440122262248737
31.488,nan,nan,nan,EVADIENDO,0.07440122262248737
31.52,nan,nan,nan,SEGUIR_RUTA,0.07440122262248737
31.552,nan,nan,nan,SEGUIR_RUTA,0.10395506328583427
31.584,nan,nan,nan,SEGUIR_RUTA,0.10331978148081443
31.616,nan,nan,nan,SEGUIR_RUTA,0.1027794902756861
31.648,nan,nan,nan,SEGUIR_RUTA,0.10308457851655455
31.68,nan,nan,nan,SEGUIR_RUTA,0.10294446555797968
31.712,nan,nan,nan,SEGUIR_RUTA,0.10287778257504517
31.744,nan,nan,nan,SEGUIR_RUTA,0.10297273236552114
31.776,nan,nan,nan,SEGUIR_RUTA,0.1034329418961096
31.808,nan,nan,nan,SEGUIR_RUTA,0.1024251920603724
31.84,nan,nan,nan,SEGUIR_RUTA,0.10255786404435566
31.872,nan,nan,nan,SEGUIR_RUTA,0.10134224086922929
31.904,nan,nan,nan,SEGUIR_RUTA,0.1020710353280243
31.936,nan,nan,nan,SEGUIR_RUTA,0.10305091462266251
31.968,nan,nan,nan,SEGUIR_RUTA,0.10372345477415235
32.0,nan,nan,nan,SEGUIR_RUTA,0.10324848978530526
32.032000000000004,nan,nan,nan,SEGUIR_RUTA,0.10163239372964503
32.064,nan,nan,nan,SEGUIR_RUTA,0.10273089416975666
32.096000000000004,nan,nan,nan,SEGUIR_RUTA,0.10207277033376468
32.128,nan,nan,nan,SEGUIR_RUTA,0.10243643055531769
32.160000000000004,nan,nan,nan,SEGUIR_RUTA,0.10252996150107559
32.192,nan,nan,nan,SEGUIR_RUTA,0.10392180040333739
32.224000000000004,nan,nan,nan,SEGUIR_RUTA,0.10367696705950659
32.256,nan,nan,nan,SEGUIR_RUTA,0.10313663991896302
32.288000000000004,nan,nan,nan,SEGUIR_RUTA,0.10293799997008293
32.32,nan,nan,nan,SEGUIR_RUTA,0.10181531926105658
32.352000000000004,nan,nan,nan,SEGUIR_RUTA,0.10184233399819934
32.384,nan,nan,nan,SEGUIR_RUTA,0.10251068478817811
32.416000000000004,nan,nan,nan,SEGUIR_RUTA,0.10319948158724332
32.448,nan,nan,nan,SEGUIR_RUTA,0.10278709343196965
32.480000000000004,nan,nan,nan,SEGUIR_RUTA,0.10268957005478957
32.512,nan,nan,nan,SEGUIR_RUTA,0.1034242159257297
32.544000000000004,nan,nan,nan,SEGUIR_RUTA,0.10247744688237134
32.576,nan,nan,nan,SEGUIR_RUTA,0.1022697879343153
32.608000000000004,nan,nan,nan,SEGUIR_RUTA,0.10275373286124637
32.64,nan,nan,nan,SEGUIR_RUTA,0.10310643475099718
32.672000000000004,nan,nan,nan,SEGUIR_RUTA,0.10409979215100919
32.704,nan,nan,nan,SEGUIR_RUTA,0.10382901094405991
32.736000000000004,nan,nan,nan,SEGUIR_RUTA,0.10397168180837203
32.768,nan,nan,nan,SEGUIR_RUTA,0.1033797231247655
32.8,nan,nan,nan,SEGUIR_RUTA,0.10297543382128513
32.832,nan,nan,nan,SEGUIR_RUTA,0.10277091880290752
32.864,nan,nan,nan,SEGUIR_RUTA,0.10375297112316592
32.896,nan,nan,nan,SEGUIR_RUTA,0.10402915264479962
32.928,nan,nan,nan,SEGUIR_RUTA,0.10341198126210849
32.96,nan,nan,nan,SEGUIR_RUTA,0.10325438186554001
32.992,nan,nan,nan,SEGUIR_RUTA,0.10302860069442701
33.024,nan,nan,nan,SEGUIR_RUTA,0.10220227971561271
33.056,nan,nan,nan,SEGUIR_RUTA,0.1026638845068351
33.088,nan,nan,nan,SEGUIR_RUTA,0.10247585892353327
33.12,nan,nan,nan,SEGUIR_RUTA,0.10251178747830503
33.152,nan,nan,nan,SEGUIR_RUTA,0.10232270731484401
33.184,nan,nan,nan,SEGUIR_RUTA,0.10261669761640664
33.216,nan,nan,nan,SEGUIR_RUTA,0.10260366908467235
33.248,nan,nan,nan,SEGUIR_RUTA,0.10272964125991162
33.28,nan,nan,nan,SEGUIR_RUTA,0.10309728951522419
33.312,nan,nan,nan,SEGUIR_RUTA,0.10288459550427291
33.344,nan,nan,nan,SEGUIR_RUTA,0.10311696872534896
33.376,nan,nan,nan,SEGUIR_RUTA,0.10299852493587644
33.408,nan,nan,nan,SEGUIR_RUTA,0.10262045849986132
33.44,nan,nan,nan,SEGUIR_RUTA,0.10211725125233452
33.472,nan,nan,nan,SEGUIR_RUTA,0.10181817565413585
33.504,nan,nan,nan,SEGUIR_RUTA,0.10205536082559584
33.536,nan,nan,nan,SEGUIR_RUTA,0.10209880696466987
33.568,nan,nan,nan,SEGUIR_RUTA,0.10225802556629034
33.6,nan,nan,nan,SEGUIR_RUTA,0.10131420235557777
33.632,nan,nan,nan,SEGUIR_RUTA,0.10215538636985952
33.664,nan,nan,nan,SEGUIR_RUTA,0.10256026558799461
33.696,nan,nan,nan,SEGUIR_RUTA,0.10280838869716181
33.728,nan,nan,nan,SEGUIR_RUTA,0.10392834585224586
33.76,nan,nan,nan,SEGUIR_RUTA,0.10199741140260943
33.792,nan,nan,nan,SEGUIR_RUTA,0.10197054481639951
33.824,nan,nan,nan,SEGUIR_RUTA,0.10231555808424717
33.856,nan,nan,nan,SEGUIR_RUTA,0.1030400776042372
33.888,nan,nan,nan,SEGUIR_RUTA,0.10310788042065189
33.92,nan,nan,nan,SEGUIR_RUTA,0.1031484407675295
33.952,nan,nan,nan,SEGUIR_RUTA,0.10314991641437896
33.984,nan,nan,nan,SEGUIR_RUTA,0.1026411478698919
34.016,nan,nan,nan,SEGUIR_RUTA,0.10255571003549598
34.048,nan,nan,nan,SEGUIR_RUTA,0.10316475311060906
34.08,nan,nan,nan,SEGUIR_RUTA,0.10318019671904048
34.112,nan,nan,nan,SEGUIR_RUTA,0.10346025497085708
34.144,nan,nan,nan,SEGUIR_RUTA,0.1041155275531576
34.176,nan,nan,nan,SEGUIR_RUTA,0.1037294133319469
34.208,nan,nan,nan,SEGUIR_RUTA,0.10318418216140778
34.24,nan,nan,nan,SEGUIR_RUTA,0.10283348915732239
34.272,nan,nan,nan,SEGUIR_RUTA,0.10317871232905039
34.304,nan,nan,nan,SEGUIR_RUTA,0.10285461932547292
34.336,nan,nan,nan,SEGUIR_RUTA,0.10243118532992791
34.368,nan,nan,nan,SEGUIR_RUTA,0.10259081628997936
34.4,nan,nan,nan,SEGUIR_RUTA,0.10329268931819585
34.432,nan,nan,nan,SEGUIR_RUTA,0.10345750655109003
34.464,nan,nan,nan,SEGUIR_RUTA,0.10361732470145484
34.496,nan,nan,nan,SEGUIR_RUTA,0.10268477106144647
34.528,nan,nan,nan,SEGUIR_RUTA,0.10204502113102146
34.56,nan,nan,nan,SEGUIR_RUTA,0.10100694308952551
34.592,nan,nan,nan,SEGUIR_RUTA,0.10005259780606078
34.624,nan,nan,nan,SEGUIR_RUTA,0.10089199787149637
34.656,nan,nan,nan,SEGUIR_RUTA,0.10157864760658424
34.688,nan,nan,nan,SEGUIR_RUTA,0.10223856189988184
34.72,nan,nan,nan,SEGUIR_RUTA,0.10139179765800825
34.752,nan,nan,nan,SEGUIR_RUTA,0.10243349143715016
34.784,nan,nan,nan,SEGUIR_RUTA,0.10226883240856557
34.816,nan,nan,nan,SEGUIR_RUTA,0.10295119684897652
34.848,nan,nan,nan,SEGUIR_RUTA,0.10294960626415874
34.88,nan,nan,nan,SEGUIR_RUTA,0.10286602845920931
34.912,nan,nan,nan,SEGUIR_RUTA,0.10309754081180969
34.944,nan,nan,nan,SEGUIR_RUTA,0.10316926093911735
34.976,nan,nan,nan,SEGUIR_RUTA,0.10273442167058235
35.008,nan,nan,nan,SEGUIR_RUTA,0.10335472304133055
35.04,nan,nan,nan,SEGUIR_RUTA,0.10353606698448284
35.072,nan,nan,nan,SEGUIR_RUTA,0.1022315485970936
35.104,nan,nan,nan,SEGUIR_RUTA,0.10331307363341702
35.136,nan,nan,nan,SEGUIR_RUTA,0.10303364503095595
35.168,nan,nan,nan,SEGUIR_RUTA,0.10301391653407622
35.2,nan,nan,nan,SEGUIR_RUTA,0.10354915143656919
35.232,nan,nan,nan,SEGUIR_RUTA,0.10414862894649304
35.264,nan,nan,nan,SEGUIR_RUTA,0.10470464470613183
35.296,nan,nan,nan,SEGUIR_RUTA,0.10457584973578976
35.328,nan,nan,nan,SEGUIR_RUTA,0.10460620536010266
35.36,nan,nan,nan,SEGUIR_RUTA,0.10417885329305096
35.392,nan,nan,nan,SEGUIR_RUTA,0.10400818672358168
35.424,nan,nan,nan,SEGUIR_RUTA,0.10332269620613002
35.456,nan,nan,nan,SEGUIR_RUTA,0.1029238395333202
35.488,nan,nan,nan,SEGUIR_RUTA,0.1017441265972634
35.52,nan,nan,nan,SEGUIR_RUTA,0.10162168771821994
35.552,nan,nan,nan,SEGUIR_RUTA,0.10282963090685439
35.584,nan,nan,nan,SEGUIR_RUTA,0.10227386695383671
35.616,nan,nan,nan,SEGUIR_RUTA,0.10273630392514921
35.648,nan,nan,nan,SEGUIR_RUTA,0.10154656824612915
35.68,nan,nan,nan,SEGUIR_RUTA,0.1015676912820083
35.712,nan,nan,nan,SEGUIR_RUTA,0.10109951965664823
35.744,nan,nan,nan,SEGUIR_RUTA,0.10211472691870956
35.776,nan,nan,nan,SEGUIR_RUTA,0.1021668884925819
35.808,nan,nan,nan,SEGUIR_RUTA,0.10341831685941835
35.84,nan,nan,nan,SEGUIR_RUTA,0.10146063090831584
35.872,nan,nan,nan,SEGUIR_RUTA,0.09899841020023012
35.904,nan,nan,nan,SEGUIR_RUTA,0.0950481170785299
35.936,nan,nan,nan,SEGUIR_RUTA,0.09019352147386091
35.968,nan,nan,nan,SEGUIR_RUTA,0.0856816862299623
36.0,nan,nan,nan,SEGUIR_RUTA,0.08218195532449406
36.032000000000004,nan,nan,nan,SEGUIR_RUTA,0.08089173995561647
36.064,nan,nan,nan,SEGUIR_RUTA,0.07951400908320533
36.096000000000004,nan,nan,nan,SEGUIR_RUTA,0.07716012977397547
36.128,nan,nan,nan,EVADIENDO,0.07399025463342342
36.160000000000004,nan,nan,nan,EVADIENDO,0.07399025463342342
36.192,nan,nan,nan,EVADIENDO,0.07399025463342342
36.224000000000004,nan,nan,nan,EVADIENDO,0.07399025463342342
36.256,nan,nan,nan,EVADIENDO,0.07399025463342342
36.288000000000004,nan,nan,nan,EVADIENDO,0.07399025463342342
36.32,nan,nan,nan,EVADIENDO,0.07399025463342342
36.352000000000004,nan,nan,nan,EVADIENDO,0.07399025463342342
36.384,nan,nan,nan,EVADIENDO,0.07399025463342342
36.416000000000004,nan,nan,nan,EVADIENDO,0.07399025463342342
36.448,nan,nan,nan,EVADIENDO,0.07399025463342342
36.480000000000004,nan,nan,nan,EVADIENDO,0.07399025463342342
36.512,nan,nan,nan,EVADIENDO,0.07399025463342342
36.544000000000004,nan,nan,nan,EVADIENDO,0.07399025463342342
36.576,nan,nan,nan,EVADIENDO,0.07399025463342342
36.608000000000004,nan,nan,nan,EVADIENDO,0.07399025463342342
36.64,nan,nan,nan,EVADIENDO,0.07399025463342342
36.672000000000004,nan,nan,nan,EVADIENDO,0.07399025463342342
36.704,nan,nan,nan,EVADIENDO,0.07399025463342342
36.736000000000004,nan,nan,nan,EVADIENDO,0.07399025463342342
36.768,nan,nan,nan,EVADIENDO,0.07399025463342342
36.800000000000004,nan,nan,nan,EVADIENDO,0.07399025463342342
36.832,nan,nan,nan,EVADIENDO,0.07399025463342342
36.864000000000004,nan,nan,nan,EVADIENDO,0.07399025463342342
36.896,nan,nan,nan,EVADIENDO,0.07399025463342342
36.928,nan,nan,nan,EVADIENDO,0.07399025463342342
36.96,nan,nan,nan,EVADIENDO,0.07399025463342342
36.992,nan,nan,nan,EVADIENDO,0.07399025463342342
37.024,nan,nan,nan,EVADIENDO,0.07399025463342342
37.056,nan,nan,nan,EVADIENDO,0.07399025463342342
37.088,nan,nan,nan,EVADIENDO,0.07399025463342342
37.12,nan,nan,nan,EVADIENDO,0.07399025463342342
37.152,nan,nan,nan,EVADIENDO,0.07399025463342342
37.184,nan,nan,nan,EVADIENDO,0.07399025463342342
37.216,nan,nan,nan,EVADIENDO,0.07399025463342342
37.248,nan,nan,nan,EVADIENDO,0.07399025463342342
37.28,nan,nan,nan,EVADIENDO,0.07399025463342342
37.312,nan,nan,nan,EVADIENDO,0.07399025463342342
37.344,nan,nan,nan,SEGUIR_RUTA,0.07399025463342342
37.376,nan,nan,nan,SEGUIR_RUTA,0.10492817837433593
37.408,nan,nan,nan,SEGUIR_RUTA,0.10611413184401546
37.44,nan,nan,nan,SEGUIR_RUTA,0.10497858678445943
37.472,nan,nan,nan,SEGUIR_RUTA,0.10257421777780545
37.504,nan,nan,nan,SEGUIR_RUTA,0.1027816190069045
37.536,nan,nan,nan,SEGUIR_RUTA,0.1030603675880629
37.568,nan,nan,nan,SEGUIR_RUTA,0.10330378670237186
37.6,nan,nan,nan,SEGUIR_RUTA,0.10232773419476683
37.632,nan,nan,nan,SEGUIR_RUTA,0.10212671176880686
37.664,nan,nan,nan,SEGUIR_RUTA,0.10200901264570836
37.696,nan,nan,nan,SEGUIR_RUTA,0.1021136061607674
37.728,nan,nan,nan,SEGUIR_RUTA,0.10239711774333836
37.76,nan,nan,nan,SEGUIR_RUTA,0.10249667744516795
37.792,nan,nan,nan,SEGUIR_RUTA,0.10181532961907067
37.824,nan,nan,nan,SEGUIR_RUTA,0.10183940946821092
37.856,nan,nan,nan,SEGUIR_RUTA,0.10231577835314824
37.888,nan,nan,nan,SEGUIR_RUTA,0.10208116255176283
37.92,nan,nan,nan,SEGUIR_RUTA,0.10255596218843165
37.952,nan,nan,nan,SEGUIR_RUTA,0.10422070538233236
37.984,nan,nan,nan,SEGUIR_RUTA,0.10354047404784683
38.016,nan,nan,nan,SEGUIR_RUTA,0.1026296984500028
38.048,nan,nan,nan,SEGUIR_RUTA,0.10284588667640052
38.08,nan,nan,nan,SEGUIR_RUTA,0.10305703855423008
38.112,nan,nan,nan,SEGUIR_RUTA,0.10287984401862593
38.144,nan,nan,nan,SEGUIR_RUTA,0.10030509370456003
38.176,nan,nan,nan,SEGUIR_RUTA,0.09670637380911733
38.208,nan,nan,nan,SEGUIR_RUTA,0.09311210408887272
38.24,nan,nan,nan,SEGUIR_RUTA,0.08910484414440695
38.272,nan,nan,nan,SEGUIR_RUTA,0.08517224523282614
38.304,nan,nan,nan,SEGUIR_RUTA,0.08253837536099667
38.336,nan,nan,nan,SEGUIR_RUTA,0.07938068750637735
38.368,nan,nan,nan,SEGUIR_RUTA,0.0762248538544638
38.4,nan,nan,nan,EVADIENDO,0.0724796288007779
38.432,nan,nan,nan,EVADIENDO,0.0724796288007779
38.464,nan,nan,nan,EVADIENDO,0.0724796288007779
38.496,nan,nan,nan,EVADIENDO,0.0724796288007779
38.528,nan,nan,nan,EVADIENDO,0.0724796288007779
38.56,nan,nan,nan,EVADIENDO,0.0724796288007779
38.592,nan,nan,nan,EVADIENDO,0.0724796288007779
38.624,nan,nan,nan,EVADIENDO,0.0724796288007779
38.656,nan,nan,nan,EVADIENDO,0.0724796288007779
38.688,nan,nan,nan,EVADIENDO,0.0724796288007779
38.72,nan,nan,nan,EVADIENDO,0.0724796288007779
38.752,nan,nan,nan,EVADIENDO,0.0724796288007779
38.784,nan,nan,nan,EVADIENDO,0.0724796288007779
38.816,nan,nan,nan,EVADIENDO,0.0724796288007779
38.848,nan,nan,nan,EVADIENDO,0.0724796288007779
38.88,nan,nan,nan,EVADIENDO,0.0724796288007779
38.912,nan,nan,nan,EVADIENDO,0.0724796288007779
38.944,nan,nan,nan,EVADIENDO,0.0724796288007779
38.976,nan,nan,nan,EVADIENDO,0.0724796288007779
39.008,nan,nan,nan,EVADIENDO,0.0724796288007779
39.04,nan,nan,nan,EVADIENDO,0.0724796288007779
39.072,nan,nan,nan,EVADIENDO,0.0724796288007779
39.104,nan,nan,nan,EVADIENDO,0.0724796288007779
39.136,nan,nan,nan,EVADIENDO,0.0724796288007779
39.168,nan,nan,nan,EVADIENDO,0.0724796288007779
39.2,nan,nan,nan,EVADIENDO,0.0724796288007779
39.232,nan,nan,nan,EVADIENDO,0.0724796288007779
39.264,nan,nan,nan,EVADIENDO,0.0724796288007779
39.296,nan,nan,nan,EVADIENDO,0.0724796288007779
39.328,nan,nan,nan,EVADIENDO,0.0724796288007779
39.36,nan,nan,nan,EVADIENDO,0.0724796288007779
39.392,nan,nan,nan,EVADIENDO,0.0724796288007779
39.424,nan,nan,nan,EVADIENDO,0.0724796288007779
39.456,nan,nan,nan,EVADIENDO,0.0724796288007779
39.488,nan,nan,nan,EVADIENDO,0.0724796288007779
39.52,nan,nan,nan,EVADIENDO,0.0724796288007779
39.552,nan,nan,nan,EVADIENDO,0.0724796288007779
39.584,nan,nan,nan,EVADIENDO,0.0724796288007779
39.616,nan,nan,nan,EVADIENDO,0.0724796288007779
39.648,nan,nan,nan,EVADIENDO,0.0724796288007779
39.68,nan,nan,nan,EVADIENDO,0.0724796288007779
39.712,nan,nan,nan,EVADIENDO,0.0724796288007779
39.744,nan,nan,nan,EVADIENDO,0.0724796288007779
39.776,nan,nan,nan,EVADIENDO,0.0724796288007779
39.808,nan,nan,nan,EVADIENDO,0.0724796288007779
39.84,nan,nan,nan,EVADIENDO,0.0724796288007779
39.872,nan,nan,nan,EVADIENDO,0.0724796288007779
39.904,nan,nan,nan,EVADIENDO,0.0724796288007779
39.936,nan,nan,nan,EVADIENDO,0.0724796288007779
39.968,nan,nan,nan,EVADIENDO,0.0724796288007779
40.0,nan,nan,nan,EVADIENDO,0.0724796288007779
40.032000000000004,nan,nan,nan,EVADIENDO,0.0724796288007779
40.064,nan,nan,nan,EVADIENDO,0.0724796288007779
40.096000000000004,nan,nan,nan,EVADIENDO,0.0724796288007779
40.128,nan,nan,nan,EVADIENDO,0.0724796288007779
40.160000000000004,nan,nan,nan,EVADIENDO,0.0724796288007779
40.192,nan,nan,nan,EVADIENDO,0.0724796288007779
40.224000000000004,nan,nan,nan,EVADIENDO,0.0724796288007779
40.256,nan,nan,nan,EVADIENDO,0.0724796288007779
40.288000000000004,nan,nan,nan,EVADIENDO,0.0724796288007779
40.32,nan,nan,nan,EVADIENDO,0.0724796288007779
40.352000000000004,nan,nan,nan,EVADIENDO,0.0724796288007779
40.384,nan,nan,nan,EVADIENDO,0.0724796288007779
40.416000000000004,nan,nan,nan,EVADIENDO,0.0724796288007779
40.448,nan,nan,nan,EVADIENDO,0.0724796288007779
40.480000000000004,nan,nan,nan,EVADIENDO,0.0724796288007779
40.512,nan,nan,nan,EVADIENDO,0.0724796288007779
40.544000000000004,nan,nan,nan,EVADIENDO,0.0724796288007779
40.576,nan,nan,nan,EVADIENDO,0.0724796288007779
40.608000000000004,nan,nan,nan,SEGUIR_RUTA,0.0724796288007779
40.64,nan,nan,nan,SEGUIR_RUTA,0.10278859684286525
40.672000000000004,nan,nan,nan,SEGUIR_RUTA,0.10221944106093564
40.704,nan,nan,nan,SEGUIR_RUTA,0.1027046355674529
40.736000000000004,nan,nan,nan,SEGUIR_RUTA,0.10342008412758125
40.768,nan,nan,nan,SEGUIR_RUTA,0.10324087796686526
40.800000000000004,nan,nan,nan,SEGUIR_RUTA,0.1033733972736339
40.832,nan,nan,nan,SEGUIR_RUTA,0.1034264178375949
40.864000000000004,nan,nan,nan,SEGUIR_RUTA,0.10388873862235441
40.896,nan,nan,nan,SEGUIR_RUTA,0.10235063229276226
40.928000000000004,nan,nan,nan,SEGUIR_RUTA,0.1026805512139489
40.96,nan,nan,nan,SEGUIR_RUTA,0.10205730119610577
40.992,nan,nan,nan,SEGUIR_RUTA,0.10181670053105064
41.024,nan,nan,nan,SEGUIR_RUTA,0.10150170668887341
41.056,nan,nan,nan,SEGUIR_RUTA,0.10160341612304165
41.088,nan,nan,nan,SEGUIR_RUTA,0.10244446086872407
41.12,nan,nan,nan,SEGUIR_RUTA,0.10226890476526018
41.152,nan,nan,nan,SEGUIR_RUTA,0.10256643828721199
41.184,nan,nan,nan,SEGUIR_RUTA,0.1026889640784254
41.216,nan,nan,nan,SEGUIR_RUTA,0.1020358662209957
41.248,nan,nan,nan,SEGUIR_RUTA,0.10277704854959402
41.28,nan,nan,nan,SEGUIR_RUTA,0.10351301726823973
41.312,nan,nan,nan,SEGUIR_RUTA,0.10347827253266303
41.344,nan,nan,nan,SEGUIR_RUTA,0.10290289755549309
41.376,nan,nan,nan,SEGUIR_RUTA,0.10373382855012575
41.408,nan,nan,nan,SEGUIR_RUTA,0.10334453445265243
41.44,nan,nan,nan,SEGUIR_RUTA,0.10285595938769737
41.472,nan,nan,nan,SEGUIR_RUTA,0.10146539310550752
41.504,nan,nan,nan,SEGUIR_RUTA,0.1029309373677907
41.536,nan,nan,nan,SEGUIR_RUTA,0.1032105556305625
41.568,nan,nan,nan,SEGUIR_RUTA,0.10211119615808789
41.6,nan,nan,nan,SEGUIR_RUTA,0.10183653853866671
41.632,nan,nan,nan,SEGUIR_RUTA,0.10102016287316264
41.664,nan,nan,nan,SEGUIR_RUTA,0.10160471235575984
41.696,nan,nan,nan,SEGUIR_RUTA,0.10153421572368775
41.728,nan,nan,nan,SEGUIR_RUTA,0.10198586418985946
41.76,nan,nan,nan,SEGUIR_RUTA,0.10185746334902751
41.792,nan,nan,nan,SEGUIR_RUTA,0.10135211338881026
41.824,nan,nan,nan,SEGUIR_RUTA,0.10229081936762655
41.856,nan,nan,nan,SEGUIR_RUTA,0.10219096072587529
41.888,nan,nan,nan,SEGUIR_RUTA,0.10178372173977167
41.92,nan,nan,nan,SEGUIR_RUTA,0.10197541081639727
41.952,nan,nan,nan,SEGUIR_RUTA,0.1022554394770775
41.984,nan,nan,nan,SEGUIR_RUTA,0.1019267765570629
42.016,nan,nan,nan,SEGUIR_RUTA,0.10213512767542013
42.048,nan,nan,nan,SEGUIR_RUTA,0.10192515373998212
42.08,nan,nan,nan,SEGUIR_RUTA,0.1022226593053807
42.112,nan,nan,nan,SEGUIR_RUTA,0.10289460417931284
42.144,nan,nan,nan,SEGUIR_RUTA,0.1027418505734632
42.176,nan,nan,nan,SEGUIR_RUTA,0.10277093113261943
42.208,nan,nan,nan,SEGUIR_RUTA,0.10247645837268847
42.24,nan,nan,nan,SEGUIR_RUTA,0.10218088669228938
42.272,nan,nan,nan,SEGUIR_RUTA,0.10273627316980512
42.304,nan,nan,nan,SEGUIR_RUTA,0.10306541542050514
42.336,nan,nan,nan,SEGUIR_RUTA,0.10252335906071504
42.368,nan,nan,nan,SEGUIR_RUTA,0.10251626345289808
42.4,nan,nan,nan,SEGUIR_RUTA,0.10271736389690818
42.432,nan,nan,nan,SEGUIR_RUTA,0.10330542788530138
42.464,nan,nan,nan,SEGUIR_RUTA,0.10272452551931985
42.496,nan,nan,nan,SEGUIR_RUTA,0.10284648566117889
42.528,nan,nan,nan,SEGUIR_RUTA,0.1033408843201041
42.56,nan,nan,nan,SEGUIR_RUTA,0.1030815454135871
42.592,nan,nan,nan,SEGUIR_RUTA,0.10184360390919667
42.624,nan,nan,nan,SEGUIR_RUTA,0.1028919438860794
42.656,nan,nan,nan,SEGUIR_RUTA,0.10306915547376137
42.688,nan,nan,nan,SEGUIR_RUTA,0.10221375073288923
42.72,nan,nan,nan,SEGUIR_RUTA,0.10139106754206349
42.752,nan,nan,nan,SEGUIR_RUTA,0.100942011058826
42.784,nan,nan,nan,SEGUIR_RUTA,0.10198725090564496
42.816,nan,nan,nan,SEGUIR_RUTA,0.1026226311219276
42.848,nan,nan,nan,SEGUIR_RUTA,0.10319274729535004
42.88,nan,nan,nan,SEGUIR_RUTA,0.10375033321758055
42.912,nan,nan,nan,SEGUIR_RUTA,0.10325080793089482
42.944,nan,nan,nan,SEGUIR_RUTA,0.10360081497086447
42.976,nan,nan,nan,SEGUIR_RUTA,0.10394809273914499
43.008,nan,nan,nan,SEGUIR_RUTA,0.10333114934389322
43.04,nan,nan,nan,SEGUIR_RUTA,0.10314598431518214
43.072,nan,nan,nan,SEGUIR_RUTA,0.1027933183594199
43.104,nan,nan,nan,SEGUIR_RUTA,0.10258017905081085
43.136,nan,nan,nan,SEGUIR_RUTA,0.1021548380594425
43.168,nan,nan,nan,SEGUIR_RUTA,0.10313608300367089
43.2,nan,nan,nan,SEGUIR_RUTA,0.10324457180369499
43.232,nan,nan,nan,SEGUIR_RUTA,0.10256615741749402
43.264,nan,nan,nan,SEGUIR_RUTA,0.10241405745664478
43.296,nan,nan,nan,SEGUIR_RUTA,0.10226762076298206
43.328,nan,nan,nan,SEGUIR_RUTA,0.10200964768657222
43.36,nan,nan,nan,SEGUIR_RUTA,0.10271171182017312
43.392,nan,nan,nan,SEGUIR_RUTA,0.1018754149243058
43.424,nan,nan,nan,SEGUIR_RUTA,0.10293387170108544
43.456,nan,nan,nan,SEGUIR_RUTA,0.103238181227683
43.488,nan,nan,nan,SEGUIR_RUTA,0.10233238716380952
43.52,nan,nan,nan,SEGUIR_RUTA,0.10163605295734113
43.552,nan,nan,nan,SEGUIR_RUTA,0.1020396050353789
43.584,nan,nan,nan,SEGUIR_RUTA,0.10261267184234193
43.616,nan,nan,nan,SEGUIR_RUTA,0.10282394379817862
43.648,nan,nan,nan,SEGUIR_RUTA,0.102693818874551
43.68,nan,nan,nan,SEGUIR_RUTA,0.10319372584702961
43.712,nan,nan,nan,SEGUIR_RUTA,0.10352276262086016
43.744,nan,nan,nan,SEGUIR_RUTA,0.10329821270936446
43.776,nan,nan,nan,SEGUIR_RUTA,0.10304760735944535
43.808,nan,nan,nan,SEGUIR_RUTA,0.10323574700637377
43.84,nan,nan,nan,SEGUIR_RUTA,0.10325255895067353
43.872,nan,nan,nan,SEGUIR_RUTA,0.10309417884300533
43.904,nan,nan,nan,SEGUIR_RUTA,0.10292337653882065
43.936,nan,nan,nan,SEGUIR_RUTA,0.10197987597948284
43.968,nan,nan,nan,SEGUIR_RUTA,0.10151205268250468
44.0,nan,nan,nan,SEGUIR_RUTA,0.10131110610695578
44.032000000000004,nan,nan,nan,SEGUIR_RUTA,0.10179025816236612
44.064,nan,nan,nan,SEGUIR_RUTA,0.10317997347382735
44.096000000000004,nan,nan,nan,SEGUIR_RUTA,0.10338268787035464
44.128,nan,nan,nan,SEGUIR_RUTA,0.10293347357147488
44.160000000000004,nan,nan,nan,SEGUIR_RUTA,0.10303647120680427
44.192,nan,nan,nan,SEGUIR_RUTA,0.10289347947040292
44.224000000000004,nan,nan,nan,SEGUIR_RUTA,0.10407579832915065
44.256,nan,nan,nan,SEGUIR_RUTA,0.10357899824554626
44.288000000000004,nan,nan,nan,SEGUIR_RUTA,0.10398905322056419
44.32,nan,nan,nan,SEGUIR_RUTA,0.10299694808859688
44.352000000000004,nan,nan,nan,SEGUIR_RUTA,0.10464467472994621
44.384,nan,nan,nan,SEGUIR_RUTA,0.10443191689425373
44.416000000000004,nan,nan,nan,SEGUIR_RUTA,0.1040275046250701
44.448,nan,nan,nan,SEGUIR_RUTA,0.10359189018844653
44.480000000000004,nan,nan,nan,SEGUIR_RUTA,0.10329176822186457
44.512,nan,nan,nan,SEGUIR_RUTA,0.10255734511281728
44.544000000000004,nan,nan,nan,SEGUIR_RUTA,0.10307549979050619
44.576,nan,nan,nan,SEGUIR_RUTA,0.10249746283792144
44.608000000000004,nan,nan,nan,SEGUIR_RUTA,0.10349070419456895
44.64,nan,nan,nan,SEGUIR_RUTA,0.102963410227861
44.672000000000004,nan,nan,nan,SEGUIR_RUTA,0.10342917612340076
44.704,nan,nan,nan,SEGUIR_RUTA,0.10340389625526838
44.736000000000004,nan,nan,nan,SEGUIR_RUTA,0.10314897905440504
44.768,nan,nan,nan,SEGUIR_RUTA,0.10324258798131677
44.800000000000004,nan,nan,nan,SEGUIR_RUTA,0.10391729345673911
44.832,nan,nan,nan,SEGUIR_RUTA,0.10300206896992888
44.864000000000004,nan,nan,nan,SEGUIR_RUTA,0.10336561179922697
44.896,nan,nan,nan,SEGUIR_RUTA,0.10349111409696332
44.928000000000004,nan,nan,nan,SEGUIR_RUTA,0.10263083263632106
44.96,nan,nan,nan,SEGUIR_RUTA,0.10307677646982429
44.992000000000004,nan,nan,nan,SEGUIR_RUTA,0.10181656214720677
45.024,nan,nan,nan,SEGUIR_RUTA,0.10175826586665014
45.056,nan,nan,nan,SEGUIR_RUTA,0.10169757491140356
45.088,nan,nan,nan,SEGUIR_RUTA,0.10289630769173082
45.12,nan,nan,nan,SEGUIR_RUTA,0.10267297210357161
45.152,nan,nan,nan,SEGUIR_RUTA,0.10284140353292083
45.184,nan,nan,nan,SEGUIR_RUTA,0.10261019806023305
45.216,nan,nan,nan,SEGUIR_RUTA,0.10285906698732959
45.248,nan,nan,nan,SEGUIR_RUTA,0.10316981108489674
45.28,nan,nan,nan,SEGUIR_RUTA,0.10323585637670536
45.312,nan,nan,nan,SEGUIR_RUTA,0.1037060990079997
45.344,nan,nan,nan,SEGUIR_RUTA,0.10279239062368362
45.376,nan,nan,nan,SEGUIR_RUTA,0.10303550048823513
45.408,nan,nan,nan,SEGUIR_RUTA,0.1025939283243661
45.44,nan,nan,nan,SEGUIR_RUTA,0.10227456404939185
45.472,nan,nan,nan,SEGUIR_RUTA,0.1024816670580019
45.504,nan,nan,nan,SEGUIR_RUTA,0.10241486240192105
45.536,nan,nan,nan,SEGUIR_RUTA,0.1024959434353932
45.568,nan,nan,nan,SEGUIR_RUTA,0.10299787067444845
45.6,nan,nan,nan,SEGUIR_RUTA,0.10324069982660523
45.632,nan,nan,nan,SEGUIR_RUTA,0.10292565182110697
45.664,nan,nan,nan,SEGUIR_RUTA,0.10365442364736659
45.696,nan,nan,nan,SEGUIR_RUTA,0.1020421559937107
45.728,nan,nan,nan,SEGUIR_RUTA,0.10184991640702785
45.76,nan,nan,nan,SEGUIR_RUTA,0.10209669425801696
45.792,nan,nan,nan,SEGUIR_RUTA,0.10210911777426702
45.824,nan,nan,nan,SEGUIR_RUTA,0.10234823391157288
45.856,nan,nan,nan,SEGUIR_RUTA,0.10266138730698463
45.888,nan,nan,nan,SEGUIR_RUTA,0.10224084129295641
45.92,nan,nan,nan,SEGUIR_RUTA,0.1028314429406677
45.952,nan,nan,nan,SEGUIR_RUTA,0.10345064141323124
45.984,nan,nan,nan,SEGUIR_RUTA,0.10261137293655483
46.016,nan,nan,nan,SEGUIR_RUTA,0.10248027888055547
46.048,nan,nan,nan,SEGUIR_RUTA,0.10205960659695523
46.08,nan,nan,nan,SEGUIR_RUTA,0.10240282227038008
46.112,nan,nan,nan,SEGUIR_RUTA,0.1029913526917321
46.144,nan,nan,nan,SEGUIR_RUTA,0.10234345448469077
46.176,nan,nan,nan,SEGUIR_RUTA,0.10172196468754438
46.208,nan,nan,nan,SEGUIR_RUTA,0.10257289906721133
46.24,nan,nan,nan,SEGUIR_RUTA,0.10264425393270574
46.272,nan,nan,nan,SEGUIR_RUTA,0.10219272698724301
46.304,nan,nan,nan,SEGUIR_RUTA,0.10277934616522003
46.336,nan,nan,nan,SEGUIR_RUTA,0.10218045591111867
46.368,nan,nan,nan,SEGUIR_RUTA,0.10150021183173104
46.4,nan,nan,nan,SEGUIR_RUTA,0.10343804168440554
46.432,nan,nan,nan,SEGUIR_RUTA,0.10271663599580332
46.464,nan,nan,nan,SEGUIR_RUTA,0.10289512781891366
46.496,nan,nan,nan,SEGUIR_RUTA,0.10241710643666814
46.528,nan,nan,nan,SEGUIR_RUTA,0.10163714783207228
46.56,nan,nan,nan,SEGUIR_RUTA,0.10168010548735004
46.592,nan,nan,nan,SEGUIR_RUTA,0.10167118217943896
46.624,nan,nan,nan,SEGUIR_RUTA,0.10189520105629134
46.656,nan,nan,nan,SEGUIR_RUTA,0.1020901968278307
46.688,nan,nan,nan,SEGUIR_RUTA,0.1007588211257193
46.72,nan,nan,nan,SEGUIR_RUTA,0.10214333698368427
46.752,nan,nan,nan,SEGUIR_RUTA,0.10331375165009606
46.784,nan,nan,nan,SEGUIR_RUTA,0.10428298712704129
46.816,nan,nan,nan,SEGUIR_RUTA,0.10424265853502208
46.848,nan,nan,nan,SEGUIR_RUTA,0.10361195720412344
46.88,nan,nan,nan,SEGUIR_RUTA,0.10174630225991285
46.912,nan,nan,nan,SEGUIR_RUTA,0.10224264440382336
46.944,nan,nan,nan,SEGUIR_RUTA,0.10260506194446604
46.976,nan,nan,nan,SEGUIR_RUTA,0.10210367623763929
47.008,nan,nan,nan,SEGUIR_RUTA,0.10236196205881144
47.04,nan,nan,nan,SEGUIR_RUTA,0.10175283738406633
47.072,nan,nan,nan,SEGUIR_RUTA,0.10176218645857084
47.104,nan,nan,nan,SEGUIR_RUTA,0.10172037666850951
47.136,nan,nan,nan,SEGUIR_RUTA,0.10204312776233729
47.168,nan,nan,nan,SEGUIR_RUTA,0.10171626066250698
47.2,nan,nan,nan,SEGUIR_RUTA,0.1019615768815262
47.232,nan,nan,nan,SEGUIR_RUTA,0.10234641763723938
47.264,nan,nan,nan,SEGUIR_RUTA,0.10191271622874797
47.296,nan,nan,nan,SEGUIR_RUTA,0.10239744581107775
47.328,nan,nan,nan,SEGUIR_RUTA,0.10209469629385463
47.36,nan,nan,nan,SEGUIR_RUTA,0.10270772081535452
47.392,nan,nan,nan,SEGUIR_RUTA,0.10325592544507767
47.424,nan,nan,nan,SEGUIR_RUTA,0.10294824038044223
47.456,nan,nan,nan,SEGUIR_RUTA,0.10290308173268982
47.488,nan,nan,nan,SEGUIR_RUTA,0.10283604597628195
47.52,nan,nan,nan,SEGUIR_RUTA,0.10333496652808123
47.552,nan,nan,nan,SEGUIR_RUTA,0.10225904792216169
47.584,nan,nan,nan,SEGUIR_RUTA,0.10294769745316434
47.616,nan,nan,nan,SEGUIR_RUTA,0.10264735593118852
47.648,nan,nan,nan,SEGUIR_RUTA,0.10268347962747397
47.68,nan,nan,nan,SEGUIR_RUTA,0.10404070509272821
47.712,nan,nan,nan,SEGUIR_RUTA,0.10349192678596235
47.744,nan,nan,nan,SEGUIR_RUTA,0.10328458300494538
47.776,nan,nan,nan,SEGUIR_RUTA,0.10304472258709277
47.808,nan,nan,nan,SEGUIR_RUTA,0.10351214287922765
47.84,nan,nan,nan,SEGUIR_RUTA,0.103205566633039
47.872,nan,nan,nan,SEGUIR_RUTA,0.10432345764818915
47.904,nan,nan,nan,SEGUIR_RUTA,0.10443166136133882
47.936,nan,nan,nan,SEGUIR_RUTA,0.104511168361138
47.968,nan,nan,nan,SEGUIR_RUTA,0.10372545988457328
48.0,nan,nan,nan,SEGUIR_RUTA,0.10393528300236712
48.032000000000004,nan,nan,nan,SEGUIR_RUTA,0.10364818275403355
48.064,nan,nan,nan,SEGUIR_RUTA,0.10276468989873017
48.096000000000004,nan,nan,nan,SEGUIR_RUTA,0.10219103429887708
48.128,nan,nan,nan,SEGUIR_RUTA,0.10158270340612227
48.160000000000004,nan,nan,nan,SEGUIR_RUTA,0.10130950932668671
48.192,nan,nan,nan,SEGUIR_RUTA,0.10175502794447379
48.224000000000004,nan,nan,nan,SEGUIR_RUTA,0.1024995864948841
48.256,nan,nan,nan,SEGUIR_RUTA,0.10238180006325204
48.288000000000004,nan,nan,nan,SEGUIR_RUTA,0.10315731976832616
48.32,nan,nan,nan,SEGUIR_RUTA,0.1023504000363866
48.352000000000004,nan,nan,nan,SEGUIR_RUTA,0.10291313902192435
48.384,nan,nan,nan,SEGUIR_RUTA,0.1029250149973614
48.416000000000004,nan,nan,nan,SEGUIR_RUTA,0.10328945766296499
48.448,nan,nan,nan,SEGUIR_RUTA,0.10336596366810497
48.480000000000004,nan,nan,nan,SEGUIR_RUTA,0.10382721161106685
48.512,nan,nan,nan,SEGUIR_RUTA,0.1021160873809102
48.544000000000004,nan,nan,nan,SEGUIR_RUTA,0.10239889387251463
48.576,nan,nan,nan,SEGUIR_RUTA,0.10213287091778928
48.608000000000004,nan,nan,nan,SEGUIR_RUTA,0.10213032269805741
48.64,nan,nan,nan,SEGUIR_RUTA,0.10125137336791377
48.672000000000004,nan,nan,nan,SEGUIR_RUTA,0.10297263918520341
48.704,nan,nan,nan,SEGUIR_RUTA,0.10255898717631962
48.736000000000004,nan,nan,nan,SEGUIR_RUTA,0.10306567843149403
48.768,nan,nan,nan,SEGUIR_RUTA,0.10242844681660884
48.800000000000004,nan,nan,nan,SEGUIR_RUTA,0.10255161590708516
48.832,nan,nan,nan,SEGUIR_RUTA,0.10268065146604112
48.864000000000004,nan,nan,nan,SEGUIR_RUTA,0.10270023195719345
48.896,nan,nan,nan,SEGUIR_RUTA,0.10221727768164018
48.928000000000004,nan,nan,nan,SEGUIR_RUTA,0.10305011655519652
48.96,nan,nan,nan,SEGUIR_RUTA,0.10316020707933019
48.992000000000004,nan,nan,nan,SEGUIR_RUTA,0.10213722216024737
49.024,nan,nan,nan,SEGUIR_RUTA,0.10191910252507368
49.056000000000004,nan,nan,nan,SEGUIR_RUTA,0.10274661290352272
49.088,nan,nan,nan,SEGUIR_RUTA,0.10252097562494812
49.120000000000005,nan,nan,nan,SEGUIR_RUTA,0.10335330683367101
49.152,nan,nan,nan,SEGUIR_RUTA,0.10323582390489347
49.184,nan,nan,nan,SEGUIR_RUTA,0.10255570376955034
49.216,nan,nan,nan,SEGUIR_RUTA,0.10198245092426579
49.248,nan,nan,nan,SEGUIR_RUTA,0.10169386783802993
49.28,nan,nan,nan,SEGUIR_RUTA,0.10221499829550565
49.312,nan,nan,nan,SEGUIR_RUTA,0.10293147127474218
49.344,nan,nan,nan,SEGUIR_RUTA,0.10171899164526647
49.376,nan,nan,nan,SEGUIR_RUTA,0.10245807790185911
49.408,nan,nan,nan,SEGUIR_RUTA,0.10315254500944328
49.44,nan,nan,nan,SEGUIR_RUTA,0.10336450448872117
49.472,nan,nan,nan,SEGUIR_RUTA,0.10294204418955662
49.504,nan,nan,nan,SEGUIR_RUTA,0.10291651695885919
49.536,nan,nan,nan,SEGUIR_RUTA,0.1021948295176588
49.568,nan,nan,nan,SEGUIR_RUTA,0.10306244201871961
49.6,nan,nan,nan,SEGUIR_RUTA,0.10360656574536829
49.632,nan,nan,nan,SEGUIR_RUTA,0.10259791477747275
49.664,nan,nan,nan,SEGUIR_RUTA,0.10279877531034205
49.696,nan,nan,nan,SEGUIR_RUTA,0.10313757054027044
49.728,nan,nan,nan,SEGUIR_RUTA,0.10344406069446503
49.76,nan,nan,nan,SEGUIR_RUTA,0.1030277695776233
49.792,nan,nan,nan,SEGUIR_RUTA,0.10302840407083015
49.824,nan,nan,nan,SEGUIR_RUTA,0.10241017650301568
49.856,nan,nan,nan,SEGUIR_RUTA,0.10286050316095917
49.888,nan,nan,nan,SEGUIR_RUTA,0.103080132462978
49.92,nan,nan,nan,SEGUIR_RUTA,0.10319935527639365
49.952,nan,nan,nan,SEGUIR_RUTA,0.1024117345827585
49.984,nan,nan,nan,SEGUIR_RUTA,0.10238702437338743
50.016,nan,nan,nan,SEGUIR_RUTA,0.10298316564950813
50.048,nan,nan,nan,SEGUIR_RUTA,0.10341956484977587
50.08,nan,nan,nan,SEGUIR_RUTA,0.1032396214214879
50.112,nan,nan,nan,SEGUIR_RUTA,0.10343458320961266
50.144,nan,nan,nan,SEGUIR_RUTA,0.10391842848602506
50.176,nan,nan,nan,SEGUIR_RUTA,0.10308071786730036
50.208,nan,nan,nan,SEGUIR_RUTA,0.10313024478837488
50.24,nan,nan,nan,SEGUIR_RUTA,0.10391702779400439
50.272,nan,nan,nan,SEGUIR_RUTA,0.10230676519159666
50.304,nan,nan,nan,SEGUIR_RUTA,0.1027679557771187
50.336,nan,nan,nan,SEGUIR_RUTA,0.10311614360144021
50.368,nan,nan,nan,SEGUIR_RUTA,0.10209782820907314
50.4,nan,nan,nan,SEGUIR_RUTA,0.10202017216919759
50.432,nan,nan,nan,SEGUIR_RUTA,0.10270866226646191
50.464,nan,nan,nan,SEGUIR_RUTA,0.10280979527236599
50.496,nan,nan,nan,SEGUIR_RUTA,0.10182873067626465
50.528,nan,nan,nan,SEGUIR_RUTA,0.10191065756504483
50.56,nan,nan,nan,SEGUIR_RUTA,0.10268519662584011
50.592,nan,nan,nan,SEGUIR_RUTA,0.10155046597530852
50.624,nan,nan,nan,SEGUIR_RUTA,0.10224664488166645
50.656,nan,nan,nan,SEGUIR_RUTA,0.10270626272767336
50.688,nan,nan,nan,SEGUIR_RUTA,0.10258259541483052
50.72,nan,nan,nan,SEGUIR_RUTA,0.10290852511581862
50.752,nan,nan,nan,SEGUIR_RUTA,0.10287387752119422
50.784,nan,nan,nan,SEGUIR_RUTA,0.10312594919302934
50.816,nan,nan,nan,SEGUIR_RUTA,0.1031128573717027
50.848,nan,nan,nan,SEGUIR_RUTA,0.10231968329645076
50.88,nan,nan,nan,SEGUIR_RUTA,0.10195346582818396
50.912,nan,nan,nan,SEGUIR_RUTA,0.10185277074412959
50.944,nan,nan,nan,SEGUIR_RUTA,0.10244788332625407
50.976,nan,nan,nan,SEGUIR_RUTA,0.10212154511454687
51.008,nan,nan,nan,SEGUIR_RUTA,0.10217447394705642
51.04,nan,nan,nan,SEGUIR_RUTA,0.10185276971893267
51.072,nan,nan,nan,SEGUIR_RUTA,0.10264824193451956
51.104,nan,nan,nan,SEGUIR_RUTA,0.10292419177347961
51.136,nan,nan,nan,SEGUIR_RUTA,0.1022013462102525
51.168,nan,nan,nan,SEGUIR_RUTA,0.10220786084707069
51.2,nan,nan,nan,SEGUIR_RUTA,0.1015209187610084
51.232,nan,nan,nan,SEGUIR_RUTA,0.1021092502432846
51.264,nan,nan,nan,SEGUIR_RUTA,0.10181934326475647
51.296,nan,nan,nan,SEGUIR_RUTA,0.10172830753893053
51.328,nan,nan,nan,SEGUIR_RUTA,0.10256497561848206
51.36,nan,nan,nan,SEGUIR_RUTA,0.10218611070042477
51.392,nan,nan,nan,SEGUIR_RUTA,0.10266972123213132
51.424,nan,nan,nan,SEGUIR_RUTA,0.1022759780126179
51.456,nan,nan,nan,SEGUIR_RUTA,0.10213762169026742
51.488,nan,nan,nan,SEGUIR_RUTA,0.10094518702653443
51.52,nan,nan,nan,SEGUIR_RUTA,0.1016849452671835
51.552,nan,nan,nan,SEGUIR_RUTA,0.10229637420088614
51.584,nan,nan,nan,SEGUIR_RUTA,0.10269542210844271
51.616,nan,nan,nan,SEGUIR_RUTA,0.10229839883240359
51.648,nan,nan,nan,SEGUIR_RUTA,0.10296347196500866
51.68,nan,nan,nan,SEGUIR_RUTA,0.10295786678367783
51.712,nan,nan,nan,SEGUIR_RUTA,0.1027119888188093
51.744,nan,nan,nan,SEGUIR_RUTA,0.10121827199599656
51.776,nan,nan,nan,SEGUIR_RUTA,0.1007876136008036
51.808,nan,nan,nan,SEGUIR_RUTA,0.10122638639928819
51.84,nan,nan,nan,SEGUIR_RUTA,0.10175973156268699
51.872,nan,nan,nan,SEGUIR_RUTA,0.10194932271684465
51.904,nan,nan,nan,SEGUIR_RUTA,0.10231045458276941
51.936,nan,nan,nan,SEGUIR_RUTA,0.10333919576817155
51.968,nan,nan,nan,SEGUIR_RUTA,0.10367209428547405
52.0,nan,nan,nan,SEGUIR_RUTA,0.10306019564000635
52.032000000000004,nan,nan,nan,SEGUIR_RUTA,0.10432533874426995
52.064,nan,nan,nan,SEGUIR_RUTA,0.10339379222006226
52.096000000000004,nan,nan,nan,SEGUIR_RUTA,0.10364115629734649
52.128,nan,nan,nan,SEGUIR_RUTA,0.10343107063381506
52.160000000000004,nan,nan,nan,SEGUIR_RUTA,0.10238308846397008
52.192,nan,nan,nan,SEGUIR_RUTA,0.1023404897289524
52.224000000000004,nan,nan,nan,SEGUIR_RUTA,0.10219575122358597
52.256,nan,nan,nan,SEGUIR_RUTA,0.10274178108832532
52.288000000000004,nan,nan,nan,SEGUIR_RUTA,0.10264135371182503
52.32,nan,nan,nan,SEGUIR_RUTA,0.10268539038032154
52.352000000000004,nan,nan,nan,SEGUIR_RUTA,0.10265809799261538
52.384,nan,nan,nan,SEGUIR_RUTA,0.1037503571675833
52.416000000000004,nan,nan,nan,SEGUIR_RUTA,0.10351591359849154
52.448,nan,nan,nan,SEGUIR_RUTA,0.10356721880055085
52.480000000000004,nan,nan,nan,SEGUIR_RUTA,0.10271944026182384
52.512,nan,nan,nan,SEGUIR_RUTA,0.10356602062970045
52.544000000000004,nan,nan,nan,SEGUIR_RUTA,0.10292439273372904
52.576,nan,nan,nan,SEGUIR_RUTA,0.10390578498583423
52.608000000000004,nan,nan,nan,SEGUIR_RUTA,0.10442103570657349
52.64,nan,nan,nan,SEGUIR_RUTA,0.10431746730712156
52.672000000000004,nan,nan,nan,SEGUIR_RUTA,0.10352089061368358
52.704,nan,nan,nan,SEGUIR_RUTA,0.10344256262314991
52.736000000000004,nan,nan,nan,SEGUIR_RUTA,0.10277271621842755
52.768,nan,nan,nan,SEGUIR_RUTA,0.10194690305766886
52.800000000000004,nan,nan,nan,SEGUIR_RUTA,0.10224828807354772
52.832,nan,nan,nan,SEGUIR_RUTA,0.10222560679925156
52.864000000000004,nan,nan,nan,SEGUIR_RUTA,0.10311469151429753
52.896,nan,nan,nan,SEGUIR_RUTA,0.10349159648884032
52.928000000000004,nan,nan,nan,SEGUIR_RUTA,0.10401714756469009
52.96,nan,nan,nan,SEGUIR_RUTA,0.10260657099196122
52.992000000000004,nan,nan,nan,SEGUIR_RUTA,0.10219480602054894
53.024,nan,nan,nan,SEGUIR_RUTA,0.10154452622551643
53.056000000000004,nan,nan,nan,SEGUIR_RUTA,0.10232920248329612
53.088,nan,nan,nan,SEGUIR_RUTA,0.1025749102699636
53.120000000000005,nan,nan,nan,SEGUIR_RUTA,0.10222189777166073
53.152,nan,nan,nan,SEGUIR_RUTA,0.10209506539434295
53.184000000000005,nan,nan,nan,SEGUIR_RUTA,0.10251274576932846
53.216,nan,nan,nan,SEGUIR_RUTA,0.10206994057664391
53.248000000000005,nan,nan,nan,SEGUIR_RUTA,0.10206585943843882
53.28,nan,nan,nan,SEGUIR_RUTA,0.10249315661209168
53.312,nan,nan,nan,SEGUIR_RUTA,0.10291448332069406
53.344,nan,nan,nan,SEGUIR_RUTA,0.10141796564660004
53.376,nan,nan,nan,SEGUIR_RUTA,0.10167215074918431
53.408,nan,nan,nan,SEGUIR_RUTA,0.10250738549206946
53.44,nan,nan,nan,SEGUIR_RUTA,0.10191792480265274
53.472,nan,nan,nan,SEGUIR_RUTA,0.10156488249126189
53.504,nan,nan,nan,SEGUIR_RUTA,0.10056258481505503
53.536,nan,nan,nan,SEGUIR_RUTA,0.10058641530445264
53.568,nan,nan,nan,SEGUIR_RUTA,0.10077589940540206
53.6,nan,nan,nan,SEGUIR_RUTA,0.10043185389732757
53.632,nan,nan,nan,SEGUIR_RUTA,0.1012269302326829
53.664,nan,nan,nan,SEGUIR_RUTA,0.10101982288543113
53.696,nan,nan,nan,SEGUIR_RUTA,0.10171300660332684
53.728,nan,nan,nan,SEGUIR_RUTA,0.10206171387891812
53.76,nan,nan,nan,SEGUIR_RUTA,0.10283380252947374
53.792,nan,nan,nan,SEGUIR_RUTA,0.10217657071377816
53.824,nan,nan,nan,SEGUIR_RUTA,0.10299225514612344
53.856,nan,nan,nan,SEGUIR_RUTA,0.10281062371674429
53.888,nan,nan,nan,SEGUIR_RUTA,0.10194060186823156
53.92,nan,nan,nan,SEGUIR_RUTA,0.10195946212035148
53.952,nan,nan,nan,SEGUIR_RUTA,0.10182927921055886
53.984,nan,nan,nan,SEGUIR_RUTA,0.103041642504375
54.016,nan,nan,nan,SEGUIR_RUTA,0.1022109773229085
54.048,nan,nan,nan,SEGUIR_RUTA,0.10307395956444085
54.08,nan,nan,nan,SEGUIR_RUTA,0.10348844984673132
54.112,nan,nan,nan,SEGUIR_RUTA,0.10402309624318248
54.144,nan,nan,nan,SEGUIR_RUTA,0.10492020805180528
54.176,nan,nan,nan,SEGUIR_RUTA,0.10420630417837415
54.208,nan,nan,nan,SEGUIR_RUTA,0.10329333613744407
54.24,nan,nan,nan,SEGUIR_RUTA,0.10226928264505933
54.272,nan,nan,nan,SEGUIR_RUTA,0.102734932669687
54.304,nan,nan,nan,SEGUIR_RUTA,0.10294352318942096
54.336,nan,nan,nan,SEGUIR_RUTA,0.1021006367485386
54.368,nan,nan,nan,SEGUIR_RUTA,0.10184403190021443
54.4,nan,nan,nan,SEGUIR_RUTA,0.10271936438494465
54.432,nan,nan,nan,SEGUIR_RUTA,0.1033428884605657
54.464,nan,nan,nan,SEGUIR_RUTA,0.10379497040253483
54.496,nan,nan,nan,SEGUIR_RUTA,0.10376690178099657
54.528,nan,nan,nan,SEGUIR_RUTA,0.10356209004422216
54.56,nan,nan,nan,SEGUIR_RUTA,0.10306211960041414
54.592,nan,nan,nan,SEGUIR_RUTA,0.10268419297145978
54.624,nan,nan,nan,SEGUIR_RUTA,0.10388990882704623
54.656,nan,nan,nan,SEGUIR_RUTA,0.10188997827058333
54.688,nan,nan,nan,SEGUIR_RUTA,0.10179699499760178
54.72,nan,nan,nan,SEGUIR_RUTA,0.10213826736670341
54.752,nan,nan,nan,SEGUIR_RUTA,0.10272798246661487
54.784,nan,nan,nan,SEGUIR_RUTA,0.10317845401602233
54.816,nan,nan,nan,SEGUIR_RUTA,0.10299256771403317
54.848,nan,nan,nan,SEGUIR_RUTA,0.10363610089628494
54.88,nan,nan,nan,SEGUIR_RUTA,0.1037462338708744
54.912,nan,nan,nan,SEGUIR_RUTA,0.10271024343287342
54.944,nan,nan,nan,SEGUIR_RUTA,0.10323731291098474
54.976,nan,nan,nan,SEGUIR_RUTA,0.1018191690646897
55.008,nan,nan,nan,SEGUIR_RUTA,0.10002916822003227
55.04,nan,nan,nan,SEGUIR_RUTA,0.09715496564570818
55.072,nan,nan,nan,SEGUIR_RUTA,0.0933405003061435
55.104,nan,nan,nan,SEGUIR_RUTA,0.08890041497394356
55.136,nan,nan,nan,SEGUIR_RUTA,0.08463762531813405
55.168,nan,nan,nan,SEGUIR_RUTA,0.08230629590739667
55.2,nan,nan,nan,SEGUIR_RUTA,0.08002839336096279
55.232,nan,nan,nan,SEGUIR_RUTA,0.07864315074409764
55.264,nan,nan,nan,SEGUIR_RUTA,0.0763732749117713
55.296,nan,nan,nan,EVADIENDO,0.07330779624188441
55.328,nan,nan,nan,EVADIENDO,0.07330779624188441
55.36,nan,nan,nan,EVADIENDO,0.07330779624188441
55.392,nan,nan,nan,EVADIENDO,0.07330779624188441
55.424,nan,nan,nan,EVADIENDO,0.07330779624188441
55.456,nan,nan,nan,EVADIENDO,0.07330779624188441
55.488,nan,nan,nan,EVADIENDO,0.07330779624188441
55.52,nan,nan,nan,EVADIENDO,0.07330779624188441
55.552,nan,nan,nan,EVADIENDO,0.07330779624188441
55.584,nan,nan,nan,EVADIENDO,0.07330779624188441
55.616,nan,nan,nan,EVADIENDO,0.07330779624188441
55.648,nan,nan,nan,EVADIENDO,0.07330779624188441
55.68,nan,nan,nan,EVADIENDO,0.07330779624188441
55.712,nan,nan,nan,EVADIENDO,0.07330779624188441
55.744,nan,nan,nan,EVADIENDO,0.07330779624188441
55.776,nan,nan,nan,EVADIENDO,0.07330779624188441
55.808,nan,nan,nan,EVADIENDO,0.07330779624188441
55.84,nan,nan,nan,EVADIENDO,0.07330779624188441
55.872,nan,nan,nan,EVADIENDO,0.07330779624188441
55.904,nan,nan,nan,EVADIENDO,0.07330779624188441
55.936,nan,nan,nan,EVADIENDO,0.07330779624188441
55.968,nan,nan,nan,EVADIENDO,0.07330779624188441
56.0,nan,nan,nan,EVADIENDO,0.07330779624188441
56.032000000000004,nan,nan,nan,EVADIENDO,0.07330779624188441
56.064,nan,nan,nan,EVADIENDO,0.07330779624188441
56.096000000000004,nan,nan,nan,EVADIENDO,0.07330779624188441
56.128,nan,nan,nan,EVADIENDO,0.07330779624188441
56.160000000000004,nan,nan,nan,EVADIENDO,0.07330779624188441
56.192,nan,nan,nan,EVADIENDO,0.07330779624188441
56.224000000000004,nan,nan,nan,EVADIENDO,0.07330779624188441
56.256,nan,nan,nan,EVADIENDO,0.07330779624188441
56.288000000000004,nan,nan,nan,EVADIENDO,0.07330779624188441
56.32,nan,nan,nan,EVADIENDO,0.07330779624188441
56.352000000000004,nan,nan,nan,EVADIENDO,0.07330779624188441
56.384,nan,nan,nan,EVADIENDO,0.07330779624188441
56.416000000000004,nan,nan,nan,SEGUIR_RUTA,0.07330779624188441
56.448,nan,nan,nan,SEGUIR_RUTA,0.10529410004722548
56.480000000000004,nan,nan,nan,SEGUIR_RUTA,0.10465582872663053
56.512,nan,nan,nan,SEGUIR_RUTA,0.10507441128216412
56.544000000000004,nan,nan,nan,SEGUIR_RUTA,0.10429858613548011
56.576,nan,nan,nan,SEGUIR_RUTA,0.1042066821768226
56.608000000000004,nan,nan,nan,SEGUIR_RUTA,0.10311847579816
56.64,nan,nan,nan,SEGUIR_RUTA,0.10322478608285651
56.672000000000004,nan,nan,nan,SEGUIR_RUTA,0.10274973074027427
56.704,nan,nan,nan,SEGUIR_RUTA,0.10236403072549553
56.736000000000004,nan,nan,nan,SEGUIR_RUTA,0.10344292567039567
56.768,nan,nan,nan,SEGUIR_RUTA,0.10352942635644109
56.800000000000004,nan,nan,nan,SEGUIR_RUTA,0.10248127623749348
56.832,nan,nan,nan,SEGUIR_RUTA,0.10212310997104007
56.864000000000004,nan,nan,nan,SEGUIR_RUTA,0.10202021344699652
56.896,nan,nan,nan,SEGUIR_RUTA,0.10190266563021363
56.928000000000004,nan,nan,nan,SEGUIR_RUTA,0.1025327722799242
56.96,nan,nan,nan,SEGUIR_RUTA,0.10280671901298488
56.992000000000004,nan,nan,nan,SEGUIR_RUTA,0.10276167936279831
57.024,nan,nan,nan,SEGUIR_RUTA,0.10275195260197637
57.056000000000004,nan,nan,nan,SEGUIR_RUTA,0.10230676643085035
57.088,nan,nan,nan,SEGUIR_RUTA,0.10268285288456208
57.120000000000005,nan,nan,nan,SEGUIR_RUTA,0.10206775868358231
57.152,nan,nan,nan,SEGUIR_RUTA,0.10280732305707468
57.184000000000005,nan,nan,nan,SEGUIR_RUTA,0.10169993421965462
57.216,nan,nan,nan,SEGUIR_RUTA,0.10097245358775447
57.248000000000005,nan,nan,nan,SEGUIR_RUTA,0.10201078095443973
57.28,nan,nan,nan,SEGUIR_RUTA,0.10246219085036865
57.312000000000005,nan,nan,nan,SEGUIR_RUTA,0.10291767278586696
57.344,nan,nan,nan,SEGUIR_RUTA,0.10264443711269627
57.376,nan,nan,nan,SEGUIR_RUTA,0.10214561315399233
57.408,nan,nan,nan,SEGUIR_RUTA,0.1024279584990609
57.44,nan,nan,nan,SEGUIR_RUTA,0.10264572240215897
57.472,nan,nan,nan,SEGUIR_RUTA,0.10256143760542509
57.504,nan,nan,nan,SEGUIR_RUTA,0.10277483955903463
57.536,nan,nan,nan,SEGUIR_RUTA,0.1032799609131226
57.568,nan,nan,nan,SEGUIR_RUTA,0.10272058096222994
57.6,nan,nan,nan,SEGUIR_RUTA,0.1019854533545318
57.632,nan,nan,nan,SEGUIR_RUTA,0.10248623586191057
57.664,nan,nan,nan,SEGUIR_RUTA,0.10210445723432324
57.696,nan,nan,nan,SEGUIR_RUTA,0.10182410515672052
57.728,nan,nan,nan,SEGUIR_RUTA,0.10245656787991228
57.76,nan,nan,nan,SEGUIR_RUTA,0.10277069925095869
57.792,nan,nan,nan,SEGUIR_RUTA,0.10346472921242264
57.824,nan,nan,nan,SEGUIR_RUTA,0.10304265582627027
57.856,nan,nan,nan,SEGUIR_RUTA,0.10314597960629864
57.888,nan,nan,nan,SEGUIR_RUTA,0.10284651007966815
57.92,nan,nan,nan,SEGUIR_RUTA,0.10319672520850028
57.952,nan,nan,nan,SEGUIR_RUTA,0.10307003512052358
57.984,nan,nan,nan,SEGUIR_RUTA,0.10290455304886208
58.016,nan,nan,nan,SEGUIR_RUTA,0.10361447119481416
58.048,nan,nan,nan,SEGUIR_RUTA,0.10312575753568086
58.08,nan,nan,nan,SEGUIR_RUTA,0.102031869966165
58.112,nan,nan,nan,SEGUIR_RUTA,0.10132311409047885
58.144,nan,nan,nan,SEGUIR_RUTA,0.10109622911261032
58.176,nan,nan,nan,SEGUIR_RUTA,0.10196907543106996
58.208,nan,nan,nan,SEGUIR_RUTA,0.10125591036722044
58.24,nan,nan,nan,SEGUIR_RUTA,0.10167951975100979
58.272,nan,nan,nan,SEGUIR_RUTA,0.10245200251251291
58.304,nan,nan,nan,SEGUIR_RUTA,0.10193302510657892
58.336,nan,nan,nan,SEGUIR_RUTA,0.10195442739406911
58.368,nan,nan,nan,SEGUIR_RUTA,0.10239032018263836
58.4,nan,nan,nan,SEGUIR_RUTA,0.10251671512686815
58.432,nan,nan,nan,SEGUIR_RUTA,0.10311733875152088
58.464,nan,nan,nan,SEGUIR_RUTA,0.10314955218424543
58.496,nan,nan,nan,SEGUIR_RUTA,0.1036279505729007
58.528,nan,nan,nan,SEGUIR_RUTA,0.10351378053063777
58.56,nan,nan,nan,SEGUIR_RUTA,0.10351872488954313
58.592,nan,nan,nan,SEGUIR_RUTA,0.10336378755207933
58.624,nan,nan,nan,SEGUIR_RUTA,0.103686272156656
58.656,nan,nan,nan,SEGUIR_RUTA,0.10339693419139857
58.688,nan,nan,nan,SEGUIR_RUTA,0.10229488255037739
58.72,nan,nan,nan,SEGUIR_RUTA,0.10287016361712936
58.752,nan,nan,nan,SEGUIR_RUTA,0.10126663316225172
58.784,nan,nan,nan,SEGUIR_RUTA,0.10121481174997166
58.816,nan,nan,nan,SEGUIR_RUTA,0.10033052447526186
58.848,nan,nan,nan,SEGUIR_RUTA,0.1016572812823872
58.88,nan,nan,nan,SEGUIR_RUTA,0.10174290676838842
58.912,nan,nan,nan,SEGUIR_RUTA,0.10350207193583277
58.944,nan,nan,nan,SEGUIR_RUTA,0.10402678309898351
58.976,nan,nan,nan,SEGUIR_RUTA,0.10316965331933109
59.008,nan,nan,nan,SEGUIR_RUTA,0.10256588726192437
59.04,nan,nan,nan,SEGUIR_RUTA,0.10311271788321154
59.072,nan,nan,nan,SEGUIR_RUTA,0.10392089323080413
59.104,nan,nan,nan,SEGUIR_RUTA,0.10310691345750726
59.136,nan,nan,nan,SEGUIR_RUTA,0.103923675037924
59.168,nan,nan,nan,SEGUIR_RUTA,0.10454444365246922
59.2,nan,nan,nan,SEGUIR_RUTA,0.10411372367068727
59.232,nan,nan,nan,SEGUIR_RUTA,0.10338955918166678
59.264,nan,nan,nan,SEGUIR_RUTA,0.10364423769057696
59.296,nan,nan,nan,SEGUIR_RUTA,0.10382115943009891
59.328,nan,nan,nan,SEGUIR_RUTA,0.10463063421406855
59.36,nan,nan,nan,SEGUIR_RUTA,0.10313927883664646
59.392,nan,nan,nan,SEGUIR_RUTA,0.10357740217253165
59.424,nan,nan,nan,SEGUIR_RUTA,0.1026554376036852
59.456,nan,nan,nan,SEGUIR_RUTA,0.10325710938657634
59.488,nan,nan,nan,SEGUIR_RUTA,0.10317842805462103
59.52,nan,nan,nan,SEGUIR_RUTA,0.10240991766821558
59.552,nan,nan,nan,SEGUIR_RUTA,0.10333766077543352
59.584,nan,nan,nan,SEGUIR_RUTA,0.1038872490447511
59.616,nan,nan,nan,SEGUIR_RUTA,0.10422060241048822
59.648,nan,nan,nan,SEGUIR_RUTA,0.10333860004912825
59.68,nan,nan,nan,SEGUIR_RUTA,0.10347484084079882
59.712,nan,nan,nan,SEGUIR_RUTA,0.10392058009193571
59.744,nan,nan,nan,SEGUIR_RUTA,0.10256403424013073
59.776,nan,nan,nan,SEGUIR_RUTA,0.10314574826008832
59.808,nan,nan,nan,SEGUIR_RUTA,0.10380709185960077
59.84,nan,nan,nan,SEGUIR_RUTA,0.10343040900467991
59.872,nan,nan,nan,SEGUIR_RUTA,0.10232448813046184
59.904,nan,nan,nan,SEGUIR_RUTA,0.10235480452500148
59.936,nan,nan,nan,SEGUIR_RUTA,0.10206780388577254
59.968,nan,nan,nan,SEGUIR_RUTA,0.10127134083474879
60.0,nan,nan,nan,SEGUIR_RUTA,0.10150011322672516
60.032000000000004,nan,nan,nan,SEGUIR_RUTA,0.10292849714116359
60.064,nan,nan,nan,SEGUIR_RUTA,0.10299034850333028
60.096000000000004,nan,nan,nan,SEGUIR_RUTA,0.1037246403308808
60.128,nan,nan,nan,SEGUIR_RUTA,0.10282507814491157
60.160000000000004,nan,nan,nan,SEGUIR_RUTA,0.10232925825962241
60.192,nan,nan,nan,SEGUIR_RUTA,0.10247493096198837
60.224000000000004,nan,nan,nan,SEGUIR_RUTA,0.1027156042070769
60.256,nan,nan,nan,SEGUIR_RUTA,0.10323439513967286
60.288000000000004,nan,nan,nan,SEGUIR_RUTA,0.1033645202638915
60.32,nan,nan,nan,SEGUIR_RUTA,0.10261817598334025
60.352000000000004,nan,nan,nan,SEGUIR_RUTA,0.10223220564488618
60.384,nan,nan,nan,SEGUIR_RUTA,0.10229873538110879
60.416000000000004,nan,nan,nan,SEGUIR_RUTA,0.10145206700723605
60.448,nan,nan,nan,SEGUIR_RUTA,0.10310340762687482
60.480000000000004,nan,nan,nan,SEGUIR_RUTA,0.10253274127159599
60.512,nan,nan,nan,SEGUIR_RUTA,0.10200043711517888
60.544000000000004,nan,nan,nan,SEGUIR_RUTA,0.10290343660031177
60.576,nan,nan,nan,SEGUIR_RUTA,0.10305792738346431
60.608000000000004,nan,nan,nan,SEGUIR_RUTA,0.10228569093719257
60.64,nan,nan,nan,SEGUIR_RUTA,0.10219149084363799
60.672000000000004,nan,nan,nan,SEGUIR_RUTA,0.10258472694288744
60.704,nan,nan,nan,SEGUIR_RUTA,0.10278418826338911
60.736000000000004,nan,nan,nan,SEGUIR_RUTA,0.10246247074835156
60.768,nan,nan,nan,SEGUIR_RUTA,0.10325549032302803
60.800000000000004,nan,nan,nan,SEGUIR_RUTA,0.103342309111168
60.832,nan,nan,nan,SEGUIR_RUTA,0.10329864227806493
60.864000000000004,nan,nan,nan,SEGUIR_RUTA,0.10405222741438978
60.896,nan,nan,nan,SEGUIR_RUTA,0.10428205509893072
60.928000000000004,nan,nan,nan,SEGUIR_RUTA,0.1048409997897413
60.96,nan,nan,nan,SEGUIR_RUTA,0.10422663068431079
60.992000000000004,nan,nan,nan,SEGUIR_RUTA,0.10414321949347101
61.024,nan,nan,nan,SEGUIR_RUTA,0.10399963515785042
61.056000000000004,nan,nan,nan,SEGUIR_RUTA,0.1035699654577102
61.088,nan,nan,nan,SEGUIR_RUTA,0.1021742518970126
61.120000000000005,nan,nan,nan,SEGUIR_RUTA,0.1023521903553691
61.152,nan,nan,nan,SEGUIR_RUTA,0.1021763733004923
61.184000000000005,nan,nan,nan,SEGUIR_RUTA,0.10128173706290494
61.216,nan,nan,nan,SEGUIR_RUTA,0.10168065500463042
61.248000000000005,nan,nan,nan,SEGUIR_RUTA,0.1021535093655541
61.28,nan,nan,nan,SEGUIR_RUTA,0.10300847829556131
61.312000000000005,nan,nan,nan,SEGUIR_RUTA,0.10303507656445919
61.344,nan,nan,nan,SEGUIR_RUTA,0.1037463811652957
61.376000000000005,nan,nan,nan,SEGUIR_RUTA,0.10260609843776378
61.408,nan,nan,nan,SEGUIR_RUTA,0.10225270096388271
61.44,nan,nan,nan,SEGUIR_RUTA,0.1026127737743968
61.472,nan,nan,nan,SEGUIR_RUTA,0.10238592824579293
61.504,nan,nan,nan,SEGUIR_RUTA,0.10316787246835883
61.536,nan,nan,nan,SEGUIR_RUTA,0.10200549465865612
61.568,nan,nan,nan,SEGUIR_RUTA,0.10197511289577436
61.6,nan,nan,nan,SEGUIR_RUTA,0.10239560464749449
61.632,nan,nan,nan,SEGUIR_RUTA,0.10227920648429008
61.664,nan,nan,nan,SEGUIR_RUTA,0.10299772225769559
61.696,nan,nan,nan,SEGUIR_RUTA,0.10175478759049818
61.728,nan,nan,nan,SEGUIR_RUTA,0.10226197433936893
61.76,nan,nan,nan,SEGUIR_RUTA,0.1021000217720975
61.792,nan,nan,nan,SEGUIR_RUTA,0.10321267907887426
61.824,nan,nan,nan,SEGUIR_RUTA,0.10266366700760014
61.856,nan,nan,nan,SEGUIR_RUTA,0.10266840441276684
61.888,nan,nan,nan,SEGUIR_RUTA,0.10215281404978208
61.92,nan,nan,nan,SEGUIR_RUTA,0.10185458551113542
61.952,nan,nan,nan,SEGUIR_RUTA,0.10155685720875794
61.984,nan,nan,nan,SEGUIR_RUTA,0.10204254433465744
62.016,nan,nan,nan,SEGUIR_RUTA,0.10262921285532017
62.048,nan,nan,nan,SEGUIR_RUTA,0.10155240263942907
62.08,nan,nan,nan,SEGUIR_RUTA,0.10230376867377036
62.112,nan,nan,nan,SEGUIR_RUTA,0.10261127203590954
62.144,nan,nan,nan,SEGUIR_RUTA,0.10238868117006791
62.176,nan,nan,nan,SEGUIR_RUTA,0.10284709479764363
62.208,nan,nan,nan,SEGUIR_RUTA,0.10246421096735296
62.24,nan,nan,nan,SEGUIR_RUTA,0.1025714735937215
62.272,nan,nan,nan,SEGUIR_RUTA,0.10129371921056958
62.304,nan,nan,nan,SEGUIR_RUTA,0.10191760530950304
62.336,nan,nan,nan,SEGUIR_RUTA,0.10102749136665165
62.368,nan,nan,nan,SEGUIR_RUTA,0.10117651823717515
62.4,nan,nan,nan,SEGUIR_RUTA,0.10231604306342551
62.432,nan,nan,nan,SEGUIR_RUTA,0.10278300952953917
62.464,nan,nan,nan,SEGUIR_RUTA,0.10354904043546317
62.496,nan,nan,nan,SEGUIR_RUTA,0.10314280906909819
62.528,nan,nan,nan,SEGUIR_RUTA,0.10287819768531048
62.56,nan,nan,nan,SEGUIR_RUTA,0.10235562649565258
62.592,nan,nan,nan,SEGUIR_RUTA,0.10307518025593604
62.624,nan,nan,nan,SEGUIR_RUTA,0.10254014289694172
62.656,nan,nan,nan,SEGUIR_RUTA,0.10260627967275361
62.688,nan,nan,nan,SEGUIR_RUTA,0.10254616853716297
62.72,nan,nan,nan,SEGUIR_RUTA,0.10234653270773188
62.752,nan,nan,nan,SEGUIR_RUTA,0.10218633101409338
62.784,nan,nan,nan,SEGUIR_RUTA,0.1022680320684505
62.816,nan,nan,nan,SEGUIR_RUTA,0.1030997731054582
62.848,nan,nan,nan,SEGUIR_RUTA,0.1031550534159522
62.88,nan,nan,nan,SEGUIR_RUTA,0.10324061764414422
62.912,nan,nan,nan,SEGUIR_RUTA,0.1035046279656753
62.944,nan,nan,nan,SEGUIR_RUTA,0.10385309135762813
62.976,nan,nan,nan,SEGUIR_RUTA,0.10307582181254396
63.008,nan,nan,nan,SEGUIR_RUTA,0.10370876123942262
63.04,nan,nan,nan,SEGUIR_RUTA,0.1031285984396962
63.072,nan,nan,nan,SEGUIR_RUTA,0.10330124685347124
63.104,nan,nan,nan,SEGUIR_RUTA,0.10271198586837652
63.136,nan,nan,nan,SEGUIR_RUTA,0.10299937934783637
63.168,nan,nan,nan,SEGUIR_RUTA,0.10279854798155662
63.2,nan,nan,nan,SEGUIR_RUTA,0.10234306173589638
63.232,nan,nan,nan,SEGUIR_RUTA,0.10306858404857068
63.264,nan,nan,nan,SEGUIR_RUTA,0.10378706693850097
63.296,nan,nan,nan,SEGUIR_RUTA,0.10315689560009021
63.328,nan,nan,nan,SEGUIR_RUTA,0.10251211487736543
63.36,nan,nan,nan,SEGUIR_RUTA,0.10153833172792982
63.392,nan,nan,nan,SEGUIR_RUTA,0.10187189843794917
63.424,nan,nan,nan,SEGUIR_RUTA,0.10187832636734122
63.456,nan,nan,nan,SEGUIR_RUTA,0.10282979872348412
63.488,nan,nan,nan,SEGUIR_RUTA,0.10290699763878179
63.52,nan,nan,nan,SEGUIR_RUTA,0.10323575694678584
63.552,nan,nan,nan,SEGUIR_RUTA,0.10325136976334819
63.584,nan,nan,nan,SEGUIR_RUTA,0.10430958694444473
63.616,nan,nan,nan,SEGUIR_RUTA,0.10400900566703479
63.648,nan,nan,nan,SEGUIR_RUTA,0.10436194635029285
63.68,nan,nan,nan,SEGUIR_RUTA,0.10376618617115405
63.712,nan,nan,nan,SEGUIR_RUTA,0.10382644474605704
63.744,nan,nan,nan,SEGUIR_RUTA,0.10193823880842409
63.776,nan,nan,nan,SEGUIR_RUTA,0.10241261529638165
63.808,nan,nan,nan,SEGUIR_RUTA,0.10268552347287764
63.84,nan,nan,nan,SEGUIR_RUTA,0.10177887625496511
63.872,nan,nan,nan,SEGUIR_RUTA,0.10151454858474415
63.904,nan,nan,nan,SEGUIR_RUTA,0.10334572488822662
63.936,nan,nan,nan,SEGUIR_RUTA,0.10328722654418798
63.968,nan,nan,nan,SEGUIR_RUTA,0.10288898679938947
64.0,nan,nan,nan,SEGUIR_RUTA,0.10241360111768202
64.032,nan,nan,nan,SEGUIR_RUTA,0.10248037513175665
64.06400000000001,nan,nan,nan,SEGUIR_RUTA,0.10242074154402547
64.096,nan,nan,nan,SEGUIR_RUTA,0.1022988105618852
64.128,nan,nan,nan,SEGUIR_RUTA,0.10170721850872276
64.16,nan,nan,nan,SEGUIR_RUTA,0.10198110224053171
64.19200000000001,nan,nan,nan,SEGUIR_RUTA,0.10161922378959205
64.224,nan,nan,nan,SEGUIR_RUTA,0.10224186331381095
64.256,nan,nan,nan,SEGUIR_RUTA,0.1025415550204963
64.288,nan,nan,nan,SEGUIR_RUTA,0.10269391588776358
64.32000000000001,nan,nan,nan,SEGUIR_RUTA,0.10274624603547876
64.352,nan,nan,nan,SEGUIR_RUTA,0.10413283763435657
64.384,nan,nan,nan,SEGUIR_RUTA,0.10402657123926069
64.416,nan,nan,nan,SEGUIR_RUTA,0.10452844388966956
64.44800000000001,nan,nan,nan,SEGUIR_RUTA,0.1044437658373987
64.48,nan,nan,nan,SEGUIR_RUTA,0.10415050458691676
64.512,nan,nan,nan,SEGUIR_RUTA,0.10304759582989191
64.544,nan,nan,nan,SEGUIR_RUTA,0.10232174197302221
64.57600000000001,nan,nan,nan,SEGUIR_RUTA,0.10182793697981456
64.608,nan,nan,nan,SEGUIR_RUTA,0.10106272341354537
64.64,nan,nan,nan,SEGUIR_RUTA,0.10128411074469704
64.672,nan,nan,nan,SEGUIR_RUTA,0.10229195408401827
64.70400000000001,nan,nan,nan,SEGUIR_RUTA,0.10199209352263869
64.736,nan,nan,nan,SEGUIR_RUTA,0.10263521237836946
64.768,nan,nan,nan,SEGUIR_RUTA,0.1027869562737821
64.8,nan,nan,nan,SEGUIR_RUTA,0.10283668706189224
64.83200000000001,nan,nan,nan,SEGUIR_RUTA,0.10203957027627475
64.864,nan,nan,nan,SEGUIR_RUTA,0.10319107076737333
64.896,nan,nan,nan,SEGUIR_RUTA,0.10253756991094647
64.928,nan,nan,nan,SEGUIR_RUTA,0.102006571190421
64.96000000000001,nan,nan,nan,SEGUIR_RUTA,0.10330648383297318
64.992,nan,nan,nan,SEGUIR_RUTA,0.1033734772324855
65.024,nan,nan,nan,SEGUIR_RUTA,0.10238240090573583
65.056,nan,nan,nan,SEGUIR_RUTA,0.10264230727182562
65.08800000000001,nan,nan,nan,SEGUIR_RUTA,0.10253177945348015
65.12,nan,nan,nan,SEGUIR_RUTA,0.1023469965114294
65.152,nan,nan,nan,SEGUIR_RUTA,0.10306385808234513
65.184,nan,nan,nan,SEGUIR_RUTA,0.1023430359282164
65.21600000000001,nan,nan,nan,SEGUIR_RUTA,0.10277481161654306
65.248,nan,nan,nan,SEGUIR_RUTA,0.10245526802399432
65.28,nan,nan,nan,SEGUIR_RUTA,0.10252207455344499
65.312,nan,nan,nan,SEGUIR_RUTA,0.1032033180957813
65.34400000000001,nan,nan,nan,SEGUIR_RUTA,0.10297158398853966
65.376,nan,nan,nan,SEGUIR_RUTA,0.10197506169763997
65.408,nan,nan,nan,SEGUIR_RUTA,0.10185381941096565
65.44,nan,nan,nan,SEGUIR_RUTA,0.10207725377130328
65.47200000000001,nan,nan,nan,SEGUIR_RUTA,0.10183505066080553
65.504,nan,nan,nan,SEGUIR_RUTA,0.10322439761444123
65.536,nan,nan,nan,SEGUIR_RUTA,0.10249904832225772
65.568,nan,nan,nan,SEGUIR_RUTA,0.10247592586904451
65.6,nan,nan,nan,SEGUIR_RUTA,0.10295186150783765
65.632,nan,nan,nan,SEGUIR_RUTA,0.1023541226173049
65.664,nan,nan,nan,SEGUIR_RUTA,0.1013605545048603
65.696,nan,nan,nan,SEGUIR_RUTA,0.10243350856586106
65.728,nan,nan,nan,SEGUIR_RUTA,0.10276192555966973
65.76,nan,nan,nan,SEGUIR_RUTA,0.1029125235553521
65.792,nan,nan,nan,SEGUIR_RUTA,0.10302994669964054
65.824,nan,nan,nan,SEGUIR_RUTA,0.10345649170776242
65.856,nan,nan,nan,SEGUIR_RUTA,0.10354130772413137
65.888,nan,nan,nan,SEGUIR_RUTA,0.10334206273036108
65.92,nan,nan,nan,SEGUIR_RUTA,0.10221432165713927
65.952,nan,nan,nan,SEGUIR_RUTA,0.10242237169730618
65.984,nan,nan,nan,SEGUIR_RUTA,0.10212098194900501
66.016,nan,nan,nan,SEGUIR_RUTA,0.10160410221147757
66.048,nan,nan,nan,SEGUIR_RUTA,0.10140766849171164
66.08,nan,nan,nan,SEGUIR_RUTA,0.10222192085133225
66.112,nan,nan,nan,SEGUIR_RUTA,0.10257178401378719
66.144,nan,nan,nan,SEGUIR_RUTA,0.10337498427164836
66.176,nan,nan,nan,SEGUIR_RUTA,0.10332168636300754
66.208,nan,nan,nan,SEGUIR_RUTA,0.10341319013910043
66.24,nan,nan,nan,SEGUIR_RUTA,0.10306169851477229
66.272,nan,nan,nan,SEGUIR_RUTA,0.10225643816916799
66.304,nan,nan,nan,SEGUIR_RUTA,0.10206957046494128
66.336,nan,nan,nan,SEGUIR_RUTA,0.10274186361643024
66.368,nan,nan,nan,SEGUIR_RUTA,0.10300067776627152
66.4,nan,nan,nan,SEGUIR_RUTA,0.10265473541201718
66.432,nan,nan,nan,SEGUIR_RUTA,0.10259144139155386
66.464,nan,nan,nan,SEGUIR_RUTA,0.10336417690407647
66.496,nan,nan,nan,SEGUIR_RUTA,0.10385024124544281
66.528,nan,nan,nan,SEGUIR_RUTA,0.10372706406787967
66.56,nan,nan,nan,SEGUIR_RUTA,0.10362847982124786
66.592,nan,nan,nan,SEGUIR_RUTA,0.10339336266671781
66.624,nan,nan,nan,SEGUIR_RUTA,0.10251090146377374
66.656,nan,nan,nan,SEGUIR_RUTA,0.10242517454452929
66.688,nan,nan,nan,SEGUIR_RUTA,0.10193566889300791
66.72,nan,nan,nan,SEGUIR_RUTA,0.10221416530820675
66.752,nan,nan,nan,SEGUIR_RUTA,0.10250179874822116
66.784,nan,nan,nan,SEGUIR_RUTA,0.10132765890563668
66.816,nan,nan,nan,SEGUIR_RUTA,0.10088295494555823
66.848,nan,nan,nan,SEGUIR_RUTA,0.1019484501558841
66.88,nan,nan,nan,SEGUIR_RUTA,0.10187591105383265
66.912,nan,nan,nan,SEGUIR_RUTA,0.10323441565682304
66.944,nan,nan,nan,SEGUIR_RUTA,0.10283935243332189
66.976,nan,nan,nan,SEGUIR_RUTA,0.10283634794941152
67.008,nan,nan,nan,SEGUIR_RUTA,0.10366165602787222
67.04,nan,nan,nan,SEGUIR_RUTA,0.10497154987357463
67.072,nan,nan,nan,SEGUIR_RUTA,0.10456089390532027
67.104,nan,nan,nan,SEGUIR_RUTA,0.10396029660312653
67.136,nan,nan,nan,SEGUIR_RUTA,0.10407988873273823
67.168,nan,nan,nan,SEGUIR_RUTA,0.1030586738949269
67.2,nan,nan,nan,SEGUIR_RUTA,0.1025944655486779
67.232,nan,nan,nan,SEGUIR_RUTA,0.10230688435906664
67.264,nan,nan,nan,SEGUIR_RUTA,0.10254017049011507
67.296,nan,nan,nan,SEGUIR_RUTA,0.10342764742222053
67.328,nan,nan,nan,SEGUIR_RUTA,0.10358522542660781
67.36,nan,nan,nan,SEGUIR_RUTA,0.1027845521159507
67.392,nan,nan,nan,SEGUIR_RUTA,0.10251234368035048
67.424,nan,nan,nan,SEGUIR_RUTA,0.1029390408266934
67.456,nan,nan,nan,SEGUIR_RUTA,0.10272532783253654
67.488,nan,nan,nan,SEGUIR_RUTA,0.10347261015569457
67.52,nan,nan,nan,SEGUIR_RUTA,0.10373208185964285
67.552,nan,nan,nan,SEGUIR_RUTA,0.10381613538156301
67.584,nan,nan,nan,SEGUIR_RUTA,0.10400041019310553
67.616,nan,nan,nan,SEGUIR_RUTA,0.10376866115201164
67.648,nan,nan,nan,SEGUIR_RUTA,0.10382926032158839
67.68,nan,nan,nan,SEGUIR_RUTA,0.10315113466138394
67.712,nan,nan,nan,SEGUIR_RUTA,0.1033383457379915
67.744,nan,nan,nan,SEGUIR_RUTA,0.10300668324169854
67.776,nan,nan,nan,SEGUIR_RUTA,0.10238250564505436
67.808,nan,nan,nan,SEGUIR_RUTA,0.10096144758198089
67.84,nan,nan,nan,SEGUIR_RUTA,0.10192473151046799
67.872,nan,nan,nan,SEGUIR_RUTA,0.10230330517002206
67.904,nan,nan,nan,SEGUIR_RUTA,0.10247396711035427
67.936,nan,nan,nan,SEGUIR_RUTA,0.10208915180690502
67.968,nan,nan,nan,SEGUIR_RUTA,0.10209323010499781
68.0,nan,nan,nan,SEGUIR_RUTA,0.10220121967176338
68.032,nan,nan,nan,SEGUIR_RUTA,0.10241083804241259
68.06400000000001,nan,nan,nan,SEGUIR_RUTA,0.10089086287105889
68.096,nan,nan,nan,SEGUIR_RUTA,0.100951784350413
68.128,nan,nan,nan,SEGUIR_RUTA,0.10081917747294945
68.16,nan,nan,nan,SEGUIR_RUTA,0.10149928784765103
68.19200000000001,nan,nan,nan,SEGUIR_RUTA,0.10196933326600902
68.224,nan,nan,nan,SEGUIR_RUTA,0.10145848936011859
68.256,nan,nan,nan,SEGUIR_RUTA,0.10189887791427614
68.288,nan,nan,nan,SEGUIR_RUTA,0.10261899806129335
68.32000000000001,nan,nan,nan,SEGUIR_RUTA,0.10194828343142014
68.352,nan,nan,nan,SEGUIR_RUTA,0.10287010235452056
68.384,nan,nan,nan,SEGUIR_RUTA,0.10335990322541808
68.416,nan,nan,nan,SEGUIR_RUTA,0.10284902314794687
68.44800000000001,nan,nan,nan,SEGUIR_RUTA,0.10232496077535014
68.48,nan,nan,nan,SEGUIR_RUTA,0.10211787532094799
68.512,nan,nan,nan,SEGUIR_RUTA,0.10161723596878716
68.544,nan,nan,nan,SEGUIR_RUTA,0.10151727182360687
68.57600000000001,nan,nan,nan,SEGUIR_RUTA,0.10221059228458566
68.608,nan,nan,nan,SEGUIR_RUTA,0.10318518432649575
68.64,nan,nan,nan,SEGUIR_RUTA,0.10317126716794228
68.672,nan,nan,nan,SEGUIR_RUTA,0.10187287909991678
68.70400000000001,nan,nan,nan,SEGUIR_RUTA,0.10201108918217809
68.736,nan,nan,nan,SEGUIR_RUTA,0.10189075030914645
68.768,nan,nan,nan,SEGUIR_RUTA,0.10109759111088036
68.8,nan,nan,nan,SEGUIR_RUTA,0.101898109450404
68.83200000000001,nan,nan,nan,SEGUIR_RUTA,0.10120116246966335
68.864,nan,nan,nan,SEGUIR_RUTA,0.10221200985777948
68.896,nan,nan,nan,SEGUIR_RUTA,0.10232185360210669
68.928,nan,nan,nan,SEGUIR_RUTA,0.10226286994565348
68.96000000000001,nan,nan,nan,SEGUIR_RUTA,0.10274262209794775
68.992,nan,nan,nan,SEGUIR_RUTA,0.10252578718231539
69.024,nan,nan,nan,SEGUIR_RUTA,0.10306082884739867
69.056,nan,nan,nan,SEGUIR_RUTA,0.10311197917771964
69.08800000000001,nan,nan,nan,SEGUIR_RUTA,0.10257996193439776
69.12,nan,nan,nan,SEGUIR_RUTA,0.10260458278566527
69.152,nan,nan,nan,SEGUIR_RUTA,0.1028798965185955
69.184,nan,nan,nan,SEGUIR_RUTA,0.10287858315569073
69.21600000000001,nan,nan,nan,SEGUIR_RUTA,0.10371387557522764
69.248,nan,nan,nan,SEGUIR_RUTA,0.10288421610972326
69.28,nan,nan,nan,SEGUIR_RUTA,0.10264880174885557
69.312,nan,nan,nan,SEGUIR_RUTA,0.10280095224825776
69.34400000000001,nan,nan,nan,SEGUIR_RUTA,0.10313848282110868
69.376,nan,nan,nan,SEGUIR_RUTA,0.10236925286420376
69.408,nan,nan,nan,SEGUIR_RUTA,0.10313209350802821
69.44,nan,nan,nan,SEGUIR_RUTA,0.10369206355277771
69.47200000000001,nan,nan,nan,SEGUIR_RUTA,0.10371757706095072
69.504,nan,nan,nan,SEGUIR_RUTA,0.10356099745124635
69.536,nan,nan,nan,SEGUIR_RUTA,0.10411982999579429
69.568,nan,nan,nan,SEGUIR_RUTA,0.10344404622340858
69.60000000000001,nan,nan,nan,SEGUIR_RUTA,0.1029826632993818
69.632,nan,nan,nan,SEGUIR_RUTA,0.10115459912552076
69.664,nan,nan,nan,SEGUIR_RUTA,0.10257359544522117
69.696,nan,nan,nan,SEGUIR_RUTA,0.10165593718630633
69.728,nan,nan,nan,SEGUIR_RUTA,0.1025654964538885
69.76,nan,nan,nan,SEGUIR_RUTA,0.10308428405734016
69.792,nan,nan,nan,SEGUIR_RUTA,0.10296297063965551
69.824,nan,nan,nan,SEGUIR_RUTA,0.10306274482759618
69.856,nan,nan,nan,SEGUIR_RUTA,0.1038274517655384
69.888,nan,nan,nan,SEGUIR_RUTA,0.10243812204092025
69.92,nan,nan,nan,SEGUIR_RUTA,0.10293726332390322
69.952,nan,nan,nan,SEGUIR_RUTA,0.10287386817469989
69.984,nan,nan,nan,SEGUIR_RUTA,0.10303149510742031
70.016,nan,nan,nan,SEGUIR_RUTA,0.10321877981755324
70.048,nan,nan,nan,SEGUIR_RUTA,0.10293613251821979
70.08,nan,nan,nan,SEGUIR_RUTA,0.10187912550520332
70.112,nan,nan,nan,SEGUIR_RUTA,0.10292261513950547
70.144,nan,nan,nan,SEGUIR_RUTA,0.1030220636135691
70.176,nan,nan,nan,SEGUIR_RUTA,0.10273504289796681
70.208,nan,nan,nan,SEGUIR_RUTA,0.10272432282517469
70.24,nan,nan,nan,SEGUIR_RUTA,0.10292822161654007
70.272,nan,nan,nan,SEGUIR_RUTA,0.10251659621148426
70.304,nan,nan,nan,SEGUIR_RUTA,0.1006761991462737
70.336,nan,nan,nan,SEGUIR_RUTA,0.09718302903729688
70.368,nan,nan,nan,SEGUIR_RUTA,0.09351999773122946
70.4,nan,nan,nan,SEGUIR_RUTA,0.09041201663368711
70.432,nan,nan,nan,SEGUIR_RUTA,0.08664251626244743
70.464,nan,nan,nan,SEGUIR_RUTA,0.0830447908896531
70.496,nan,nan,nan,SEGUIR_RUTA,0.08074796310061667
70.528,nan,nan,nan,SEGUIR_RUTA,0.07850237833822044
70.56,nan,nan,nan,SEGUIR_RUTA,0.07548782816261182
70.592,nan,nan,nan,EVADIENDO,0.07346109151303251
70.624,nan,nan,nan,EVADIENDO,0.07346109151303251
70.656,nan,nan,nan,EVADIENDO,0.07346109151303251
70.688,nan,nan,nan,EVADIENDO,0.07346109151303251
70.72,nan,nan,nan,EVADIENDO,0.07346109151303251
70.752,nan,nan,nan,EVADIENDO,0.07346109151303251
70.784,nan,nan,nan,EVADIENDO,0.07346109151303251
70.816,nan,nan,nan,EVADIENDO,0.07346109151303251
70.848,nan,nan,nan,EVADIENDO,0.07346109151303251
70.88,nan,nan,nan,EVADIENDO,0.07346109151303251
70.912,nan,nan,nan,EVADIENDO,0.07346109151303251
70.944,nan,nan,nan,EVADIENDO,0.07346109151303251
70.976,nan,nan,nan,EVADIENDO,0.07346109151303251
71.008,nan,nan,nan,EVADIENDO,0.07346109151303251
71.04,nan,nan,nan,EVADIENDO,0.07346109151303251
71.072,nan,nan,nan,EVADIENDO,0.07346109151303251
71.104,nan,nan,nan,EVADIENDO,0.07346109151303251
71.136,nan,nan,nan,EVADIENDO,0.07346109151303251
71.168,nan,nan,nan,EVADIENDO,0.07346109151303251
71.2,nan,nan,nan,EVADIENDO,0.07346109151303251
71.232,nan,nan,nan,EVADIENDO,0.07346109151303251
71.264,nan,nan,nan,EVADIENDO,0.07346109151303251
71.296,nan,nan,nan,EVADIENDO,0.07346109151303251
71.328,nan,nan,nan,EVADIENDO,0.07346109151303251
71.36,nan,nan,nan,EVADIENDO,0.07346109151303251
71.392,nan,nan,nan,EVADIENDO,0.07346109151303251
71.424,nan,nan,nan,EVADIENDO,0.07346109151303251
71.456,nan,nan,nan,EVADIENDO,0.07346109151303251
71.488,nan,nan,nan,EVADIENDO,0.07346109151303251
71.52,nan,nan,nan,EVADIENDO,0.07346109151303251
71.552,nan,nan,nan,EVADIENDO,0.07346109151303251
71.584,nan,nan,nan,EVADIENDO,0.07346109151303251
71.616,nan,nan,nan,EVADIENDO,0.07346109151303251
71.648,nan,nan,nan,SEGUIR_RUTA,0.07346109151303251
71.68,nan,nan,nan,SEGUIR_RUTA,0.10607905448834407
71.712,nan,nan,nan,SEGUIR_RUTA,0.10616033044383698
71.744,nan,nan,nan,SEGUIR_RUTA,0.10431544599782551
71.776,nan,nan,nan,SEGUIR_RUTA,0.10360102435168192
71.808,nan,nan,nan,SEGUIR_RUTA,0.10257613413329199
71.84,nan,nan,nan,SEGUIR_RUTA,0.1016112387262497
71.872,nan,nan,nan,SEGUIR_RUTA,0.10256432412300155
71.904,nan,nan,nan,SEGUIR_RUTA,0.1030884201308093
71.936,nan,nan,nan,SEGUIR_RUTA,0.10227752103263317
71.968,nan,nan,nan,SEGUIR_RUTA,0.10211613381537432
72.0,nan,nan,nan,SEGUIR_RUTA,0.10226370133511081
72.032,nan,nan,nan,SEGUIR_RUTA,0.10243072014169709
72.06400000000001,nan,nan,nan,SEGUIR_RUTA,0.10286376391581109
72.096,nan,nan,nan,SEGUIR_RUTA,0.10283754020408967
72.128,nan,nan,nan,SEGUIR_RUTA,0.1021364329647497
72.16,nan,nan,nan,SEGUIR_RUTA,0.10213882524339278
72.19200000000001,nan,nan,nan,SEGUIR_RUTA,0.10204762731789134
72.224,nan,nan,nan,SEGUIR_RUTA,0.10267394523842269
72.256,nan,nan,nan,SEGUIR_RUTA,0.1021359685991732
72.288,nan,nan,nan,SEGUIR_RUTA,0.10214662085440095
72.32000000000001,nan,nan,nan,SEGUIR_RUTA,0.1023734370656203
72.352,nan,nan,nan,SEGUIR_RUTA,0.10308136637857644
72.384,nan,nan,nan,SEGUIR_RUTA,0.10319471554066023
72.416,nan,nan,nan,SEGUIR_RUTA,0.10303261053912467
72.44800000000001,nan,nan,nan,SEGUIR_RUTA,0.10264124942560714
72.48,nan,nan,nan,SEGUIR_RUTA,0.10217891723087609
72.512,nan,nan,nan,SEGUIR_RUTA,0.10245218273743914
72.544,nan,nan,nan,SEGUIR_RUTA,0.10188749424565295
72.57600000000001,nan,nan,nan,SEGUIR_RUTA,0.10199379649945597
72.608,nan,nan,nan,SEGUIR_RUTA,0.1032285757521013
72.64,nan,nan,nan,SEGUIR_RUTA,0.1033257811739936
72.672,nan,nan,nan,SEGUIR_RUTA,0.10199710412003501
72.70400000000001,nan,nan,nan,SEGUIR_RUTA,0.10301340040927136
72.736,nan,nan,nan,SEGUIR_RUTA,0.1033967136139801
72.768,nan,nan,nan,SEGUIR_RUTA,0.10277380827063455
72.8,nan,nan,nan,SEGUIR_RUTA,0.10321034767527021
72.83200000000001,nan,nan,nan,SEGUIR_RUTA,0.10360553175168602
72.864,nan,nan,nan,SEGUIR_RUTA,0.10336398888785034
72.896,nan,nan,nan,SEGUIR_RUTA,0.10165699120391151
72.928,nan,nan,nan,SEGUIR_RUTA,0.10175556516309005
72.96000000000001,nan,nan,nan,SEGUIR_RUTA,0.1018839175480183
72.992,nan,nan,nan,SEGUIR_RUTA,0.10327461865449754
73.024,nan,nan,nan,SEGUIR_RUTA,0.10350839218082095
73.056,nan,nan,nan,SEGUIR_RUTA,0.10437112226020948
73.08800000000001,nan,nan,nan,SEGUIR_RUTA,0.10410563366186103
73.12,nan,nan,nan,SEGUIR_RUTA,0.10424388470076613
73.152,nan,nan,nan,SEGUIR_RUTA,0.10316894384349434
73.184,nan,nan,nan,SEGUIR_RUTA,0.10261624155096014
73.21600000000001,nan,nan,nan,SEGUIR_RUTA,0.1033136027160254
73.248,nan,nan,nan,SEGUIR_RUTA,0.10305308743108663
73.28,nan,nan,nan,SEGUIR_RUTA,0.10268782105677621
73.312,nan,nan,nan,SEGUIR_RUTA,0.10335906154395863
73.34400000000001,nan,nan,nan,SEGUIR_RUTA,0.10272798723515279
73.376,nan,nan,nan,SEGUIR_RUTA,0.10155934363714975
73.408,nan,nan,nan,SEGUIR_RUTA,0.10202666459863405
73.44,nan,nan,nan,SEGUIR_RUTA,0.10264287295085105
73.47200000000001,nan,nan,nan,SEGUIR_RUTA,0.10253346838071316
73.504,nan,nan,nan,SEGUIR_RUTA,0.10239595069264315
73.536,nan,nan,nan,SEGUIR_RUTA,0.10226413696577606
73.568,nan,nan,nan,SEGUIR_RUTA,0.10282845496490417
73.60000000000001,nan,nan,nan,SEGUIR_RUTA,0.10225398452868338
73.632,nan,nan,nan,SEGUIR_RUTA,0.10234062920815612
73.664,nan,nan,nan,SEGUIR_RUTA,0.10219719713850284
73.696,nan,nan,nan,SEGUIR_RUTA,0.10223661158121271
73.72800000000001,nan,nan,nan,SEGUIR_RUTA,0.10229203308117066
73.76,nan,nan,nan,SEGUIR_RUTA,0.1024975134091398
73.792,nan,nan,nan,SEGUIR_RUTA,0.10307613183325325
73.824,nan,nan,nan,SEGUIR_RUTA,0.10344160254885242
73.856,nan,nan,nan,SEGUIR_RUTA,0.1034234534657677
73.888,nan,nan,nan,SEGUIR_RUTA,0.10281740811615106
73.92,nan,nan,nan,SEGUIR_RUTA,0.10308613904222892
73.952,nan,nan,nan,SEGUIR_RUTA,0.10305729049200636
73.984,nan,nan,nan,SEGUIR_RUTA,0.10268390699442166
74.016,nan,nan,nan,SEGUIR_RUTA,0.10206656249790466
74.048,nan,nan,nan,SEGUIR_RUTA,0.10236500887273729
74.08,nan,nan,nan,SEGUIR_RUTA,0.10235388873076713
74.112,nan,nan,nan,SEGUIR_RUTA,0.10347927981545549
74.144,nan,nan,nan,SEGUIR_RUTA,0.10374824557434968
74.176,nan,nan,nan,SEGUIR_RUTA,0.10359185141182144
74.208,nan,nan,nan,SEGUIR_RUTA,0.10359823927954616
74.24,nan,nan,nan,SEGUIR_RUTA,0.10324926582565132
74.272,nan,nan,nan,SEGUIR_RUTA,0.10344011949018256
74.304,nan,nan,nan,SEGUIR_RUTA,0.10331008887231623
74.336,nan,nan,nan,SEGUIR_RUTA,0.1036957000436689
74.368,nan,nan,nan,SEGUIR_RUTA,0.10302333393169064
74.4,nan,nan,nan,SEGUIR_RUTA,0.10320816098837532
74.432,nan,nan,nan,SEGUIR_RUTA,0.10346433060772942
74.464,nan,nan,nan,SEGUIR_RUTA,0.10237590185456312
74.496,nan,nan,nan,SEGUIR_RUTA,0.10146859891538519
74.528,nan,nan,nan,SEGUIR_RUTA,0.10197082454580722
74.56,nan,nan,nan,SEGUIR_RUTA,0.10212681753863842
74.592,nan,nan,nan,SEGUIR_RUTA,0.10264543681313584
74.624,nan,nan,nan,SEGUIR_RUTA,0.1030970229642027
74.656,nan,nan,nan,SEGUIR_RUTA,0.10337494539635149
74.688,nan,nan,nan,SEGUIR_RUTA,0.1035379192821427
74.72,nan,nan,nan,SEGUIR_RUTA,0.10328918290253862
